{"type":"furniture","name":"ads_idol_trax","visualizationType":"furniture_animated","logicType":"furniture_sound_machine","spritesheet":"ads_idol_trax_spritesheet.json","dimensions":{"x":1.0,"y":1.0,"z":0.0},"directions":[90,180],"assets":{"ads_idol_trax_icon_a":{"x":9,"y":16},"ads_idol_trax_64_a_4_0":{"source":"ads_idol_trax_64_a_2_0","x":25,"y":78,"flipH":true},"ads_idol_trax_64_a_2_0":{"x":25,"y":78},"ads_idol_trax_64_sd_2_0":{"x":25,"y":11},"ads_idol_trax_64_sd_4_0":{"source":"ads_idol_trax_64_sd_2_0","x":25,"y":11,"flipH":true},"ads_idol_trax_64_b_4_7":{"source":"ads_idol_trax_64_b_2_7","x":-2,"y":60,"flipH":true},"ads_idol_trax_64_b_4_8":{"source":"ads_idol_trax_64_b_2_8","x":-2,"y":60,"flipH":true},"ads_idol_trax_64_b_2_5":{"x":-2,"y":60},"ads_idol_trax_64_b_4_3":{"source":"ads_idol_trax_64_b_2_3","x":-2,"y":60,"flipH":true},"ads_idol_trax_64_b_2_6":{"x":-2,"y":60},"ads_idol_trax_64_b_4_4":{"source":"ads_idol_trax_64_b_2_4","x":-2,"y":60,"flipH":true},"ads_idol_trax_64_b_2_7":{"x":-2,"y":60},"ads_idol_trax_64_b_4_5":{"source":"ads_idol_trax_64_b_2_5","x":-2,"y":60,"flipH":true},"ads_idol_trax_64_b_2_8":{"x":-2,"y":60},"ads_idol_trax_64_b_4_6":{"source":"ads_idol_trax_64_b_2_6","x":-2,"y":60,"flipH":true},"ads_idol_trax_64_b_2_1":{"x":-2,"y":60},"ads_idol_trax_64_b_2_2":{"x":-2,"y":60},"ads_idol_trax_64_b_4_0":{"source":"ads_idol_trax_64_b_2_0","x":-2,"y":60,"flipH":true},"ads_idol_trax_64_b_2_3":{"x":-2,"y":60},"ads_idol_trax_64_b_4_1":{"source":"ads_idol_trax_64_b_2_1","x":-2,"y":60,"flipH":true},"ads_idol_trax_64_b_2_4":{"x":-2,"y":60},"ads_idol_trax_64_b_4_2":{"source":"ads_idol_trax_64_b_2_2","x":-2,"y":60,"flipH":true},"ads_idol_trax_64_b_2_0":{"x":-2,"y":60}},"visualization":{"layerCount":2,"angle":45,"directions":{"2":{},"4":{}},"animations":{"0":{"layers":{"0":{"frameSequences":{"0":{"frames":{"0":{"id":0}}}}},"1":{"frameSequences":{"0":{"frames":{"0":{"id":0}}}}}}},"1":{"layers":{"1":{"loopCount":0,"frameRepeat":2,"frameSequences":{"0":{"frames":{"0":{"id":1},"1":{"id":2},"2":{"id":3},"3":{"id":4},"4":{"id":5},"5":{"id":6},"6":{"id":7},"7":{"id":8}}}}}}}}}}