{"meta":{"app":"FFConverter ~ Joopie","format":"RGBA8888","image":"ads_idol_trax.png","scale":"1.0","size":{"w":256,"h":128},"version":"1.0"},"frames":{"ads_idol_trax_ads_idol_trax_64_b_2_3.png":{"frame":{"x":136,"y":61,"w":15,"h":56},"sourceSize":{"w":15,"h":56},"spriteSourceSize":{"x":0,"y":0,"w":15,"h":56},"rotated":false,"trimmed":false},"ads_idol_trax_ads_idol_trax_64_b_2_8.png":{"frame":{"x":68,"y":61,"w":15,"h":56},"sourceSize":{"w":15,"h":56},"spriteSourceSize":{"x":0,"y":0,"w":15,"h":56},"rotated":false,"trimmed":false},"ads_idol_trax_ads_idol_trax_64_sd_2_0.png":{"frame":{"x":2,"y":2,"w":46,"h":24},"sourceSize":{"w":46,"h":24},"spriteSourceSize":{"x":0,"y":0,"w":46,"h":24},"rotated":false,"trimmed":false},"ads_idol_trax_ads_idol_trax_64_b_2_7.png":{"frame":{"x":51,"y":61,"w":15,"h":56},"sourceSize":{"w":15,"h":56},"spriteSourceSize":{"x":0,"y":0,"w":15,"h":56},"rotated":false,"trimmed":false},"ads_idol_trax_ads_idol_trax_icon_a.png":{"frame":{"x":204,"y":85,"w":18,"h":32},"sourceSize":{"w":18,"h":32},"spriteSourceSize":{"x":0,"y":0,"w":18,"h":32},"rotated":false,"trimmed":false},"ads_idol_trax_ads_idol_trax_64_b_2_0.png":{"frame":{"x":187,"y":61,"w":15,"h":56},"sourceSize":{"w":15,"h":56},"spriteSourceSize":{"x":0,"y":0,"w":15,"h":56},"rotated":false,"trimmed":false},"ads_idol_trax_ads_idol_trax_64_b_2_5.png":{"frame":{"x":102,"y":61,"w":15,"h":56},"sourceSize":{"w":15,"h":56},"spriteSourceSize":{"x":0,"y":0,"w":15,"h":56},"rotated":false,"trimmed":false},"ads_idol_trax_ads_idol_trax_64_a_2_0.png":{"frame":{"x":2,"y":28,"w":47,"h":89},"sourceSize":{"w":47,"h":89},"spriteSourceSize":{"x":0,"y":0,"w":47,"h":89},"rotated":false,"trimmed":false},"ads_idol_trax_ads_idol_trax_64_b_2_6.png":{"frame":{"x":85,"y":61,"w":15,"h":56},"sourceSize":{"w":15,"h":56},"spriteSourceSize":{"x":0,"y":0,"w":15,"h":56},"rotated":false,"trimmed":false},"ads_idol_trax_ads_idol_trax_64_b_2_4.png":{"frame":{"x":119,"y":61,"w":15,"h":56},"sourceSize":{"w":15,"h":56},"spriteSourceSize":{"x":0,"y":0,"w":15,"h":56},"rotated":false,"trimmed":false},"ads_idol_trax_ads_idol_trax_64_b_2_1.png":{"frame":{"x":170,"y":61,"w":15,"h":56},"sourceSize":{"w":15,"h":56},"spriteSourceSize":{"x":0,"y":0,"w":15,"h":56},"rotated":false,"trimmed":false},"ads_idol_trax_ads_idol_trax_64_b_2_2.png":{"frame":{"x":153,"y":61,"w":15,"h":56},"sourceSize":{"w":15,"h":56},"spriteSourceSize":{"x":0,"y":0,"w":15,"h":56},"rotated":false,"trimmed":false}}}