{"meta":{"app":"FFConverter ~ Joopie","format":"RGBA8888","image":"ads_idol_ch.png","scale":"1.0","size":{"w":64,"h":256},"version":"1.0"},"frames":{"ads_idol_ch_ads_idol_ch_64_c_0_0.png":{"frame":{"x":2,"y":140,"w":31,"h":50},"sourceSize":{"w":31,"h":50},"spriteSourceSize":{"x":0,"y":0,"w":31,"h":50},"rotated":false,"trimmed":false},"ads_idol_ch_ads_idol_ch_64_a_2_0.png":{"frame":{"x":2,"y":102,"w":42,"h":36},"sourceSize":{"w":42,"h":36},"spriteSourceSize":{"x":0,"y":0,"w":42,"h":36},"rotated":false,"trimmed":false},"ads_idol_ch_ads_idol_ch_64_a_0_0.png":{"frame":{"x":2,"y":64,"w":42,"h":36},"sourceSize":{"w":42,"h":36},"spriteSourceSize":{"x":0,"y":0,"w":42,"h":36},"rotated":false,"trimmed":false},"ads_idol_ch_ads_idol_ch_64_c_2_0.png":{"frame":{"x":35,"y":189,"w":1,"h":1},"sourceSize":{"w":1,"h":1},"spriteSourceSize":{"x":0,"y":0,"w":1,"h":1},"rotated":false,"trimmed":false},"ads_idol_ch_ads_idol_ch_64_b_0_0.png":{"frame":{"x":2,"y":34,"w":49,"h":28},"sourceSize":{"w":49,"h":28},"spriteSourceSize":{"x":0,"y":0,"w":49,"h":28},"rotated":false,"trimmed":false},"ads_idol_ch_ads_idol_ch_64_b_2_0.png":{"frame":{"x":2,"y":192,"w":51,"h":62},"sourceSize":{"w":51,"h":62},"spriteSourceSize":{"x":0,"y":0,"w":51,"h":62},"rotated":false,"trimmed":false},"ads_idol_ch_ads_idol_ch_icon_a.png":{"frame":{"x":2,"y":2,"w":17,"h":30},"sourceSize":{"w":17,"h":30},"spriteSourceSize":{"x":0,"y":0,"w":17,"h":30},"rotated":false,"trimmed":false},"ads_idol_ch_ads_idol_ch_64_sd_0_0.png":{"frame":{"x":21,"y":12,"w":38,"h":20},"sourceSize":{"w":38,"h":20},"spriteSourceSize":{"x":0,"y":0,"w":38,"h":20},"rotated":false,"trimmed":false}}}