{"type":"furniture","name":"ads_idol_ch","visualizationType":"furniture_static","logicType":"furniture_basic","spritesheet":"ads_idol_ch_spritesheet.json","dimensions":{"x":1.0,"y":1.0,"z":1.3},"directions":[0,90,180,270],"assets":{"ads_idol_ch_64_a_4_0":{"source":"ads_idol_ch_64_a_2_0","x":21,"y":23,"flipH":true},"ads_idol_ch_64_sd_4_0":{"source":"ads_idol_ch_64_sd_0_0","x":19,"y":8},"ads_idol_ch_64_a_6_0":{"source":"ads_idol_ch_64_a_0_0","x":20,"y":23,"flipH":true},"ads_idol_ch_64_c_0_0":{"x":25,"y":63},"ads_idol_ch_64_sd_2_0":{"source":"ads_idol_ch_64_sd_0_0","x":19,"y":8},"ads_idol_ch_64_sd_0_0":{"x":19,"y":8},"ads_idol_ch_64_c_6_0":{"source":"ads_idol_ch_64_c_0_0","x":25,"y":63,"flipH":true},"ads_idol_ch_64_a_0_0":{"x":20,"y":23},"ads_idol_ch_64_c_2_0":{"x":25,"y":57},"ads_idol_ch_64_a_2_0":{"x":21,"y":23},"ads_idol_ch_64_c_4_0":{"source":"ads_idol_ch_64_c_2_0","x":25,"y":57,"flipH":true},"ads_idol_ch_icon_a":{"x":9,"y":16},"ads_idol_ch_64_sd_6_0":{"source":"ads_idol_ch_64_sd_0_0","x":19,"y":8},"ads_idol_ch_64_b_2_0":{"x":25,"y":69},"ads_idol_ch_64_b_0_0":{"x":23,"y":36},"ads_idol_ch_64_b_6_0":{"source":"ads_idol_ch_64_b_0_0","x":23,"y":36,"flipH":true},"ads_idol_ch_64_b_4_0":{"source":"ads_idol_ch_64_b_2_0","x":25,"y":69,"flipH":true}},"visualization":{"layerCount":3,"angle":45,"directions":{"0":{"layers":{"2":{"z":600.0}}},"2":{"layers":{"0":{"z":-60.0},"1":{"z":-31.0}}},"4":{"layers":{"0":{"z":-60.0},"1":{"z":-31.0}}},"6":{"layers":{"2":{"z":600.0}}}}}}