{"meta":{"app":"FFConverter ~ Joopie","format":"RGBA8888","image":"ads_idol_floor2.png","scale":"1.0","size":{"w":1024,"h":128},"version":"1.0"},"frames":{"ads_idol_floor2_ads_idol_floor2_64_e_0_2.png":{"frame":{"x":335,"y":2,"w":72,"h":61},"sourceSize":{"w":72,"h":61},"spriteSourceSize":{"x":0,"y":0,"w":72,"h":61},"rotated":false,"trimmed":false},"ads_idol_floor2_ads_idol_floor2_64_b_2_0.png":{"frame":{"x":755,"y":94,"w":126,"h":32},"sourceSize":{"w":126,"h":32},"spriteSourceSize":{"x":0,"y":0,"w":126,"h":32},"rotated":false,"trimmed":false},"ads_idol_floor2_ads_idol_floor2_64_e_0_0.png":{"frame":{"x":409,"y":26,"w":72,"h":61},"sourceSize":{"w":72,"h":61},"spriteSourceSize":{"x":0,"y":0,"w":72,"h":61},"rotated":false,"trimmed":false},"ads_idol_floor2_ads_idol_floor2_64_d_2_0.png":{"frame":{"x":260,"y":65,"w":121,"h":61},"sourceSize":{"w":121,"h":61},"spriteSourceSize":{"x":0,"y":0,"w":121,"h":61},"rotated":false,"trimmed":false},"ads_idol_floor2_ads_idol_floor2_64_e_0_3.png":{"frame":{"x":260,"y":2,"w":73,"h":61},"sourceSize":{"w":73,"h":61},"spriteSourceSize":{"x":0,"y":0,"w":73,"h":61},"rotated":false,"trimmed":false},"ads_idol_floor2_ads_idol_floor2_64_e_2_2.png":{"frame":{"x":2,"y":20,"w":122,"h":37},"sourceSize":{"w":122,"h":37},"spriteSourceSize":{"x":0,"y":0,"w":122,"h":37},"rotated":false,"trimmed":false},"ads_idol_floor2_ads_idol_floor2_64_c_2_0.png":{"frame":{"x":132,"y":63,"w":126,"h":63},"sourceSize":{"w":126,"h":63},"spriteSourceSize":{"x":0,"y":0,"w":126,"h":63},"rotated":false,"trimmed":false},"ads_idol_floor2_ads_idol_floor2_64_e_2_3.png":{"frame":{"x":383,"y":89,"w":122,"h":37},"sourceSize":{"w":122,"h":37},"spriteSourceSize":{"x":0,"y":0,"w":122,"h":37},"rotated":false,"trimmed":false},"ads_idol_floor2_ads_idol_floor2_64_e_2_0.png":{"frame":{"x":507,"y":89,"w":122,"h":37},"sourceSize":{"w":122,"h":37},"spriteSourceSize":{"x":0,"y":0,"w":122,"h":37},"rotated":false,"trimmed":false},"ads_idol_floor2_ads_idol_floor2_64_e_0_1.png":{"frame":{"x":483,"y":26,"w":72,"h":61},"sourceSize":{"w":72,"h":61},"spriteSourceSize":{"x":0,"y":0,"w":72,"h":61},"rotated":false,"trimmed":false},"ads_idol_floor2_ads_idol_floor2_64_e_2_1.png":{"frame":{"x":631,"y":89,"w":122,"h":37},"sourceSize":{"w":122,"h":37},"spriteSourceSize":{"x":0,"y":0,"w":122,"h":37},"rotated":false,"trimmed":false},"ads_idol_floor2_ads_idol_floor2_icon_a.png":{"frame":{"x":883,"y":109,"w":29,"h":17},"sourceSize":{"w":29,"h":17},"spriteSourceSize":{"x":0,"y":0,"w":29,"h":17},"rotated":false,"trimmed":false},"ads_idol_floor2_ads_idol_floor2_64_a_2_0.png":{"frame":{"x":2,"y":59,"w":128,"h":67},"sourceSize":{"w":128,"h":67},"spriteSourceSize":{"x":0,"y":0,"w":128,"h":67},"rotated":false,"trimmed":false}}}