{"type":"furniture","name":"ads_idol_tv","visualizationType":"furniture_animated","logicType":"furniture_multistate","spritesheet":"ads_idol_tv_spritesheet.json","dimensions":{"x":-3.7813,"y":0.2,"z":-1.625},"directions":[90,180],"assets":{"ads_idol_tv_64_b_2_0":{"x":70,"y":66},"ads_idol_tv_64_b_4_0":{"x":60,"y":68},"ads_idol_tv_64_a_2_7":{"x":77,"y":44},"ads_idol_tv_64_a_4_5":{"x":45,"y":46},"ads_idol_tv_64_a_4_6":{"x":45,"y":46},"ads_idol_tv_icon_a":{"x":14,"y":12},"ads_idol_tv_64_a_4_7":{"x":45,"y":46},"ads_idol_tv_64_a_2_3":{"x":77,"y":44},"ads_idol_tv_64_a_4_1":{"x":60,"y":46},"ads_idol_tv_64_a_2_4":{"x":77,"y":44},"ads_idol_tv_64_a_4_2":{"x":45,"y":46},"ads_idol_tv_64_a_2_5":{"x":77,"y":44},"ads_idol_tv_64_a_4_3":{"x":45,"y":46},"ads_idol_tv_64_a_2_6":{"x":77,"y":44},"ads_idol_tv_64_c_2_0":{"x":78,"y":60},"ads_idol_tv_64_a_4_4":{"x":45,"y":46},"ads_idol_tv_64_a_2_0":{"x":77,"y":-16},"ads_idol_tv_64_c_4_0":{"x":51,"y":62},"ads_idol_tv_64_a_2_1":{"x":77,"y":44},"ads_idol_tv_64_a_2_2":{"x":77,"y":44},"ads_idol_tv_64_a_4_0":{"x":60,"y":-14}},"visualization":{"layerCount":3,"angle":45,"layers":{"0":{"z":-2990.0},"1":{"z":-2995.0},"2":{"alpha":41,"z":-3000.0}},"directions":{"2":{},"4":{}},"animations":{"0":{"layers":{"0":{"frameSequences":{"0":{"frames":{"0":{"id":0}}}}},"1":{"frameSequences":{"0":{"frames":{"0":{"id":0}}}}},"2":{"frameSequences":{"0":{"frames":{"0":{"id":0}}}}}}},"1":{"layers":{"0":{"loopCount":0,"frameRepeat":2,"frameSequences":{"0":{"frames":{"0":{"id":1},"1":{"id":2},"2":{"id":3},"3":{"id":1},"4":{"id":2},"5":{"id":3},"6":{"id":1},"7":{"id":2},"8":{"id":3},"9":{"id":1},"10":{"id":2},"11":{"id":3},"12":{"id":1},"13":{"id":2},"14":{"id":3},"15":{"id":1},"16":{"id":2},"17":{"id":3},"18":{"id":1},"19":{"id":2},"20":{"id":3},"21":{"id":1},"22":{"id":2},"23":{"id":3},"24":{"id":1},"25":{"id":2},"26":{"id":3},"27":{"id":1},"28":{"id":2},"29":{"id":3},"30":{"id":4},"31":{"id":5},"32":{"id":6},"33":{"id":7},"34":{"id":7},"35":{"id":7},"36":{"id":7},"37":{"id":7},"38":{"id":7},"39":{"id":7},"40":{"id":7},"41":{"id":7},"42":{"id":7},"43":{"id":7},"44":{"id":7},"45":{"id":7},"46":{"id":7},"47":{"id":7},"48":{"id":7},"49":{"id":7},"50":{"id":7},"51":{"id":7},"52":{"id":7},"53":{"id":7},"54":{"id":7},"55":{"id":7},"56":{"id":7},"57":{"id":7},"58":{"id":7},"59":{"id":7},"60":{"id":7},"61":{"id":7},"62":{"id":7},"63":{"id":7},"64":{"id":7},"65":{"id":7},"66":{"id":7},"67":{"id":7},"68":{"id":7},"69":{"id":7},"70":{"id":7},"71":{"id":7},"72":{"id":7},"73":{"id":7},"74":{"id":6},"75":{"id":5},"76":{"id":4}}}}}}}}}}