{"meta":{"app":"FFConverter ~ Joopie","format":"RGBA8888","image":"ads_idol_tv.png","scale":"1.0","size":{"w":2048,"h":256},"version":"1.0"},"frames":{"ads_idol_tv_ads_idol_tv_64_a_2_7.png":{"frame":{"x":343,"y":9,"w":107,"h":106},"sourceSize":{"w":107,"h":106},"spriteSourceSize":{"x":0,"y":0,"w":107,"h":106},"rotated":false,"trimmed":false},"ads_idol_tv_ads_idol_tv_64_a_2_2.png":{"frame":{"x":584,"y":146,"w":107,"h":106},"sourceSize":{"w":107,"h":106},"spriteSourceSize":{"x":0,"y":0,"w":107,"h":106},"rotated":false,"trimmed":false},"ads_idol_tv_ads_idol_tv_64_a_4_1.png":{"frame":{"x":2,"y":2,"w":121,"h":113},"sourceSize":{"w":121,"h":113},"spriteSourceSize":{"x":0,"y":0,"w":121,"h":113},"rotated":false,"trimmed":false},"ads_idol_tv_ads_idol_tv_64_a_2_0.png":{"frame":{"x":1559,"y":199,"w":122,"h":53},"sourceSize":{"w":122,"h":53},"spriteSourceSize":{"x":0,"y":0,"w":122,"h":53},"rotated":false,"trimmed":false},"ads_idol_tv_ads_idol_tv_64_a_4_3.png":{"frame":{"x":1019,"y":157,"w":106,"h":95},"sourceSize":{"w":106,"h":95},"spriteSourceSize":{"x":0,"y":0,"w":106,"h":95},"rotated":false,"trimmed":false},"ads_idol_tv_ads_idol_tv_64_a_2_4.png":{"frame":{"x":693,"y":146,"w":107,"h":106},"sourceSize":{"w":107,"h":106},"spriteSourceSize":{"x":0,"y":0,"w":107,"h":106},"rotated":false,"trimmed":false},"ads_idol_tv_ads_idol_tv_64_a_2_6.png":{"frame":{"x":802,"y":146,"w":107,"h":106},"sourceSize":{"w":107,"h":106},"spriteSourceSize":{"x":0,"y":0,"w":107,"h":106},"rotated":false,"trimmed":false},"ads_idol_tv_ads_idol_tv_64_c_4_0.png":{"frame":{"x":243,"y":117,"w":114,"h":135},"sourceSize":{"w":114,"h":135},"spriteSourceSize":{"x":0,"y":0,"w":114,"h":135},"rotated":false,"trimmed":false},"ads_idol_tv_ads_idol_tv_64_a_4_7.png":{"frame":{"x":1451,"y":157,"w":106,"h":95},"sourceSize":{"w":106,"h":95},"spriteSourceSize":{"x":0,"y":0,"w":106,"h":95},"rotated":false,"trimmed":false},"ads_idol_tv_ads_idol_tv_64_a_4_5.png":{"frame":{"x":1235,"y":157,"w":106,"h":95},"sourceSize":{"w":106,"h":95},"spriteSourceSize":{"x":0,"y":0,"w":106,"h":95},"rotated":false,"trimmed":false},"ads_idol_tv_ads_idol_tv_64_a_4_0.png":{"frame":{"x":1683,"y":199,"w":121,"h":53},"sourceSize":{"w":121,"h":53},"spriteSourceSize":{"x":0,"y":0,"w":121,"h":53},"rotated":false,"trimmed":false},"ads_idol_tv_ads_idol_tv_64_b_4_0.png":{"frame":{"x":2,"y":117,"w":122,"h":135},"sourceSize":{"w":122,"h":135},"spriteSourceSize":{"x":0,"y":0,"w":122,"h":135},"rotated":false,"trimmed":false},"ads_idol_tv_ads_idol_tv_64_a_2_3.png":{"frame":{"x":125,"y":9,"w":107,"h":106},"sourceSize":{"w":107,"h":106},"spriteSourceSize":{"x":0,"y":0,"w":107,"h":106},"rotated":false,"trimmed":false},"ads_idol_tv_ads_idol_tv_64_a_2_1.png":{"frame":{"x":475,"y":146,"w":107,"h":106},"sourceSize":{"w":107,"h":106},"spriteSourceSize":{"x":0,"y":0,"w":107,"h":106},"rotated":false,"trimmed":false},"ads_idol_tv_ads_idol_tv_64_b_2_0.png":{"frame":{"x":126,"y":117,"w":115,"h":135},"sourceSize":{"w":115,"h":135},"spriteSourceSize":{"x":0,"y":0,"w":115,"h":135},"rotated":false,"trimmed":false},"ads_idol_tv_ads_idol_tv_64_a_2_5.png":{"frame":{"x":234,"y":9,"w":107,"h":106},"sourceSize":{"w":107,"h":106},"spriteSourceSize":{"x":0,"y":0,"w":107,"h":106},"rotated":false,"trimmed":false},"ads_idol_tv_ads_idol_tv_icon_a.png":{"frame":{"x":1559,"y":167,"w":28,"h":30},"sourceSize":{"w":28,"h":30},"spriteSourceSize":{"x":0,"y":0,"w":28,"h":30},"rotated":false,"trimmed":false},"ads_idol_tv_ads_idol_tv_64_a_4_2.png":{"frame":{"x":911,"y":157,"w":106,"h":95},"sourceSize":{"w":106,"h":95},"spriteSourceSize":{"x":0,"y":0,"w":106,"h":95},"rotated":false,"trimmed":false},"ads_idol_tv_ads_idol_tv_64_a_4_4.png":{"frame":{"x":1127,"y":157,"w":106,"h":95},"sourceSize":{"w":106,"h":95},"spriteSourceSize":{"x":0,"y":0,"w":106,"h":95},"rotated":false,"trimmed":false},"ads_idol_tv_ads_idol_tv_64_c_2_0.png":{"frame":{"x":359,"y":117,"w":114,"h":135},"sourceSize":{"w":114,"h":135},"spriteSourceSize":{"x":0,"y":0,"w":114,"h":135},"rotated":false,"trimmed":false},"ads_idol_tv_ads_idol_tv_64_a_4_6.png":{"frame":{"x":1343,"y":157,"w":106,"h":95},"sourceSize":{"w":106,"h":95},"spriteSourceSize":{"x":0,"y":0,"w":106,"h":95},"rotated":false,"trimmed":false}}}