{"meta":{"app":"FFConverter ~ Joopie","format":"RGBA8888","image":"ads_spiderman_trophy.png","scale":"1.0","size":{"w":128,"h":256},"version":"1.0"},"frames":{"ads_spiderman_trophy_ads_spiderman_trophy_64_a_2_0.png":{"frame":{"x":2,"y":2,"w":56,"h":125},"sourceSize":{"w":56,"h":125},"spriteSourceSize":{"x":0,"y":0,"w":56,"h":125},"rotated":false,"trimmed":false},"ads_spiderman_trophy_ads_spiderman_trophy_64_a_4_0.png":{"frame":{"x":2,"y":129,"w":56,"h":125},"sourceSize":{"w":56,"h":125},"spriteSourceSize":{"x":0,"y":0,"w":56,"h":125},"rotated":false,"trimmed":false},"ads_spiderman_trophy_ads_spiderman_trophy_icon_a.png":{"frame":{"x":60,"y":224,"w":22,"h":30},"sourceSize":{"w":22,"h":30},"spriteSourceSize":{"x":0,"y":0,"w":22,"h":30},"rotated":false,"trimmed":false}}}