{"meta":{"app":"FFConverter ~ Joopie","format":"RGBA8888","image":"anc_talltree.png","scale":"1.0","size":{"w":512,"h":512},"version":"1.0"},"frames":{"anc_talltree_anc_talltree_64_c_2_0.png":{"frame":{"x":2,"y":2,"w":322,"h":484},"sourceSize":{"w":322,"h":484},"spriteSourceSize":{"x":0,"y":0,"w":322,"h":484},"rotated":false,"trimmed":false},"anc_talltree_anc_talltree_64_a_2_0.png":{"frame":{"x":391,"y":437,"w":103,"h":49},"sourceSize":{"w":103,"h":49},"spriteSourceSize":{"x":0,"y":0,"w":103,"h":49},"rotated":false,"trimmed":false},"anc_talltree_anc_talltree_64_b_2_0.png":{"frame":{"x":326,"y":352,"w":63,"h":134},"sourceSize":{"w":63,"h":134},"spriteSourceSize":{"x":0,"y":0,"w":63,"h":134},"rotated":false,"trimmed":false},"anc_talltree_anc_talltree_icon_a.png":{"frame":{"x":326,"y":319,"w":18,"h":31},"sourceSize":{"w":18,"h":31},"spriteSourceSize":{"x":0,"y":0,"w":18,"h":31},"rotated":false,"trimmed":false}}}