{"type":"furniture","name":"anc_talltree","visualizationType":"furniture_static","logicType":"furniture_basic","spritesheet":"anc_talltree_spritesheet.json","dimensions":{"x":2.0,"y":2.0,"z":1.0},"directions":[90,180],"assets":{"anc_talltree_64_a_2_0":{"x":53,"y":22},"anc_talltree_icon_a":{"x":9,"y":15},"anc_talltree_64_b_4_0":{"source":"anc_talltree_64_b_2_0","x":32,"y":92,"flipH":true},"anc_talltree_64_c_2_0":{"x":171,"y":576},"anc_talltree_64_b_2_0":{"x":32,"y":92},"anc_talltree_64_c_4_0":{"source":"anc_talltree_64_c_2_0","x":171,"y":576,"flipH":true},"anc_talltree_64_a_4_0":{"source":"anc_talltree_64_a_2_0","x":53,"y":22,"flipH":true}},"visualization":{"layerCount":3,"angle":45,"layers":{"0":{},"1":{"z":1000.0},"2":{"z":2000.0,"ignoreMouse":true}},"directions":{"2":{},"4":{}}}}