{"meta":{"app":"FFConverter ~ Joopie","format":"RGBA8888","image":"ads_dfrisss.png","scale":"1.0","size":{"w":512,"h":128},"version":"1.0"},"frames":{"ads_dfrisss_ads_dfrisss_64_a_4_1.png":{"frame":{"x":182,"y":2,"w":58,"h":123},"sourceSize":{"w":58,"h":123},"spriteSourceSize":{"x":0,"y":0,"w":58,"h":123},"rotated":false,"trimmed":false},"ads_dfrisss_ads_dfrisss_64_sd_2_0.png":{"frame":{"x":242,"y":107,"w":62,"h":18},"sourceSize":{"w":62,"h":18},"spriteSourceSize":{"x":0,"y":0,"w":62,"h":18},"rotated":false,"trimmed":false},"ads_dfrisss_ads_dfrisss_64_a_4_0.png":{"frame":{"x":122,"y":2,"w":58,"h":123},"sourceSize":{"w":58,"h":123},"spriteSourceSize":{"x":0,"y":0,"w":58,"h":123},"rotated":false,"trimmed":false},"ads_dfrisss_ads_dfrisss_64_a_2_1.png":{"frame":{"x":62,"y":2,"w":58,"h":123},"sourceSize":{"w":58,"h":123},"spriteSourceSize":{"x":0,"y":0,"w":58,"h":123},"rotated":false,"trimmed":false},"ads_dfrisss_ads_dfrisss_64_a_2_0.png":{"frame":{"x":2,"y":2,"w":58,"h":123},"sourceSize":{"w":58,"h":123},"spriteSourceSize":{"x":0,"y":0,"w":58,"h":123},"rotated":false,"trimmed":false},"ads_dfrisss_ads_dfrisss_icon_a.png":{"frame":{"x":242,"y":75,"w":26,"h":30},"sourceSize":{"w":26,"h":30},"spriteSourceSize":{"x":0,"y":0,"w":26,"h":30},"rotated":false,"trimmed":false}}}