{"type":"furniture","name":"ads_dfrisss","visualizationType":"furniture_animated","logicType":"furniture_multistate","spritesheet":"ads_dfrisss_spritesheet.json","dimensions":{"x":1.0,"y":1.0,"z":1.0},"directions":[90,180],"assets":{"ads_dfrisss_64_a_4_0":{"x":29,"y":110},"ads_dfrisss_64_a_4_1":{"x":29,"y":110},"ads_dfrisss_64_a_2_0":{"x":29,"y":110},"ads_dfrisss_64_a_2_1":{"x":29,"y":110},"ads_dfrisss_icon_a":{"x":11,"y":14},"ads_dfrisss_64_sd_4_0":{"source":"ads_dfrisss_64_sd_2_0","x":31,"y":2},"ads_dfrisss_64_sd_2_0":{"x":31,"y":2}},"visualization":{"layerCount":1,"angle":45,"directions":{"2":{},"4":{}},"animations":{"0":{"layers":{"0":{"frameSequences":{"0":{"frames":{"0":{"id":0}}}}}}},"1":{"layers":{"0":{"frameSequences":{"0":{"frames":{"0":{"id":1}}}}}}}}}}