{"type":"furniture","name":"ads_idol_trophy","visualizationType":"furniture_static","logicType":"furniture_basic","spritesheet":"ads_idol_trophy_spritesheet.json","dimensions":{"x":1.0,"y":1.0,"z":3.5},"directions":[0,270],"assets":{"ads_idol_trophy_64_c_6_0":{"source":"ads_idol_trophy_64_c_0_0","x":23,"y":98,"flipH":true},"ads_idol_trophy_64_b_6_0":{"source":"ads_idol_trophy_64_b_0_0","x":-8,"y":58,"flipH":true},"ads_idol_trophy_64_a_6_0":{"source":"ads_idol_trophy_64_a_0_0","x":22,"y":97,"flipH":true},"ads_idol_trophy_64_c_0_0":{"x":23,"y":98},"ads_idol_trophy_64_a_0_0":{"x":22,"y":97},"ads_idol_trophy_icon_a":{"x":15,"y":15},"ads_idol_trophy_64_b_0_0":{"x":-8,"y":58}},"visualization":{"layerCount":3,"angle":45,"layers":{"2":{"z":5.0,"ink":"ADD"}},"directions":{"0":{},"6":{}}}}