{"meta":{"app":"FFConverter ~ Joopie","format":"RGBA8888","image":"ads_idol_trophy.png","scale":"1.0","size":{"w":256,"h":128},"version":"1.0"},"frames":{"ads_idol_trophy_ads_idol_trophy_64_b_0_0.png":{"frame":{"x":2,"y":2,"w":3,"h":1},"sourceSize":{"w":3,"h":1},"spriteSourceSize":{"x":0,"y":0,"w":3,"h":1},"rotated":false,"trimmed":false},"ads_idol_trophy_ads_idol_trophy_icon_a.png":{"frame":{"x":126,"y":85,"w":30,"h":30},"sourceSize":{"w":30,"h":30},"spriteSourceSize":{"x":0,"y":0,"w":30,"h":30},"rotated":false,"trimmed":false},"ads_idol_trophy_ads_idol_trophy_64_a_0_0.png":{"frame":{"x":2,"y":5,"w":59,"h":110},"sourceSize":{"w":59,"h":110},"spriteSourceSize":{"x":0,"y":0,"w":59,"h":110},"rotated":false,"trimmed":false},"ads_idol_trophy_ads_idol_trophy_64_c_0_0.png":{"frame":{"x":63,"y":8,"w":61,"h":107},"sourceSize":{"w":61,"h":107},"spriteSourceSize":{"x":0,"y":0,"w":61,"h":107},"rotated":false,"trimmed":false}}}