{"meta":{"app":"FFConverter ~ Joopie","format":"RGBA8888","image":"america_r17_armadillo.png","scale":"1.0","size":{"w":256,"h":256},"version":"1.0"},"frames":{"america_r17_armadillo_america_r17_armadillo_64_b_4_13.png":{"frame":{"x":2,"y":38,"w":53,"h":38},"sourceSize":{"w":53,"h":38},"spriteSourceSize":{"x":0,"y":0,"w":53,"h":38},"rotated":false,"trimmed":false},"america_r17_armadillo_america_r17_armadillo_64_b_4_11.png":{"frame":{"x":2,"y":160,"w":56,"h":40},"sourceSize":{"w":56,"h":40},"spriteSourceSize":{"x":0,"y":0,"w":56,"h":40},"rotated":false,"trimmed":false},"america_r17_armadillo_america_r17_armadillo_64_b_4_1.png":{"frame":{"x":118,"y":175,"w":57,"h":38},"sourceSize":{"w":57,"h":38},"spriteSourceSize":{"x":0,"y":0,"w":57,"h":38},"rotated":false,"trimmed":false},"america_r17_armadillo_america_r17_armadillo_64_b_4_6.png":{"frame":{"x":60,"y":92,"w":56,"h":38},"sourceSize":{"w":56,"h":38},"spriteSourceSize":{"x":0,"y":0,"w":56,"h":38},"rotated":false,"trimmed":false},"america_r17_armadillo_america_r17_armadillo_64_b_4_4.png":{"frame":{"x":60,"y":215,"w":60,"h":38},"sourceSize":{"w":60,"h":38},"spriteSourceSize":{"x":0,"y":0,"w":60,"h":38},"rotated":false,"trimmed":false},"america_r17_armadillo_america_r17_armadillo_64_b_4_10.png":{"frame":{"x":60,"y":173,"w":56,"h":40},"sourceSize":{"w":56,"h":40},"spriteSourceSize":{"x":0,"y":0,"w":56,"h":40},"rotated":false,"trimmed":false},"america_r17_armadillo_america_r17_armadillo_64_b_4_8.png":{"frame":{"x":60,"y":132,"w":56,"h":39},"sourceSize":{"w":56,"h":39},"spriteSourceSize":{"x":0,"y":0,"w":56,"h":39},"rotated":false,"trimmed":false},"america_r17_armadillo_america_r17_armadillo_64_b_4_14.png":{"frame":{"x":176,"y":137,"w":51,"h":36},"sourceSize":{"w":51,"h":36},"spriteSourceSize":{"x":0,"y":0,"w":51,"h":36},"rotated":false,"trimmed":false},"america_r17_armadillo_america_r17_armadillo_icon_a.png":{"frame":{"x":142,"y":71,"w":30,"h":21},"sourceSize":{"w":30,"h":21},"spriteSourceSize":{"x":0,"y":0,"w":30,"h":21},"rotated":false,"trimmed":false},"america_r17_armadillo_america_r17_armadillo_64_b_4_16.png":{"frame":{"x":57,"y":22,"w":37,"h":34},"sourceSize":{"w":37,"h":34},"spriteSourceSize":{"x":0,"y":0,"w":37,"h":34},"rotated":false,"trimmed":false},"america_r17_armadillo_america_r17_armadillo_64_b_4_5.png":{"frame":{"x":118,"y":135,"w":56,"h":38},"sourceSize":{"w":56,"h":38},"spriteSourceSize":{"x":0,"y":0,"w":56,"h":38},"rotated":false,"trimmed":false},"america_r17_armadillo_america_r17_armadillo_64_b_4_0.png":{"frame":{"x":177,"y":175,"w":57,"h":38},"sourceSize":{"w":57,"h":38},"spriteSourceSize":{"x":0,"y":0,"w":57,"h":38},"rotated":false,"trimmed":false},"america_r17_armadillo_america_r17_armadillo_64_b_4_12.png":{"frame":{"x":118,"y":94,"w":51,"h":39},"sourceSize":{"w":51,"h":39},"spriteSourceSize":{"x":0,"y":0,"w":51,"h":39},"rotated":false,"trimmed":false},"america_r17_armadillo_america_r17_armadillo_64_a_4_0.png":{"frame":{"x":2,"y":202,"w":56,"h":51},"sourceSize":{"w":56,"h":51},"spriteSourceSize":{"x":0,"y":0,"w":56,"h":51},"rotated":false,"trimmed":false},"america_r17_armadillo_america_r17_armadillo_64_b_4_3.png":{"frame":{"x":122,"y":215,"w":59,"h":38},"sourceSize":{"w":59,"h":38},"spriteSourceSize":{"x":0,"y":0,"w":59,"h":38},"rotated":false,"trimmed":false},"america_r17_armadillo_america_r17_armadillo_64_b_4_2.png":{"frame":{"x":183,"y":215,"w":57,"h":38},"sourceSize":{"w":57,"h":38},"spriteSourceSize":{"x":0,"y":0,"w":57,"h":38},"rotated":false,"trimmed":false},"america_r17_armadillo_america_r17_armadillo_64_b_4_15.png":{"frame":{"x":2,"y":2,"w":46,"h":34},"sourceSize":{"w":46,"h":34},"spriteSourceSize":{"x":0,"y":0,"w":46,"h":34},"rotated":false,"trimmed":false},"america_r17_armadillo_america_r17_armadillo_64_b_4_7.png":{"frame":{"x":2,"y":78,"w":56,"h":38},"sourceSize":{"w":56,"h":38},"spriteSourceSize":{"x":0,"y":0,"w":56,"h":38},"rotated":false,"trimmed":false},"america_r17_armadillo_america_r17_armadillo_64_b_4_9.png":{"frame":{"x":2,"y":118,"w":56,"h":40},"sourceSize":{"w":56,"h":40},"spriteSourceSize":{"x":0,"y":0,"w":56,"h":40},"rotated":false,"trimmed":false},"america_r17_armadillo_america_r17_armadillo_64_sd_4_0.png":{"frame":{"x":50,"y":3,"w":34,"h":17},"sourceSize":{"w":34,"h":17},"spriteSourceSize":{"x":0,"y":0,"w":34,"h":17},"rotated":false,"trimmed":false},"america_r17_armadillo_america_r17_armadillo_64_c_4_0.png":{"frame":{"x":60,"y":58,"w":44,"h":32},"sourceSize":{"w":44,"h":32},"spriteSourceSize":{"x":0,"y":0,"w":44,"h":32},"rotated":false,"trimmed":false},"america_r17_armadillo_america_r17_armadillo_64_b_4_17.png":{"frame":{"x":106,"y":60,"w":34,"h":30},"sourceSize":{"w":34,"h":30},"spriteSourceSize":{"x":0,"y":0,"w":34,"h":30},"rotated":false,"trimmed":false}}}