{"type":"furniture","name":"america_r17_armadillo","visualizationType":"furniture_animated","logicType":"furniture_multistate","spritesheet":"america_r17_armadillo_spritesheet.json","dimensions":{"x":1.0,"y":1.0,"z":0.0},"directions":[180,90],"assets":{"america_r17_armadillo_64_b_4_11":{"x":25,"y":27},"america_r17_armadillo_icon_a":{"x":14,"y":9},"america_r17_armadillo_64_a_4_0":{"x":34,"y":41},"america_r17_armadillo_64_b_4_10":{"x":25,"y":27},"america_r17_armadillo_64_b_4_15":{"x":24,"y":23},"america_r17_armadillo_64_b_2_12":{"source":"america_r17_armadillo_64_b_4_12","x":26,"y":28,"flipH":true},"america_r17_armadillo_64_b_4_9":{"x":25,"y":27},"america_r17_armadillo_64_b_4_14":{"x":26,"y":25},"america_r17_armadillo_64_b_2_13":{"source":"america_r17_armadillo_64_b_4_13","x":26,"y":27,"flipH":true},"america_r17_armadillo_64_b_4_8":{"x":25,"y":27},"america_r17_armadillo_64_b_4_13":{"x":26,"y":27},"america_r17_armadillo_64_b_2_10":{"source":"america_r17_armadillo_64_b_4_10","x":25,"y":27,"flipH":true},"america_r17_armadillo_64_b_4_7":{"x":25,"y":27},"america_r17_armadillo_64_b_4_12":{"x":26,"y":28},"america_r17_armadillo_64_a_2_0":{"source":"america_r17_armadillo_64_a_4_0","x":34,"y":41,"flipH":true},"america_r17_armadillo_64_b_2_9":{"source":"america_r17_armadillo_64_b_4_9","x":25,"y":27,"flipH":true},"america_r17_armadillo_64_b_2_11":{"source":"america_r17_armadillo_64_b_4_11","x":25,"y":27,"flipH":true},"america_r17_armadillo_64_b_4_19":{"source":"america_r17_armadillo_64_b_4_17","x":18,"y":21},"america_r17_armadillo_64_b_2_16":{"source":"america_r17_armadillo_64_b_4_16","x":18,"y":24,"flipH":true},"america_r17_armadillo_64_b_4_18":{"source":"america_r17_armadillo_64_b_4_17","x":16,"y":21},"america_r17_armadillo_64_b_2_17":{"source":"america_r17_armadillo_64_b_4_17","x":17,"y":21,"flipH":true},"america_r17_armadillo_64_b_4_17":{"x":17,"y":21},"america_r17_armadillo_64_b_2_14":{"source":"america_r17_armadillo_64_b_4_14","x":26,"y":25,"flipH":true},"america_r17_armadillo_64_b_4_16":{"x":18,"y":24},"america_r17_armadillo_64_b_2_15":{"source":"america_r17_armadillo_64_b_4_15","x":24,"y":23,"flipH":true},"america_r17_armadillo_64_c_4_0":{"x":10,"y":17},"america_r17_armadillo_64_c_2_0":{"source":"america_r17_armadillo_64_c_4_0","x":10,"y":17,"flipH":true},"america_r17_armadillo_64_sd_4_0":{"x":18,"y":8},"america_r17_armadillo_64_sd_2_0":{"source":"america_r17_armadillo_64_sd_4_0","x":18,"y":8,"flipH":true},"america_r17_armadillo_64_b_4_2":{"x":26,"y":27},"america_r17_armadillo_64_b_2_4":{"source":"america_r17_armadillo_64_b_4_4","x":29,"y":27,"flipH":true},"america_r17_armadillo_64_b_4_1":{"x":26,"y":27},"america_r17_armadillo_64_b_2_3":{"source":"america_r17_armadillo_64_b_4_3","x":28,"y":27,"flipH":true},"america_r17_armadillo_64_b_4_0":{"x":26,"y":27},"america_r17_armadillo_64_b_2_2":{"source":"america_r17_armadillo_64_b_4_2","x":26,"y":27,"flipH":true},"america_r17_armadillo_64_b_2_18":{"source":"america_r17_armadillo_64_b_4_17","x":16,"y":21,"flipH":true},"america_r17_armadillo_64_b_2_1":{"source":"america_r17_armadillo_64_b_4_1","x":26,"y":27,"flipH":true},"america_r17_armadillo_64_b_2_19":{"source":"america_r17_armadillo_64_b_4_17","x":18,"y":21,"flipH":true},"america_r17_armadillo_64_b_4_6":{"x":25,"y":27},"america_r17_armadillo_64_b_2_8":{"source":"america_r17_armadillo_64_b_4_8","x":25,"y":27,"flipH":true},"america_r17_armadillo_64_b_4_5":{"x":25,"y":27},"america_r17_armadillo_64_b_2_7":{"source":"america_r17_armadillo_64_b_4_7","x":25,"y":27,"flipH":true},"america_r17_armadillo_64_b_4_4":{"x":29,"y":27},"america_r17_armadillo_64_b_2_6":{"source":"america_r17_armadillo_64_b_4_6","x":25,"y":27,"flipH":true},"america_r17_armadillo_64_b_4_3":{"x":28,"y":27},"america_r17_armadillo_64_b_2_5":{"source":"america_r17_armadillo_64_b_4_5","x":25,"y":27,"flipH":true},"america_r17_armadillo_64_b_2_0":{"source":"america_r17_armadillo_64_b_4_0","x":26,"y":27,"flipH":true}},"visualization":{"layerCount":3,"angle":45,"layers":{"0":{},"1":{}},"directions":{"2":{},"4":{}},"animations":{"0":{"layers":{"1":{"loopCount":0,"frameRepeat":4,"frameSequences":{"0":{"frames":{"0":{"id":0},"1":{"id":0},"2":{"id":0},"3":{"id":0},"4":{"id":2},"5":{"id":0},"6":{"id":0},"7":{"id":1},"8":{"id":0},"9":{"id":0},"10":{"id":12},"11":{"id":13},"12":{"id":0},"13":{"id":0},"14":{"id":1},"15":{"id":0},"16":{"id":1},"17":{"id":0},"18":{"id":12},"19":{"id":13},"20":{"id":2},"21":{"id":0},"22":{"id":0},"23":{"id":2},"24":{"id":0},"25":{"id":0},"26":{"id":0},"27":{"id":3},"28":{"id":3},"29":{"id":3},"30":{"id":3},"31":{"id":4},"32":{"id":3},"33":{"id":4},"34":{"id":3},"35":{"id":4},"36":{"id":3},"37":{"id":4},"38":{"id":3},"39":{"id":4},"40":{"id":3},"41":{"id":3},"42":{"id":3},"43":{"id":3},"44":{"id":0},"45":{"id":2},"46":{"id":0},"47":{"id":2},"48":{"id":0},"49":{"id":12},"50":{"id":13},"51":{"id":1},"52":{"id":0},"53":{"id":0},"54":{"id":0},"55":{"id":5},"56":{"id":6},"57":{"id":7},"58":{"id":8},"59":{"id":9},"60":{"id":10},"61":{"id":11},"62":{"id":10},"63":{"id":9},"64":{"id":10},"65":{"id":11},"66":{"id":10},"67":{"id":9},"68":{"id":8},"69":{"id":7},"70":{"id":6},"71":{"id":5},"72":{"id":0},"73":{"id":0},"74":{"id":1},"75":{"id":0},"76":{"id":12},"77":{"id":13},"78":{"id":0},"79":{"id":1},"80":{"id":0},"81":{"id":0},"82":{"id":0},"83":{"id":0},"84":{"id":14},"85":{"id":15},"86":{"id":16},"87":{"id":17},"88":{"id":17},"89":{"id":17},"90":{"id":17},"91":{"id":17},"92":{"id":17},"93":{"id":17},"94":{"id":17},"95":{"id":17},"96":{"id":17},"97":{"id":17},"98":{"id":17},"99":{"id":17},"100":{"id":17},"101":{"id":18},"102":{"id":17},"103":{"id":19},"104":{"id":17},"105":{"id":18},"106":{"id":17},"107":{"id":19},"108":{"id":17},"109":{"id":16},"110":{"id":15},"111":{"id":14}}}}}}},"1":{"layers":{"0":{"frameSequences":{"0":{"frames":{"0":{"id":1}}}}},"1":{"loopCount":0,"frameRepeat":4,"frameSequences":{"0":{"frames":{"0":{"id":0},"1":{"id":0},"2":{"id":0},"3":{"id":0},"4":{"id":2},"5":{"id":0},"6":{"id":0},"7":{"id":1},"8":{"id":0},"9":{"id":0},"10":{"id":12},"11":{"id":13},"12":{"id":0},"13":{"id":0},"14":{"id":1},"15":{"id":0},"16":{"id":1},"17":{"id":0},"18":{"id":12},"19":{"id":13},"20":{"id":2},"21":{"id":0},"22":{"id":0},"23":{"id":2},"24":{"id":0},"25":{"id":0},"26":{"id":0},"27":{"id":3},"28":{"id":3},"29":{"id":3},"30":{"id":3},"31":{"id":4},"32":{"id":3},"33":{"id":4},"34":{"id":3},"35":{"id":4},"36":{"id":3},"37":{"id":4},"38":{"id":3},"39":{"id":4},"40":{"id":3},"41":{"id":3},"42":{"id":3},"43":{"id":3},"44":{"id":0},"45":{"id":2},"46":{"id":0},"47":{"id":2},"48":{"id":0},"49":{"id":12},"50":{"id":13},"51":{"id":1},"52":{"id":0},"53":{"id":0},"54":{"id":0},"55":{"id":5},"56":{"id":6},"57":{"id":7},"58":{"id":8},"59":{"id":9},"60":{"id":10},"61":{"id":11},"62":{"id":10},"63":{"id":9},"64":{"id":10},"65":{"id":11},"66":{"id":10},"67":{"id":9},"68":{"id":8},"69":{"id":7},"70":{"id":6},"71":{"id":5},"72":{"id":0},"73":{"id":0},"74":{"id":1},"75":{"id":0},"76":{"id":12},"77":{"id":13},"78":{"id":0},"79":{"id":1},"80":{"id":0},"81":{"id":0},"82":{"id":0},"83":{"id":0},"84":{"id":14},"85":{"id":15},"86":{"id":16},"87":{"id":17},"88":{"id":17},"89":{"id":17},"90":{"id":17},"91":{"id":17},"92":{"id":17},"93":{"id":17},"94":{"id":17},"95":{"id":17},"96":{"id":17},"97":{"id":17},"98":{"id":17},"99":{"id":17},"100":{"id":17},"101":{"id":18},"102":{"id":17},"103":{"id":19},"104":{"id":17},"105":{"id":18},"106":{"id":17},"107":{"id":19},"108":{"id":17},"109":{"id":16},"110":{"id":15},"111":{"id":14}}}}},"2":{"frameSequences":{"0":{"frames":{"0":{"id":1}}}}}}},"2":{"layers":{}},"3":{"layers":{"0":{"frameSequences":{"0":{"frames":{"0":{"id":1}}}}},"2":{"frameSequences":{"0":{"frames":{"0":{"id":1}}}}}}}}}}