{"type":"furniture","name":"ads_mtvtrophy_gold","visualizationType":"furniture_static","logicType":"furniture_basic","spritesheet":"ads_mtvtrophy_gold_spritesheet.json","dimensions":{"x":1.0,"y":1.0,"z":0.0},"directions":[90,180],"assets":{"ads_mtvtrophy_gold_64_sd_2_0":{"source":"ads_mtvtrophy_gold_64_sd_0_0","x":14,"y":0},"s_ads_mtvtrophy_gold_graphics2":{"x":202,"y":84},"ads_mtvtrophy_gold_64_sd_0_0":{"x":14,"y":0},"ads_mtvtrophy_gold_64_sd_4_0":{"source":"ads_mtvtrophy_gold_64_sd_0_0","x":14,"y":0},"ads_mtvtrophy_gold_64_a_2_0":{"x":18,"y":66},"ads_mtvtrophy_gold_64_a_4_0":{"x":14,"y":69},"ads_mtvtrophy_gold_icon_a":{"x":10,"y":9}},"visualization":{"layerCount":1,"angle":45,"directions":{"2":{},"4":{}}}}