{"type":"furniture","name":"ads_cllava2","visualizationType":"furniture_animated","logicType":"furniture_multistate","spritesheet":"ads_cllava2_spritesheet.json","dimensions":{"x":1.0,"y":1.0,"z":0.0},"directions":[0],"assets":{"ads_cllava2_64_d_0_72":{"x":28,"y":43},"ads_cllava2_64_c_0_0":{"x":16,"y":30},"ads_cllava2_64_d_0_71":{"x":28,"y":47},"ads_cllava2_64_c_0_1":{"x":16,"y":33},"ads_cllava2_64_d_0_74":{"x":28,"y":43},"ads_cllava2_64_c_0_2":{"x":16,"y":37},"ads_cllava2_64_d_0_73":{"x":28,"y":45},"ads_cllava2_64_c_0_3":{"x":16,"y":41},"ads_cllava2_64_c_0_68":{"x":16,"y":48},"ads_cllava2_64_d_0_76":{"x":28,"y":81},"ads_cllava2_64_c_0_4":{"x":16,"y":44},"ads_cllava2_64_c_0_67":{"x":16,"y":50},"ads_cllava2_64_d_0_75":{"x":28,"y":80},"ads_cllava2_64_c_0_5":{"x":16,"y":47},"ads_cllava2_64_d_0_78":{"x":28,"y":80},"ads_cllava2_64_c_0_6":{"x":16,"y":50},"ads_cllava2_64_c_0_69":{"x":16,"y":44},"ads_cllava2_64_d_0_77":{"x":28,"y":81},"ads_cllava2_64_c_0_64":{"x":16,"y":60},"ads_cllava2_64_c_0_63":{"x":16,"y":66},"ads_cllava2_64_d_0_79":{"x":28,"y":78},"ads_cllava2_64_c_0_66":{"x":16,"y":53},"ads_cllava2_64_c_0_65":{"x":16,"y":56},"ads_cllava2_64_c_0_60":{"x":16,"y":70},"ads_cllava2_64_c_0_62":{"x":16,"y":69},"ads_cllava2_64_c_0_61":{"x":16,"y":70},"ads_cllava2_64_c_0_7":{"x":16,"y":54},"ads_cllava2_64_c_0_8":{"x":16,"y":57},"ads_cllava2_64_c_0_9":{"x":16,"y":60},"ads_cllava2_64_d_0_81":{"x":28,"y":67},"ads_cllava2_64_d_0_80":{"x":28,"y":72},"ads_cllava2_64_d_0_61":{"x":28,"y":81},"ads_cllava2_64_d_0_60":{"x":28,"y":81},"ads_cllava2_64_d_0_63":{"x":28,"y":78},"ads_cllava2_64_d_0_62":{"x":28,"y":80},"ads_cllava2_64_c_0_57":{"x":17,"y":72},"ads_cllava2_64_d_0_65":{"x":28,"y":67},"ads_cllava2_64_c_0_56":{"x":17,"y":72},"ads_cllava2_64_d_0_64":{"x":28,"y":72},"ads_cllava2_64_c_0_59":{"x":16,"y":69},"ads_cllava2_64_d_0_67":{"x":28,"y":62},"ads_cllava2_64_c_0_58":{"x":16,"y":71},"ads_cllava2_64_d_0_66":{"x":28,"y":65},"ads_cllava2_64_c_0_53":{"x":17,"y":65},"ads_cllava2_64_d_0_69":{"x":28,"y":55},"ads_cllava2_64_c_0_52":{"x":17,"y":63},"ads_cllava2_64_d_0_68":{"x":28,"y":59},"ads_cllava2_64_c_0_55":{"x":16,"y":70},"ads_cllava2_64_a_0_0":{"x":19,"y":96},"ads_cllava2_64_c_0_54":{"x":16,"y":68},"ads_cllava2_64_c_0_51":{"x":16,"y":60},"ads_cllava2_64_c_0_50":{"x":16,"y":57},"ads_cllava2_64_d_0_70":{"x":28,"y":51},"ads_cllava2_64_d_0_50":{"x":28,"y":69},"ads_cllava2_icon_a":{"x":6,"y":15},"ads_cllava2_64_d_0_52":{"x":29,"y":75},"ads_cllava2_64_d_0_51":{"x":28,"y":72},"ads_cllava2_64_d_0_54":{"x":29,"y":79},"ads_cllava2_64_c_0_89":{"x":16,"y":33},"ads_cllava2_64_d_0_53":{"x":29,"y":77},"ads_cllava2_64_d_0_56":{"x":29,"y":83},"ads_cllava2_64_d_0_55":{"x":29,"y":81},"ads_cllava2_64_c_0_86":{"x":16,"y":40},"ads_cllava2_64_d_0_58":{"x":29,"y":82},"ads_cllava2_64_c_0_85":{"x":16,"y":44},"ads_cllava2_64_d_0_57":{"x":29,"y":82},"ads_cllava2_64_c_0_88":{"x":16,"y":32},"ads_cllava2_64_c_0_87":{"x":16,"y":36},"ads_cllava2_64_d_0_59":{"x":28,"y":80},"ads_cllava2_64_c_0_82":{"x":16,"y":53},"ads_cllava2_64_c_0_81":{"x":16,"y":56},"ads_cllava2_64_c_0_84":{"x":16,"y":48},"ads_cllava2_64_c_0_83":{"x":16,"y":50},"ads_cllava2_64_c_0_90":{"x":16,"y":31},"ads_cllava2_64_sd_0_0":{"x":21,"y":10},"ads_cllava2_64_d_0_41":{"x":28,"y":81},"ads_cllava2_64_d_0_40":{"x":28,"y":79},"ads_cllava2_64_c_0_79":{"x":16,"y":66},"ads_cllava2_64_d_0_43":{"x":28,"y":81},"ads_cllava2_64_c_0_78":{"x":16,"y":69},"ads_cllava2_64_d_0_42":{"x":28,"y":81},"ads_cllava2_64_d_0_45":{"x":28,"y":48},"ads_cllava2_64_d_0_44":{"x":28,"y":44},"ads_cllava2_64_c_0_75":{"x":16,"y":69},"ads_cllava2_64_d_0_47":{"x":28,"y":55},"ads_cllava2_64_c_0_74":{"x":16,"y":31},"ads_cllava2_64_d_0_46":{"x":28,"y":52},"ads_cllava2_64_c_0_77":{"x":16,"y":70},"ads_cllava2_64_d_0_49":{"x":28,"y":65},"ads_cllava2_64_c_0_76":{"x":16,"y":70},"ads_cllava2_64_d_0_48":{"x":28,"y":59},"ads_cllava2_64_c_0_71":{"x":16,"y":36},"ads_cllava2_64_c_0_70":{"x":16,"y":40},"ads_cllava2_64_c_0_73":{"x":16,"y":33},"ads_cllava2_64_c_0_72":{"x":16,"y":32},"ads_cllava2_64_c_0_80":{"x":16,"y":60},"ads_cllava2_64_f_0_0":{"x":30,"y":108},"ads_cllava2_64_c_0_28":{"x":16,"y":72},"ads_cllava2_64_c_0_27":{"x":16,"y":72},"ads_cllava2_64_d_0_30":{"x":28,"y":44},"ads_cllava2_64_c_0_29":{"x":16,"y":71},"ads_cllava2_64_c_0_24":{"x":16,"y":65},"ads_cllava2_64_d_0_32":{"x":28,"y":52},"ads_cllava2_64_d_0_8":{"x":28,"y":68},"ads_cllava2_64_c_0_23":{"x":16,"y":63},"ads_cllava2_64_d_0_31":{"x":28,"y":48},"ads_cllava2_64_d_0_9":{"x":28,"y":72},"ads_cllava2_64_c_0_26":{"x":16,"y":70},"ads_cllava2_64_d_0_34":{"x":28,"y":58},"ads_cllava2_64_d_0_6":{"x":28,"y":61},"ads_cllava2_64_c_0_25":{"x":16,"y":68},"ads_cllava2_64_d_0_33":{"x":28,"y":55},"ads_cllava2_64_d_0_7":{"x":28,"y":65},"ads_cllava2_64_c_0_20":{"x":16,"y":53},"ads_cllava2_64_d_0_36":{"x":28,"y":65},"ads_cllava2_64_d_0_35":{"x":28,"y":61},"ads_cllava2_64_c_0_22":{"x":16,"y":60},"ads_cllava2_64_d_0_38":{"x":28,"y":72},"ads_cllava2_64_c_0_21":{"x":16,"y":57},"ads_cllava2_64_d_0_37":{"x":28,"y":68},"ads_cllava2_64_d_0_39":{"x":28,"y":76},"ads_cllava2_64_d_0_4":{"x":28,"y":55},"ads_cllava2_64_d_0_5":{"x":28,"y":58},"ads_cllava2_64_d_0_2":{"x":28,"y":48},"ads_cllava2_64_d_0_3":{"x":28,"y":52},"ads_cllava2_64_d_0_0":{"x":28,"y":42},"ads_cllava2_64_d_0_1":{"x":28,"y":44},"ads_cllava2_64_c_0_17":{"x":16,"y":41},"ads_cllava2_64_c_0_16":{"x":16,"y":36},"ads_cllava2_64_c_0_19":{"x":16,"y":47},"ads_cllava2_64_c_0_18":{"x":16,"y":44},"ads_cllava2_64_c_0_13":{"x":16,"y":70},"ads_cllava2_64_d_0_21":{"x":28,"y":69},"ads_cllava2_64_c_0_12":{"x":16,"y":70},"ads_cllava2_64_d_0_20":{"x":28,"y":65},"ads_cllava2_64_c_0_15":{"x":16,"y":32},"ads_cllava2_64_d_0_23":{"x":29,"y":75},"ads_cllava2_64_c_0_14":{"x":16,"y":71},"ads_cllava2_64_d_0_22":{"x":28,"y":72},"ads_cllava2_64_d_0_25":{"x":29,"y":79},"ads_cllava2_64_d_0_24":{"x":29,"y":77},"ads_cllava2_64_c_0_11":{"x":16,"y":68},"ads_cllava2_64_d_0_27":{"x":29,"y":83},"ads_cllava2_64_c_0_10":{"x":16,"y":65},"ads_cllava2_64_d_0_26":{"x":29,"y":81},"ads_cllava2_64_d_0_29":{"x":29,"y":82},"ads_cllava2_64_d_0_28":{"x":29,"y":82},"ads_cllava2_64_b_0_0":{"x":19,"y":90},"ads_cllava2_64_c_0_49":{"x":16,"y":53},"ads_cllava2_64_c_0_46":{"x":16,"y":41},"ads_cllava2_64_d_0_10":{"x":28,"y":76},"ads_cllava2_64_c_0_45":{"x":16,"y":36},"ads_cllava2_64_c_0_48":{"x":16,"y":47},"ads_cllava2_64_d_0_12":{"x":28,"y":81},"ads_cllava2_64_c_0_47":{"x":16,"y":44},"ads_cllava2_64_d_0_11":{"x":28,"y":79},"ads_cllava2_64_c_0_42":{"x":16,"y":70},"ads_cllava2_64_d_0_14":{"x":28,"y":81},"ads_cllava2_64_c_0_41":{"x":16,"y":70},"ads_cllava2_64_d_0_13":{"x":28,"y":81},"ads_cllava2_64_c_0_44":{"x":16,"y":32},"ads_cllava2_64_d_0_16":{"x":28,"y":48},"ads_cllava2_64_c_0_43":{"x":16,"y":71},"ads_cllava2_64_d_0_15":{"x":28,"y":44},"ads_cllava2_64_d_0_18":{"x":28,"y":55},"ads_cllava2_64_d_0_17":{"x":28,"y":52},"ads_cllava2_64_c_0_40":{"x":16,"y":68},"ads_cllava2_64_d_0_19":{"x":28,"y":59},"ads_cllava2_64_c_0_39":{"x":16,"y":65},"ads_cllava2_64_d_0_83":{"x":28,"y":62},"ads_cllava2_64_c_0_38":{"x":16,"y":60},"ads_cllava2_64_d_0_82":{"x":28,"y":65},"ads_cllava2_64_d_0_85":{"x":28,"y":55},"ads_cllava2_64_d_0_84":{"x":28,"y":59},"ads_cllava2_64_c_0_35":{"x":16,"y":50},"ads_cllava2_64_d_0_87":{"x":28,"y":47},"ads_cllava2_64_c_0_34":{"x":16,"y":47},"ads_cllava2_64_d_0_86":{"x":28,"y":51},"ads_cllava2_64_c_0_37":{"x":16,"y":57},"ads_cllava2_64_d_0_89":{"x":28,"y":45},"ads_cllava2_64_c_0_36":{"x":16,"y":54},"ads_cllava2_64_d_0_88":{"x":28,"y":43},"ads_cllava2_64_c_0_31":{"x":16,"y":37},"ads_cllava2_64_c_0_30":{"x":16,"y":33},"ads_cllava2_64_c_0_33":{"x":16,"y":44},"ads_cllava2_64_c_0_32":{"x":16,"y":41},"ads_cllava2_64_e_0_0":{"x":18,"y":95},"ads_cllava2_64_d_0_90":{"x":28,"y":43}},"visualization":{"layerCount":6,"angle":45,"layers":{"0":{"alpha":128,"ignoreMouse":true},"2":{"ignoreMouse":true},"3":{"ink":"ADD","ignoreMouse":true},"4":{"alpha":128,"ignoreMouse":true},"5":{"ink":"ADD","ignoreMouse":true}},"directions":{"0":{}},"animations":{"0":{"layers":{"0":{"frameSequences":{"0":{"frames":{"0":{"id":0}}}}},"1":{"frameSequences":{"0":{"frames":{"0":{"id":0}}}}},"2":{"loopCount":0,"frameRepeat":4,"frameSequences":{"0":{"frames":{"0":{"id":0},"1":{"id":0},"2":{"id":0},"3":{"id":1},"4":{"id":2},"5":{"id":3},"6":{"id":4},"7":{"id":5},"8":{"id":6},"9":{"id":7},"10":{"id":8},"11":{"id":9},"12":{"id":10},"13":{"id":11},"14":{"id":12},"15":{"id":13},"16":{"id":14},"17":{"id":0},"18":{"id":0},"19":{"id":0},"20":{"id":15},"21":{"id":16},"22":{"id":17},"23":{"id":18},"24":{"id":19},"25":{"id":20},"26":{"id":21},"27":{"id":22},"28":{"id":23},"29":{"id":24},"30":{"id":25},"31":{"id":26},"32":{"id":27},"33":{"id":28},"34":{"id":29},"35":{"id":0},"36":{"id":0},"37":{"id":0},"38":{"id":30},"39":{"id":31},"40":{"id":32},"41":{"id":33},"42":{"id":34},"43":{"id":35},"44":{"id":36},"45":{"id":37},"46":{"id":38},"47":{"id":39},"48":{"id":40},"49":{"id":41},"50":{"id":42},"51":{"id":43},"52":{"id":0},"53":{"id":0},"54":{"id":0},"55":{"id":59},"56":{"id":60},"57":{"id":61},"58":{"id":62},"59":{"id":63},"60":{"id":64},"61":{"id":65},"62":{"id":66},"63":{"id":67},"64":{"id":68},"65":{"id":69},"66":{"id":70},"67":{"id":71},"68":{"id":72},"69":{"id":73},"70":{"id":74},"71":{"id":0},"72":{"id":0},"73":{"id":0},"74":{"id":75},"75":{"id":76},"76":{"id":77},"77":{"id":78},"78":{"id":79},"79":{"id":80},"80":{"id":81},"81":{"id":82},"82":{"id":83},"83":{"id":84},"84":{"id":85},"85":{"id":86},"86":{"id":87},"87":{"id":88},"88":{"id":89},"89":{"id":90},"90":{"id":0},"91":{"id":0},"92":{"id":0},"93":{"id":44},"94":{"id":45},"95":{"id":46},"96":{"id":47},"97":{"id":48},"98":{"id":49},"99":{"id":50},"100":{"id":51},"101":{"id":52},"102":{"id":53},"103":{"id":54},"104":{"id":55},"105":{"id":56},"106":{"id":57},"107":{"id":58},"108":{"id":0},"109":{"id":0},"110":{"id":0},"111":{"id":59},"112":{"id":60},"113":{"id":61},"114":{"id":62},"115":{"id":63},"116":{"id":64},"117":{"id":65},"118":{"id":66},"119":{"id":67},"120":{"id":68},"121":{"id":69},"122":{"id":70},"123":{"id":71},"124":{"id":72},"125":{"id":73},"126":{"id":74},"127":{"id":0},"128":{"id":0},"129":{"id":0},"130":{"id":1},"131":{"id":2},"132":{"id":3},"133":{"id":4},"134":{"id":5},"135":{"id":6},"136":{"id":7},"137":{"id":8},"138":{"id":9},"139":{"id":10},"140":{"id":11},"141":{"id":12},"142":{"id":13},"143":{"id":14},"144":{"id":0},"145":{"id":0},"146":{"id":0},"147":{"id":75},"148":{"id":76},"149":{"id":77},"150":{"id":78},"151":{"id":79},"152":{"id":80},"153":{"id":81},"154":{"id":82},"155":{"id":83},"156":{"id":84},"157":{"id":85},"158":{"id":86},"159":{"id":87},"160":{"id":88},"161":{"id":89},"162":{"id":90}}}}},"3":{"loopCount":0,"frameRepeat":4,"frameSequences":{"0":{"frames":{"0":{"id":0},"1":{"id":0},"2":{"id":0},"3":{"id":1},"4":{"id":2},"5":{"id":3},"6":{"id":4},"7":{"id":5},"8":{"id":6},"9":{"id":7},"10":{"id":8},"11":{"id":9},"12":{"id":10},"13":{"id":11},"14":{"id":12},"15":{"id":13},"16":{"id":14},"17":{"id":0},"18":{"id":0},"19":{"id":0},"20":{"id":15},"21":{"id":16},"22":{"id":17},"23":{"id":18},"24":{"id":19},"25":{"id":20},"26":{"id":21},"27":{"id":22},"28":{"id":23},"29":{"id":24},"30":{"id":25},"31":{"id":26},"32":{"id":27},"33":{"id":28},"34":{"id":29},"35":{"id":0},"36":{"id":0},"37":{"id":0},"38":{"id":30},"39":{"id":31},"40":{"id":32},"41":{"id":33},"42":{"id":34},"43":{"id":35},"44":{"id":36},"45":{"id":37},"46":{"id":38},"47":{"id":39},"48":{"id":40},"49":{"id":41},"50":{"id":42},"51":{"id":43},"52":{"id":0},"53":{"id":0},"54":{"id":0},"55":{"id":59},"56":{"id":60},"57":{"id":61},"58":{"id":62},"59":{"id":63},"60":{"id":64},"61":{"id":65},"62":{"id":66},"63":{"id":67},"64":{"id":68},"65":{"id":69},"66":{"id":70},"67":{"id":71},"68":{"id":72},"69":{"id":73},"70":{"id":74},"71":{"id":0},"72":{"id":0},"73":{"id":0},"74":{"id":75},"75":{"id":76},"76":{"id":77},"77":{"id":78},"78":{"id":79},"79":{"id":80},"80":{"id":81},"81":{"id":82},"82":{"id":83},"83":{"id":84},"84":{"id":85},"85":{"id":86},"86":{"id":87},"87":{"id":88},"88":{"id":89},"89":{"id":90},"90":{"id":0},"91":{"id":0},"92":{"id":0},"93":{"id":44},"94":{"id":45},"95":{"id":46},"96":{"id":47},"97":{"id":48},"98":{"id":49},"99":{"id":50},"100":{"id":51},"101":{"id":52},"102":{"id":53},"103":{"id":54},"104":{"id":55},"105":{"id":56},"106":{"id":57},"107":{"id":58},"108":{"id":0},"109":{"id":0},"110":{"id":0},"111":{"id":59},"112":{"id":60},"113":{"id":61},"114":{"id":62},"115":{"id":63},"116":{"id":64},"117":{"id":65},"118":{"id":66},"119":{"id":67},"120":{"id":68},"121":{"id":69},"122":{"id":70},"123":{"id":71},"124":{"id":72},"125":{"id":73},"126":{"id":74},"127":{"id":0},"128":{"id":0},"129":{"id":0},"130":{"id":1},"131":{"id":2},"132":{"id":3},"133":{"id":4},"134":{"id":5},"135":{"id":6},"136":{"id":7},"137":{"id":8},"138":{"id":9},"139":{"id":10},"140":{"id":11},"141":{"id":12},"142":{"id":13},"143":{"id":14},"144":{"id":0},"145":{"id":0},"146":{"id":0},"147":{"id":75},"148":{"id":76},"149":{"id":77},"150":{"id":78},"151":{"id":79},"152":{"id":80},"153":{"id":81},"154":{"id":82},"155":{"id":83},"156":{"id":84},"157":{"id":85},"158":{"id":86},"159":{"id":87},"160":{"id":88},"161":{"id":89},"162":{"id":90}}}}},"4":{"frameSequences":{"0":{"frames":{"0":{"id":0}}}}},"5":{"frameSequences":{"0":{"frames":{"0":{"id":0}}}}},"6":{"frameSequences":{"0":{"frames":{"0":{"id":0}}}}}}}}}}