{"meta":{"app":"FFConverter ~ Joopie","format":"RGBA8888","image":"ads_cllava2.png","scale":"1.0","size":{"w":4096,"h":256},"version":"1.0"},"frames":{"ads_cllava2_ads_cllava2_64_d_0_90.png":{"frame":{"x":678,"y":126,"w":56,"h":44},"sourceSize":{"w":56,"h":44},"spriteSourceSize":{"x":0,"y":0,"w":56,"h":44},"rotated":false,"trimmed":false},"ads_cllava2_ads_cllava2_64_c_0_68.png":{"frame":{"x":353,"y":69,"w":32,"h":37},"sourceSize":{"w":32,"h":37},"spriteSourceSize":{"x":0,"y":0,"w":32,"h":37},"rotated":false,"trimmed":false},"ads_cllava2_ads_cllava2_64_d_0_9.png":{"frame":{"x":2097,"y":181,"w":56,"h":73},"sourceSize":{"w":56,"h":73},"spriteSourceSize":{"x":0,"y":0,"w":56,"h":73},"rotated":false,"trimmed":false},"ads_cllava2_ads_cllava2_64_c_0_17.png":{"frame":{"x":497,"y":18,"w":32,"h":30},"sourceSize":{"w":32,"h":30},"spriteSourceSize":{"x":0,"y":0,"w":32,"h":30},"rotated":false,"trimmed":false},"ads_cllava2_ads_cllava2_64_c_0_4.png":{"frame":{"x":704,"y":91,"w":32,"h":33},"sourceSize":{"w":32,"h":33},"spriteSourceSize":{"x":0,"y":0,"w":32,"h":33},"rotated":false,"trimmed":false},"ads_cllava2_ads_cllava2_64_c_0_33.png":{"frame":{"x":670,"y":90,"w":32,"h":33},"sourceSize":{"w":32,"h":33},"spriteSourceSize":{"x":0,"y":0,"w":32,"h":33},"rotated":false,"trimmed":false},"ads_cllava2_ads_cllava2_icon_a.png":{"frame":{"x":4069,"y":224,"w":13,"h":30},"sourceSize":{"w":13,"h":30},"spriteSourceSize":{"x":0,"y":0,"w":13,"h":30},"rotated":false,"trimmed":false},"ads_cllava2_ads_cllava2_64_d_0_13.png":{"frame":{"x":529,"y":172,"w":56,"h":82},"sourceSize":{"w":56,"h":82},"spriteSourceSize":{"x":0,"y":0,"w":56,"h":82},"rotated":false,"trimmed":false},"ads_cllava2_ads_cllava2_64_d_0_56.png":{"frame":{"x":64,"y":170,"w":57,"h":84},"sourceSize":{"w":57,"h":84},"spriteSourceSize":{"x":0,"y":0,"w":57,"h":84},"rotated":false,"trimmed":false},"ads_cllava2_ads_cllava2_64_c_0_76.png":{"frame":{"x":1311,"y":113,"w":32,"h":59},"sourceSize":{"w":32,"h":59},"spriteSourceSize":{"x":0,"y":0,"w":32,"h":59},"rotated":false,"trimmed":false},"ads_cllava2_ads_cllava2_64_d_0_82.png":{"frame":{"x":2909,"y":188,"w":56,"h":66},"sourceSize":{"w":56,"h":66},"spriteSourceSize":{"x":0,"y":0,"w":56,"h":66},"rotated":false,"trimmed":false},"ads_cllava2_ads_cllava2_64_d_0_15.png":{"frame":{"x":562,"y":125,"w":56,"h":45},"sourceSize":{"w":56,"h":45},"spriteSourceSize":{"x":0,"y":0,"w":56,"h":45},"rotated":false,"trimmed":false},"ads_cllava2_ads_cllava2_64_d_0_64.png":{"frame":{"x":2155,"y":181,"w":56,"h":73},"sourceSize":{"w":56,"h":73},"spriteSourceSize":{"x":0,"y":0,"w":56,"h":73},"rotated":false,"trimmed":false},"ads_cllava2_ads_cllava2_64_d_0_72.png":{"frame":{"x":852,"y":126,"w":56,"h":44},"sourceSize":{"w":56,"h":44},"spriteSourceSize":{"x":0,"y":0,"w":56,"h":44},"rotated":false,"trimmed":false},"ads_cllava2_ads_cllava2_64_c_0_41.png":{"frame":{"x":1515,"y":114,"w":32,"h":59},"sourceSize":{"w":32,"h":59},"spriteSourceSize":{"x":0,"y":0,"w":32,"h":59},"rotated":false,"trimmed":false},"ads_cllava2_ads_cllava2_64_c_0_84.png":{"frame":{"x":500,"y":85,"w":32,"h":37},"sourceSize":{"w":32,"h":37},"spriteSourceSize":{"x":0,"y":0,"w":32,"h":37},"rotated":false,"trimmed":false},"ads_cllava2_ads_cllava2_64_d_0_21.png":{"frame":{"x":2329,"y":184,"w":56,"h":70},"sourceSize":{"w":56,"h":70},"spriteSourceSize":{"x":0,"y":0,"w":56,"h":70},"rotated":false,"trimmed":false},"ads_cllava2_ads_cllava2_64_c_0_27.png":{"frame":{"x":1003,"y":109,"w":33,"h":61},"sourceSize":{"w":33,"h":61},"spriteSourceSize":{"x":0,"y":0,"w":33,"h":61},"rotated":false,"trimmed":false},"ads_cllava2_ads_cllava2_64_d_0_0.png":{"frame":{"x":910,"y":127,"w":56,"h":43},"sourceSize":{"w":56,"h":43},"spriteSourceSize":{"x":0,"y":0,"w":56,"h":43},"rotated":false,"trimmed":false},"ads_cllava2_ads_cllava2_64_c_0_23.png":{"frame":{"x":1958,"y":123,"w":33,"h":52},"sourceSize":{"w":33,"h":52},"spriteSourceSize":{"x":0,"y":0,"w":33,"h":52},"rotated":false,"trimmed":false},"ads_cllava2_ads_cllava2_64_c_0_61.png":{"frame":{"x":1277,"y":112,"w":32,"h":59},"sourceSize":{"w":32,"h":59},"spriteSourceSize":{"x":0,"y":0,"w":32,"h":59},"rotated":false,"trimmed":false},"ads_cllava2_ads_cllava2_64_d_0_46.png":{"frame":{"x":4011,"y":201,"w":56,"h":53},"sourceSize":{"w":56,"h":53},"spriteSourceSize":{"x":0,"y":0,"w":56,"h":53},"rotated":false,"trimmed":false},"ads_cllava2_ads_cllava2_64_d_0_89.png":{"frame":{"x":446,"y":124,"w":56,"h":46},"sourceSize":{"w":56,"h":46},"spriteSourceSize":{"x":0,"y":0,"w":56,"h":46},"rotated":false,"trimmed":false},"ads_cllava2_ads_cllava2_64_c_0_31.png":{"frame":{"x":840,"y":98,"w":32,"h":26},"sourceSize":{"w":32,"h":26},"spriteSourceSize":{"x":0,"y":0,"w":32,"h":26},"rotated":false,"trimmed":false},"ads_cllava2_ads_cllava2_64_d_0_33.png":{"frame":{"x":2,"y":2,"w":56,"h":56},"sourceSize":{"w":56,"h":56},"spriteSourceSize":{"x":0,"y":0,"w":56,"h":56},"rotated":false,"trimmed":false},"ads_cllava2_ads_cllava2_64_d_0_38.png":{"frame":{"x":2039,"y":181,"w":56,"h":73},"sourceSize":{"w":56,"h":73},"spriteSourceSize":{"x":0,"y":0,"w":56,"h":73},"rotated":false,"trimmed":false},"ads_cllava2_ads_cllava2_64_c_0_19.png":{"frame":{"x":534,"y":86,"w":32,"h":36},"sourceSize":{"w":32,"h":36},"spriteSourceSize":{"x":0,"y":0,"w":32,"h":36},"rotated":false,"trimmed":false},"ads_cllava2_ads_cllava2_64_sd_0_0.png":{"frame":{"x":388,"y":100,"w":42,"h":20},"sourceSize":{"w":42,"h":20},"spriteSourceSize":{"x":0,"y":0,"w":42,"h":20},"rotated":false,"trimmed":false},"ads_cllava2_ads_cllava2_64_d_0_76.png":{"frame":{"x":935,"y":172,"w":56,"h":82},"sourceSize":{"w":56,"h":82},"spriteSourceSize":{"x":0,"y":0,"w":56,"h":82},"rotated":false,"trimmed":false},"ads_cllava2_ads_cllava2_64_c_0_6.png":{"frame":{"x":429,"y":28,"w":32,"h":39},"sourceSize":{"w":32,"h":39},"spriteSourceSize":{"x":0,"y":0,"w":32,"h":39},"rotated":false,"trimmed":false},"ads_cllava2_ads_cllava2_64_d_0_80.png":{"frame":{"x":2271,"y":181,"w":56,"h":73},"sourceSize":{"w":56,"h":73},"spriteSourceSize":{"x":0,"y":0,"w":56,"h":73},"rotated":false,"trimmed":false},"ads_cllava2_ads_cllava2_64_c_0_74.png":{"frame":{"x":395,"y":2,"w":32,"h":20},"sourceSize":{"w":32,"h":20},"spriteSourceSize":{"x":0,"y":0,"w":32,"h":20},"rotated":false,"trimmed":false},"ads_cllava2_ads_cllava2_64_c_0_37.png":{"frame":{"x":2266,"y":133,"w":32,"h":46},"sourceSize":{"w":32,"h":46},"spriteSourceSize":{"x":0,"y":0,"w":32,"h":46},"rotated":false,"trimmed":false},"ads_cllava2_ads_cllava2_64_d_0_58.png":{"frame":{"x":239,"y":171,"w":56,"h":83},"sourceSize":{"w":56,"h":83},"spriteSourceSize":{"x":0,"y":0,"w":56,"h":83},"rotated":false,"trimmed":false},"ads_cllava2_ads_cllava2_64_c_0_13.png":{"frame":{"x":1447,"y":113,"w":32,"h":59},"sourceSize":{"w":32,"h":59},"spriteSourceSize":{"x":0,"y":0,"w":32,"h":59},"rotated":false,"trimmed":false},"ads_cllava2_ads_cllava2_64_c_0_86.png":{"frame":{"x":421,"y":69,"w":32,"h":29},"sourceSize":{"w":32,"h":29},"spriteSourceSize":{"x":0,"y":0,"w":32,"h":29},"rotated":false,"trimmed":false},"ads_cllava2_ads_cllava2_64_c_0_43.png":{"frame":{"x":1175,"y":111,"w":32,"h":60},"sourceSize":{"w":32,"h":60},"spriteSourceSize":{"x":0,"y":0,"w":32,"h":60},"rotated":false,"trimmed":false},"ads_cllava2_ads_cllava2_64_c_0_56.png":{"frame":{"x":118,"y":6,"w":33,"h":61},"sourceSize":{"w":33,"h":61},"spriteSourceSize":{"x":0,"y":0,"w":33,"h":61},"rotated":false,"trimmed":false},"ads_cllava2_ads_cllava2_64_d_0_62.png":{"frame":{"x":1051,"y":173,"w":56,"h":81},"sourceSize":{"w":56,"h":81},"spriteSourceSize":{"x":0,"y":0,"w":56,"h":81},"rotated":false,"trimmed":false},"ads_cllava2_ads_cllava2_64_d_0_31.png":{"frame":{"x":295,"y":120,"w":56,"h":49},"sourceSize":{"w":56,"h":49},"spriteSourceSize":{"x":0,"y":0,"w":56,"h":49},"rotated":false,"trimmed":false},"ads_cllava2_ads_cllava2_64_d_0_74.png":{"frame":{"x":794,"y":126,"w":56,"h":44},"sourceSize":{"w":56,"h":44},"spriteSourceSize":{"x":0,"y":0,"w":56,"h":44},"rotated":false,"trimmed":false},"ads_cllava2_ads_cllava2_64_c_0_90.png":{"frame":{"x":432,"y":100,"w":32,"h":20},"sourceSize":{"w":32,"h":20},"spriteSourceSize":{"x":0,"y":0,"w":32,"h":20},"rotated":false,"trimmed":false},"ads_cllava2_ads_cllava2_64_c_0_25.png":{"frame":{"x":1685,"y":117,"w":32,"h":57},"sourceSize":{"w":32,"h":57},"spriteSourceSize":{"x":0,"y":0,"w":32,"h":57},"rotated":false,"trimmed":false},"ads_cllava2_ads_cllava2_64_d_0_2.png":{"frame":{"x":295,"y":69,"w":56,"h":49},"sourceSize":{"w":56,"h":49},"spriteSourceSize":{"x":0,"y":0,"w":56,"h":49},"rotated":false,"trimmed":false},"ads_cllava2_ads_cllava2_64_d_0_44.png":{"frame":{"x":620,"y":125,"w":56,"h":45},"sourceSize":{"w":56,"h":45},"spriteSourceSize":{"x":0,"y":0,"w":56,"h":45},"rotated":false,"trimmed":false},"ads_cllava2_ads_cllava2_64_c_0_12.png":{"frame":{"x":1413,"y":113,"w":32,"h":59},"sourceSize":{"w":32,"h":59},"spriteSourceSize":{"x":0,"y":0,"w":32,"h":59},"rotated":false,"trimmed":false},"ads_cllava2_ads_cllava2_64_c_0_9.png":{"frame":{"x":2164,"y":130,"w":32,"h":49},"sourceSize":{"w":32,"h":49},"spriteSourceSize":{"x":0,"y":0,"w":32,"h":49},"rotated":false,"trimmed":false},"ads_cllava2_ads_cllava2_64_c_0_47.png":{"frame":{"x":497,"y":50,"w":32,"h":33},"sourceSize":{"w":32,"h":33},"spriteSourceSize":{"x":0,"y":0,"w":32,"h":33},"rotated":false,"trimmed":false},"ads_cllava2_ads_cllava2_64_c_0_72.png":{"frame":{"x":2334,"y":114,"w":32,"h":21},"sourceSize":{"w":32,"h":21},"spriteSourceSize":{"x":0,"y":0,"w":32,"h":21},"rotated":false,"trimmed":false},"ads_cllava2_ads_cllava2_64_d_0_27.png":{"frame":{"x":2,"y":60,"w":57,"h":84},"sourceSize":{"w":57,"h":84},"spriteSourceSize":{"x":0,"y":0,"w":57,"h":84},"rotated":false,"trimmed":false},"ads_cllava2_ads_cllava2_64_d_0_52.png":{"frame":{"x":1806,"y":178,"w":57,"h":76},"sourceSize":{"w":57,"h":76},"spriteSourceSize":{"x":0,"y":0,"w":57,"h":76},"rotated":false,"trimmed":false},"ads_cllava2_ads_cllava2_64_d_0_78.png":{"frame":{"x":1167,"y":173,"w":56,"h":81},"sourceSize":{"w":56,"h":81},"spriteSourceSize":{"x":0,"y":0,"w":56,"h":81},"rotated":false,"trimmed":false},"ads_cllava2_ads_cllava2_64_d_0_35.png":{"frame":{"x":3141,"y":192,"w":56,"h":62},"sourceSize":{"w":56,"h":62},"spriteSourceSize":{"x":0,"y":0,"w":56,"h":62},"rotated":false,"trimmed":false},"ads_cllava2_ads_cllava2_64_d_0_60.png":{"frame":{"x":761,"y":172,"w":56,"h":82},"sourceSize":{"w":56,"h":82},"spriteSourceSize":{"x":0,"y":0,"w":56,"h":82},"rotated":false,"trimmed":false},"ads_cllava2_ads_cllava2_64_c_0_55.png":{"frame":{"x":1209,"y":112,"w":32,"h":59},"sourceSize":{"w":32,"h":59},"spriteSourceSize":{"x":0,"y":0,"w":32,"h":59},"rotated":false,"trimmed":false},"ads_cllava2_ads_cllava2_64_c_0_39.png":{"frame":{"x":1924,"y":121,"w":32,"h":54},"sourceSize":{"w":32,"h":54},"spriteSourceSize":{"x":0,"y":0,"w":32,"h":54},"rotated":false,"trimmed":false},"ads_cllava2_ads_cllava2_64_d_0_86.png":{"frame":{"x":179,"y":117,"w":56,"h":52},"sourceSize":{"w":56,"h":52},"spriteSourceSize":{"x":0,"y":0,"w":56,"h":52},"rotated":false,"trimmed":false},"ads_cllava2_ads_cllava2_64_d_0_3.png":{"frame":{"x":3895,"y":201,"w":56,"h":53},"sourceSize":{"w":56,"h":53},"spriteSourceSize":{"x":0,"y":0,"w":56,"h":53},"rotated":false,"trimmed":false},"ads_cllava2_ads_cllava2_64_d_0_69.png":{"frame":{"x":3779,"y":198,"w":56,"h":56},"sourceSize":{"w":56,"h":56},"spriteSourceSize":{"x":0,"y":0,"w":56,"h":56},"rotated":false,"trimmed":false},"ads_cllava2_ads_cllava2_64_d_0_43.png":{"frame":{"x":877,"y":172,"w":56,"h":82},"sourceSize":{"w":56,"h":82},"spriteSourceSize":{"x":0,"y":0,"w":56,"h":82},"rotated":false,"trimmed":false},"ads_cllava2_ads_cllava2_64_d_0_5.png":{"frame":{"x":3547,"y":195,"w":56,"h":59},"sourceSize":{"w":56,"h":59},"spriteSourceSize":{"x":0,"y":0,"w":56,"h":59},"rotated":false,"trimmed":false},"ads_cllava2_ads_cllava2_64_d_0_37.png":{"frame":{"x":2445,"y":185,"w":56,"h":69},"sourceSize":{"w":56,"h":69},"spriteSourceSize":{"x":0,"y":0,"w":56,"h":69},"rotated":false,"trimmed":false},"ads_cllava2_ads_cllava2_64_c_0_45.png":{"frame":{"x":2470,"y":114,"w":32,"h":25},"sourceSize":{"w":32,"h":25},"spriteSourceSize":{"x":0,"y":0,"w":32,"h":25},"rotated":false,"trimmed":false},"ads_cllava2_ads_cllava2_64_c_0_88.png":{"frame":{"x":2368,"y":114,"w":32,"h":21},"sourceSize":{"w":32,"h":21},"spriteSourceSize":{"x":0,"y":0,"w":32,"h":21},"rotated":false,"trimmed":false},"ads_cllava2_ads_cllava2_64_c_0_0.png":{"frame":{"x":2606,"y":124,"w":32,"h":19},"sourceSize":{"w":32,"h":19},"spriteSourceSize":{"x":0,"y":0,"w":32,"h":19},"rotated":false,"trimmed":false},"ads_cllava2_ads_cllava2_64_d_0_29.png":{"frame":{"x":181,"y":171,"w":56,"h":83},"sourceSize":{"w":56,"h":83},"spriteSourceSize":{"x":0,"y":0,"w":56,"h":83},"rotated":false,"trimmed":false},"ads_cllava2_ads_cllava2_64_c_0_10.png":{"frame":{"x":1890,"y":121,"w":32,"h":54},"sourceSize":{"w":32,"h":54},"spriteSourceSize":{"x":0,"y":0,"w":32,"h":54},"rotated":false,"trimmed":false},"ads_cllava2_ads_cllava2_64_c_0_49.png":{"frame":{"x":2538,"y":141,"w":32,"h":42},"sourceSize":{"w":32,"h":42},"spriteSourceSize":{"x":0,"y":0,"w":32,"h":42},"rotated":false,"trimmed":false},"ads_cllava2_ads_cllava2_64_c_0_62.png":{"frame":{"x":1583,"y":115,"w":32,"h":58},"sourceSize":{"w":32,"h":58},"spriteSourceSize":{"x":0,"y":0,"w":32,"h":58},"rotated":false,"trimmed":false},"ads_cllava2_ads_cllava2_64_d_0_71.png":{"frame":{"x":388,"y":122,"w":56,"h":48},"sourceSize":{"w":56,"h":48},"spriteSourceSize":{"x":0,"y":0,"w":56,"h":48},"rotated":false,"trimmed":false},"ads_cllava2_ads_cllava2_64_d_0_41.png":{"frame":{"x":413,"y":172,"w":56,"h":82},"sourceSize":{"w":56,"h":82},"spriteSourceSize":{"x":0,"y":0,"w":56,"h":82},"rotated":false,"trimmed":false},"ads_cllava2_ads_cllava2_64_c_0_79.png":{"frame":{"x":1821,"y":121,"w":32,"h":55},"sourceSize":{"w":32,"h":55},"spriteSourceSize":{"x":0,"y":0,"w":32,"h":55},"rotated":false,"trimmed":false},"ads_cllava2_ads_cllava2_64_c_0_66.png":{"frame":{"x":2436,"y":140,"w":32,"h":42},"sourceSize":{"w":32,"h":42},"spriteSourceSize":{"x":0,"y":0,"w":32,"h":42},"rotated":false,"trimmed":false},"ads_cllava2_ads_cllava2_64_c_0_28.png":{"frame":{"x":1038,"y":109,"w":33,"h":61},"sourceSize":{"w":33,"h":61},"spriteSourceSize":{"x":0,"y":0,"w":33,"h":61},"rotated":false,"trimmed":false},"ads_cllava2_ads_cllava2_64_c_0_53.png":{"frame":{"x":968,"y":116,"w":33,"h":54},"sourceSize":{"w":33,"h":54},"spriteSourceSize":{"x":0,"y":0,"w":33,"h":54},"rotated":false,"trimmed":false},"ads_cllava2_ads_cllava2_64_c_0_2.png":{"frame":{"x":874,"y":98,"w":32,"h":26},"sourceSize":{"w":32,"h":26},"spriteSourceSize":{"x":0,"y":0,"w":32,"h":26},"rotated":false,"trimmed":false},"ads_cllava2_ads_cllava2_64_d_0_11.png":{"frame":{"x":1399,"y":174,"w":56,"h":80},"sourceSize":{"w":56,"h":80},"spriteSourceSize":{"x":0,"y":0,"w":56,"h":80},"rotated":false,"trimmed":false},"ads_cllava2_ads_cllava2_64_c_0_58.png":{"frame":{"x":1073,"y":111,"w":32,"h":60},"sourceSize":{"w":32,"h":60},"spriteSourceSize":{"x":0,"y":0,"w":32,"h":60},"rotated":false,"trimmed":false},"ads_cllava2_ads_cllava2_64_c_0_83.png":{"frame":{"x":2606,"y":145,"w":32,"h":39},"sourceSize":{"w":32,"h":39},"spriteSourceSize":{"x":0,"y":0,"w":32,"h":39},"rotated":false,"trimmed":false},"ads_cllava2_ads_cllava2_64_d_0_24.png":{"frame":{"x":1631,"y":176,"w":56,"h":78},"sourceSize":{"w":56,"h":78},"spriteSourceSize":{"x":0,"y":0,"w":56,"h":78},"rotated":false,"trimmed":false},"ads_cllava2_ads_cllava2_64_d_0_7.png":{"frame":{"x":2793,"y":188,"w":56,"h":66},"sourceSize":{"w":56,"h":66},"spriteSourceSize":{"x":0,"y":0,"w":56,"h":66},"rotated":false,"trimmed":false},"ads_cllava2_ads_cllava2_64_c_0_15.png":{"frame":{"x":2538,"y":118,"w":32,"h":21},"sourceSize":{"w":32,"h":21},"spriteSourceSize":{"x":0,"y":0,"w":32,"h":21},"rotated":false,"trimmed":false},"ads_cllava2_ads_cllava2_64_c_0_70.png":{"frame":{"x":387,"y":69,"w":32,"h":29},"sourceSize":{"w":32,"h":29},"spriteSourceSize":{"x":0,"y":0,"w":32,"h":29},"rotated":false,"trimmed":false},"ads_cllava2_ads_cllava2_64_d_0_67.png":{"frame":{"x":3083,"y":191,"w":56,"h":63},"sourceSize":{"w":56,"h":63},"spriteSourceSize":{"x":0,"y":0,"w":56,"h":63},"rotated":false,"trimmed":false},"ads_cllava2_ads_cllava2_64_d_0_54.png":{"frame":{"x":1457,"y":174,"w":56,"h":80},"sourceSize":{"w":56,"h":80},"spriteSourceSize":{"x":0,"y":0,"w":56,"h":80},"rotated":false,"trimmed":false},"ads_cllava2_ads_cllava2_64_d_0_84.png":{"frame":{"x":3373,"y":194,"w":56,"h":60},"sourceSize":{"w":56,"h":60},"spriteSourceSize":{"x":0,"y":0,"w":56,"h":60},"rotated":false,"trimmed":false},"ads_cllava2_ads_cllava2_64_c_0_81.png":{"frame":{"x":2368,"y":137,"w":32,"h":45},"sourceSize":{"w":32,"h":45},"spriteSourceSize":{"x":0,"y":0,"w":32,"h":45},"rotated":false,"trimmed":false},"ads_cllava2_ads_cllava2_64_c_0_21.png":{"frame":{"x":2198,"y":133,"w":32,"h":46},"sourceSize":{"w":32,"h":46},"spriteSourceSize":{"x":0,"y":0,"w":32,"h":46},"rotated":false,"trimmed":false},"ads_cllava2_ads_cllava2_64_c_0_64.png":{"frame":{"x":327,"y":18,"w":32,"h":49},"sourceSize":{"w":32,"h":49},"spriteSourceSize":{"x":0,"y":0,"w":32,"h":49},"rotated":false,"trimmed":false},"ads_cllava2_ads_cllava2_64_c_0_34.png":{"frame":{"x":602,"y":87,"w":32,"h":36},"sourceSize":{"w":32,"h":36},"spriteSourceSize":{"x":0,"y":0,"w":32,"h":36},"rotated":false,"trimmed":false},"ads_cllava2_ads_cllava2_64_c_0_51.png":{"frame":{"x":2096,"y":130,"w":32,"h":49},"sourceSize":{"w":32,"h":49},"spriteSourceSize":{"x":0,"y":0,"w":32,"h":49},"rotated":false,"trimmed":false},"ads_cllava2_ads_cllava2_64_d_0_48.png":{"frame":{"x":3315,"y":194,"w":56,"h":60},"sourceSize":{"w":56,"h":60},"spriteSourceSize":{"x":0,"y":0,"w":56,"h":60},"rotated":false,"trimmed":false},"ads_cllava2_ads_cllava2_64_c_0_77.png":{"frame":{"x":1345,"y":113,"w":32,"h":59},"sourceSize":{"w":32,"h":59},"spriteSourceSize":{"x":0,"y":0,"w":32,"h":59},"rotated":false,"trimmed":false},"ads_cllava2_ads_cllava2_64_d_0_18.png":{"frame":{"x":3605,"y":198,"w":56,"h":56},"sourceSize":{"w":56,"h":56},"spriteSourceSize":{"x":0,"y":0,"w":56,"h":56},"rotated":false,"trimmed":false},"ads_cllava2_ads_cllava2_64_c_0_85.png":{"frame":{"x":463,"y":54,"w":32,"h":33},"sourceSize":{"w":32,"h":33},"spriteSourceSize":{"x":0,"y":0,"w":32,"h":33},"rotated":false,"trimmed":false},"ads_cllava2_ads_cllava2_64_d_0_22.png":{"frame":{"x":1981,"y":181,"w":56,"h":73},"sourceSize":{"w":56,"h":73},"spriteSourceSize":{"x":0,"y":0,"w":56,"h":73},"rotated":false,"trimmed":false},"ads_cllava2_ads_cllava2_64_d_0_65.png":{"frame":{"x":2619,"y":186,"w":56,"h":68},"sourceSize":{"w":56,"h":68},"spriteSourceSize":{"x":0,"y":0,"w":56,"h":68},"rotated":false,"trimmed":false},"ads_cllava2_ads_cllava2_64_b_0_0.png":{"frame":{"x":99,"y":69,"w":38,"h":99},"sourceSize":{"w":38,"h":99},"spriteSourceSize":{"x":0,"y":0,"w":38,"h":99},"rotated":false,"trimmed":false},"ads_cllava2_ads_cllava2_64_c_0_42.png":{"frame":{"x":1481,"y":113,"w":32,"h":59},"sourceSize":{"w":32,"h":59},"spriteSourceSize":{"x":0,"y":0,"w":32,"h":59},"rotated":false,"trimmed":false},"ads_cllava2_ads_cllava2_64_c_0_69.png":{"frame":{"x":466,"y":89,"w":32,"h":33},"sourceSize":{"w":32,"h":33},"spriteSourceSize":{"x":0,"y":0,"w":32,"h":33},"rotated":false,"trimmed":false},"ads_cllava2_ads_cllava2_64_d_0_49.png":{"frame":{"x":2851,"y":188,"w":56,"h":66},"sourceSize":{"w":56,"h":66},"spriteSourceSize":{"x":0,"y":0,"w":56,"h":66},"rotated":false,"trimmed":false},"ads_cllava2_ads_cllava2_64_c_0_26.png":{"frame":{"x":1379,"y":113,"w":32,"h":59},"sourceSize":{"w":32,"h":59},"spriteSourceSize":{"x":0,"y":0,"w":32,"h":59},"rotated":false,"trimmed":false},"ads_cllava2_ads_cllava2_64_d_0_73.png":{"frame":{"x":504,"y":124,"w":56,"h":46},"sourceSize":{"w":56,"h":46},"spriteSourceSize":{"x":0,"y":0,"w":56,"h":46},"rotated":false,"trimmed":false},"ads_cllava2_ads_cllava2_64_d_0_30.png":{"frame":{"x":179,"y":70,"w":56,"h":45},"sourceSize":{"w":56,"h":45},"spriteSourceSize":{"x":0,"y":0,"w":56,"h":45},"rotated":false,"trimmed":false},"ads_cllava2_ads_cllava2_64_c_0_50.png":{"frame":{"x":2232,"y":133,"w":32,"h":46},"sourceSize":{"w":32,"h":46},"spriteSourceSize":{"x":0,"y":0,"w":32,"h":46},"rotated":false,"trimmed":false},"ads_cllava2_ads_cllava2_64_c_0_24.png":{"frame":{"x":1855,"y":121,"w":33,"h":54},"sourceSize":{"w":33,"h":54},"spriteSourceSize":{"x":0,"y":0,"w":33,"h":54},"rotated":false,"trimmed":false},"ads_cllava2_ads_cllava2_64_c_0_67.png":{"frame":{"x":2572,"y":145,"w":32,"h":39},"sourceSize":{"w":32,"h":39},"spriteSourceSize":{"x":0,"y":0,"w":32,"h":39},"rotated":false,"trimmed":false},"ads_cllava2_ads_cllava2_64_d_0_47.png":{"frame":{"x":3663,"y":198,"w":56,"h":56},"sourceSize":{"w":56,"h":56},"spriteSourceSize":{"x":0,"y":0,"w":56,"h":56},"rotated":false,"trimmed":false},"ads_cllava2_ads_cllava2_64_f_0_0.png":{"frame":{"x":2,"y":146,"w":60,"h":108},"sourceSize":{"w":60,"h":108},"spriteSourceSize":{"x":0,"y":0,"w":60,"h":108},"rotated":false,"trimmed":false},"ads_cllava2_ads_cllava2_64_d_0_8.png":{"frame":{"x":2503,"y":185,"w":56,"h":69},"sourceSize":{"w":56,"h":69},"spriteSourceSize":{"x":0,"y":0,"w":56,"h":69},"rotated":false,"trimmed":false},"ads_cllava2_ads_cllava2_64_c_0_18.png":{"frame":{"x":463,"y":19,"w":32,"h":33},"sourceSize":{"w":32,"h":33},"spriteSourceSize":{"x":0,"y":0,"w":32,"h":33},"rotated":false,"trimmed":false},"ads_cllava2_ads_cllava2_64_c_0_5.png":{"frame":{"x":636,"y":87,"w":32,"h":36},"sourceSize":{"w":32,"h":36},"spriteSourceSize":{"x":0,"y":0,"w":32,"h":36},"rotated":false,"trimmed":false},"ads_cllava2_ads_cllava2_64_c_0_40.png":{"frame":{"x":1753,"y":119,"w":32,"h":57},"sourceSize":{"w":32,"h":57},"spriteSourceSize":{"x":0,"y":0,"w":32,"h":57},"rotated":false,"trimmed":false},"ads_cllava2_ads_cllava2_64_d_0_55.png":{"frame":{"x":819,"y":172,"w":56,"h":82},"sourceSize":{"w":56,"h":82},"spriteSourceSize":{"x":0,"y":0,"w":56,"h":82},"rotated":false,"trimmed":false},"ads_cllava2_ads_cllava2_64_d_0_12.png":{"frame":{"x":587,"y":172,"w":56,"h":82},"sourceSize":{"w":56,"h":82},"spriteSourceSize":{"x":0,"y":0,"w":56,"h":82},"rotated":false,"trimmed":false},"ads_cllava2_ads_cllava2_64_d_0_20.png":{"frame":{"x":2735,"y":188,"w":56,"h":66},"sourceSize":{"w":56,"h":66},"spriteSourceSize":{"x":0,"y":0,"w":56,"h":66},"rotated":false,"trimmed":false},"ads_cllava2_ads_cllava2_64_c_0_32.png":{"frame":{"x":772,"y":94,"w":32,"h":30},"sourceSize":{"w":32,"h":30},"spriteSourceSize":{"x":0,"y":0,"w":32,"h":30},"rotated":false,"trimmed":false},"ads_cllava2_ads_cllava2_64_d_0_59.png":{"frame":{"x":1109,"y":173,"w":56,"h":81},"sourceSize":{"w":56,"h":81},"spriteSourceSize":{"x":0,"y":0,"w":56,"h":81},"rotated":false,"trimmed":false},"ads_cllava2_ads_cllava2_64_c_0_75.png":{"frame":{"x":1617,"y":115,"w":32,"h":58},"sourceSize":{"w":32,"h":58},"spriteSourceSize":{"x":0,"y":0,"w":32,"h":58},"rotated":false,"trimmed":false},"ads_cllava2_ads_cllava2_64_d_0_16.png":{"frame":{"x":153,"y":19,"w":56,"h":49},"sourceSize":{"w":56,"h":49},"spriteSourceSize":{"x":0,"y":0,"w":56,"h":49},"rotated":false,"trimmed":false},"ads_cllava2_ads_cllava2_64_d_0_81.png":{"frame":{"x":2561,"y":186,"w":56,"h":68},"sourceSize":{"w":56,"h":68},"spriteSourceSize":{"x":0,"y":0,"w":56,"h":68},"rotated":false,"trimmed":false},"ads_cllava2_ads_cllava2_64_c_0_36.png":{"frame":{"x":2402,"y":139,"w":32,"h":43},"sourceSize":{"w":32,"h":43},"spriteSourceSize":{"x":0,"y":0,"w":32,"h":43},"rotated":false,"trimmed":false},"ads_cllava2_ads_cllava2_64_c_0_7.png":{"frame":{"x":395,"y":24,"w":32,"h":43},"sourceSize":{"w":32,"h":43},"spriteSourceSize":{"x":0,"y":0,"w":32,"h":43},"rotated":false,"trimmed":false},"ads_cllava2_ads_cllava2_64_d_0_63.png":{"frame":{"x":1515,"y":175,"w":56,"h":79},"sourceSize":{"w":56,"h":79},"spriteSourceSize":{"x":0,"y":0,"w":56,"h":79},"rotated":false,"trimmed":false},"ads_cllava2_ads_cllava2_64_c_0_44.png":{"frame":{"x":2572,"y":122,"w":32,"h":21},"sourceSize":{"w":32,"h":21},"spriteSourceSize":{"x":0,"y":0,"w":32,"h":21},"rotated":false,"trimmed":false},"ads_cllava2_ads_cllava2_64_c_0_57.png":{"frame":{"x":353,"y":108,"w":33,"h":61},"sourceSize":{"w":33,"h":61},"spriteSourceSize":{"x":0,"y":0,"w":33,"h":61},"rotated":false,"trimmed":false},"ads_cllava2_ads_cllava2_64_d_0_50.png":{"frame":{"x":2387,"y":184,"w":56,"h":70},"sourceSize":{"w":56,"h":70},"spriteSourceSize":{"x":0,"y":0,"w":56,"h":70},"rotated":false,"trimmed":false},"ads_cllava2_ads_cllava2_64_c_0_87.png":{"frame":{"x":2402,"y":112,"w":32,"h":25},"sourceSize":{"w":32,"h":25},"spriteSourceSize":{"x":0,"y":0,"w":32,"h":25},"rotated":false,"trimmed":false},"ads_cllava2_ads_cllava2_64_d_0_32.png":{"frame":{"x":3837,"y":201,"w":56,"h":53},"sourceSize":{"w":56,"h":53},"spriteSourceSize":{"x":0,"y":0,"w":56,"h":53},"rotated":false,"trimmed":false},"ads_cllava2_ads_cllava2_64_d_0_45.png":{"frame":{"x":211,"y":19,"w":56,"h":49},"sourceSize":{"w":56,"h":49},"spriteSourceSize":{"x":0,"y":0,"w":56,"h":49},"rotated":false,"trimmed":false},"ads_cllava2_ads_cllava2_64_d_0_1.png":{"frame":{"x":237,"y":70,"w":56,"h":45},"sourceSize":{"w":56,"h":45},"spriteSourceSize":{"x":0,"y":0,"w":56,"h":45},"rotated":false,"trimmed":false},"ads_cllava2_ads_cllava2_64_c_0_73.png":{"frame":{"x":64,"y":146,"w":32,"h":22},"sourceSize":{"w":32,"h":22},"spriteSourceSize":{"x":0,"y":0,"w":32,"h":22},"rotated":false,"trimmed":false},"ads_cllava2_ads_cllava2_64_c_0_30.png":{"frame":{"x":429,"y":4,"w":32,"h":22},"sourceSize":{"w":32,"h":22},"spriteSourceSize":{"x":0,"y":0,"w":32,"h":22},"rotated":false,"trimmed":false},"ads_cllava2_ads_cllava2_64_d_0_39.png":{"frame":{"x":1865,"y":177,"w":56,"h":77},"sourceSize":{"w":56,"h":77},"spriteSourceSize":{"x":0,"y":0,"w":56,"h":77},"rotated":false,"trimmed":false},"ads_cllava2_ads_cllava2_64_d_0_88.png":{"frame":{"x":736,"y":126,"w":56,"h":44},"sourceSize":{"w":56,"h":44},"spriteSourceSize":{"x":0,"y":0,"w":56,"h":44},"rotated":false,"trimmed":false},"ads_cllava2_ads_cllava2_64_d_0_26.png":{"frame":{"x":355,"y":172,"w":56,"h":82},"sourceSize":{"w":56,"h":82},"spriteSourceSize":{"x":0,"y":0,"w":56,"h":82},"rotated":false,"trimmed":false},"ads_cllava2_ads_cllava2_64_d_0_75.png":{"frame":{"x":1225,"y":173,"w":56,"h":81},"sourceSize":{"w":56,"h":81},"spriteSourceSize":{"x":0,"y":0,"w":56,"h":81},"rotated":false,"trimmed":false},"ads_cllava2_ads_cllava2_64_d_0_61.png":{"frame":{"x":703,"y":172,"w":56,"h":82},"sourceSize":{"w":56,"h":82},"spriteSourceSize":{"x":0,"y":0,"w":56,"h":82},"rotated":false,"trimmed":false},"ads_cllava2_ads_cllava2_64_d_0_14.png":{"frame":{"x":645,"y":172,"w":56,"h":82},"sourceSize":{"w":56,"h":82},"spriteSourceSize":{"x":0,"y":0,"w":56,"h":82},"rotated":false,"trimmed":false},"ads_cllava2_ads_cllava2_64_c_0_60.png":{"frame":{"x":1243,"y":112,"w":32,"h":59},"sourceSize":{"w":32,"h":59},"spriteSourceSize":{"x":0,"y":0,"w":32,"h":59},"rotated":false,"trimmed":false},"ads_cllava2_ads_cllava2_64_c_0_38.png":{"frame":{"x":2130,"y":130,"w":32,"h":49},"sourceSize":{"w":32,"h":49},"spriteSourceSize":{"x":0,"y":0,"w":32,"h":49},"rotated":false,"trimmed":false},"ads_cllava2_ads_cllava2_64_d_0_57.png":{"frame":{"x":297,"y":171,"w":56,"h":83},"sourceSize":{"w":56,"h":83},"spriteSourceSize":{"x":0,"y":0,"w":56,"h":83},"rotated":false,"trimmed":false},"ads_cllava2_ads_cllava2_64_d_0_4.png":{"frame":{"x":60,"y":2,"w":56,"h":56},"sourceSize":{"w":56,"h":56},"spriteSourceSize":{"x":0,"y":0,"w":56,"h":56},"rotated":false,"trimmed":false},"ads_cllava2_ads_cllava2_64_d_0_87.png":{"frame":{"x":269,"y":19,"w":56,"h":48},"sourceSize":{"w":56,"h":48},"spriteSourceSize":{"x":0,"y":0,"w":56,"h":48},"rotated":false,"trimmed":false},"ads_cllava2_ads_cllava2_64_c_0_80.png":{"frame":{"x":2028,"y":130,"w":32,"h":49},"sourceSize":{"w":32,"h":49},"spriteSourceSize":{"x":0,"y":0,"w":32,"h":49},"rotated":false,"trimmed":false},"ads_cllava2_ads_cllava2_64_c_0_46.png":{"frame":{"x":738,"y":94,"w":32,"h":30},"sourceSize":{"w":32,"h":30},"spriteSourceSize":{"x":0,"y":0,"w":32,"h":30},"rotated":false,"trimmed":false},"ads_cllava2_ads_cllava2_64_c_0_89.png":{"frame":{"x":139,"y":71,"w":32,"h":22},"sourceSize":{"w":32,"h":22},"spriteSourceSize":{"x":0,"y":0,"w":32,"h":22},"rotated":false,"trimmed":false},"ads_cllava2_ads_cllava2_64_c_0_11.png":{"frame":{"x":1719,"y":117,"w":32,"h":57},"sourceSize":{"w":32,"h":57},"spriteSourceSize":{"x":0,"y":0,"w":32,"h":57},"rotated":false,"trimmed":false},"ads_cllava2_ads_cllava2_64_c_0_20.png":{"frame":{"x":2504,"y":141,"w":32,"h":42},"sourceSize":{"w":32,"h":42},"spriteSourceSize":{"x":0,"y":0,"w":32,"h":42},"rotated":false,"trimmed":false},"ads_cllava2_ads_cllava2_64_a_0_0.png":{"frame":{"x":139,"y":95,"w":38,"h":74},"sourceSize":{"w":38,"h":74},"spriteSourceSize":{"x":0,"y":0,"w":38,"h":74},"rotated":false,"trimmed":false},"ads_cllava2_ads_cllava2_64_c_0_63.png":{"frame":{"x":1787,"y":121,"w":32,"h":55},"sourceSize":{"w":32,"h":55},"spriteSourceSize":{"x":0,"y":0,"w":32,"h":55},"rotated":false,"trimmed":false},"ads_cllava2_ads_cllava2_64_d_0_19.png":{"frame":{"x":3257,"y":194,"w":56,"h":60},"sourceSize":{"w":56,"h":60},"spriteSourceSize":{"x":0,"y":0,"w":56,"h":60},"rotated":false,"trimmed":false},"ads_cllava2_ads_cllava2_64_c_0_48.png":{"frame":{"x":568,"y":87,"w":32,"h":36},"sourceSize":{"w":32,"h":36},"spriteSourceSize":{"x":0,"y":0,"w":32,"h":36},"rotated":false,"trimmed":false},"ads_cllava2_ads_cllava2_64_d_0_34.png":{"frame":{"x":3489,"y":195,"w":56,"h":59},"sourceSize":{"w":56,"h":59},"spriteSourceSize":{"x":0,"y":0,"w":56,"h":59},"rotated":false,"trimmed":false},"ads_cllava2_ads_cllava2_64_c_0_54.png":{"frame":{"x":361,"y":10,"w":32,"h":57},"sourceSize":{"w":32,"h":57},"spriteSourceSize":{"x":0,"y":0,"w":32,"h":57},"rotated":false,"trimmed":false},"ads_cllava2_ads_cllava2_64_e_0_0.png":{"frame":{"x":61,"y":60,"w":36,"h":84},"sourceSize":{"w":36,"h":84},"spriteSourceSize":{"x":0,"y":0,"w":36,"h":84},"rotated":false,"trimmed":false},"ads_cllava2_ads_cllava2_64_d_0_28.png":{"frame":{"x":123,"y":171,"w":56,"h":83},"sourceSize":{"w":56,"h":83},"spriteSourceSize":{"x":0,"y":0,"w":56,"h":83},"rotated":false,"trimmed":false},"ads_cllava2_ads_cllava2_64_c_0_8.png":{"frame":{"x":2300,"y":133,"w":32,"h":46},"sourceSize":{"w":32,"h":46},"spriteSourceSize":{"x":0,"y":0,"w":32,"h":46},"rotated":false,"trimmed":false},"ads_cllava2_ads_cllava2_64_d_0_51.png":{"frame":{"x":2213,"y":181,"w":56,"h":73},"sourceSize":{"w":56,"h":73},"spriteSourceSize":{"x":0,"y":0,"w":56,"h":73},"rotated":false,"trimmed":false},"ads_cllava2_ads_cllava2_64_d_0_77.png":{"frame":{"x":993,"y":172,"w":56,"h":82},"sourceSize":{"w":56,"h":82},"spriteSourceSize":{"x":0,"y":0,"w":56,"h":82},"rotated":false,"trimmed":false},"ads_cllava2_ads_cllava2_64_d_0_25.png":{"frame":{"x":1283,"y":174,"w":56,"h":80},"sourceSize":{"w":56,"h":80},"spriteSourceSize":{"x":0,"y":0,"w":56,"h":80},"rotated":false,"trimmed":false},"ads_cllava2_ads_cllava2_64_c_0_14.png":{"frame":{"x":1141,"y":111,"w":32,"h":60},"sourceSize":{"w":32,"h":60},"spriteSourceSize":{"x":0,"y":0,"w":32,"h":60},"rotated":false,"trimmed":false},"ads_cllava2_ads_cllava2_64_c_0_71.png":{"frame":{"x":1993,"y":100,"w":32,"h":25},"sourceSize":{"w":32,"h":25},"spriteSourceSize":{"x":0,"y":0,"w":32,"h":25},"rotated":false,"trimmed":false},"ads_cllava2_ads_cllava2_64_d_0_68.png":{"frame":{"x":3431,"y":194,"w":56,"h":60},"sourceSize":{"w":56,"h":60},"spriteSourceSize":{"x":0,"y":0,"w":56,"h":60},"rotated":false,"trimmed":false},"ads_cllava2_ads_cllava2_64_d_0_85.png":{"frame":{"x":3721,"y":198,"w":56,"h":56},"sourceSize":{"w":56,"h":56},"spriteSourceSize":{"x":0,"y":0,"w":56,"h":56},"rotated":false,"trimmed":false},"ads_cllava2_ads_cllava2_64_d_0_42.png":{"frame":{"x":471,"y":172,"w":56,"h":82},"sourceSize":{"w":56,"h":82},"spriteSourceSize":{"x":0,"y":0,"w":56,"h":82},"rotated":false,"trimmed":false},"ads_cllava2_ads_cllava2_64_c_0_82.png":{"frame":{"x":2470,"y":141,"w":32,"h":42},"sourceSize":{"w":32,"h":42},"spriteSourceSize":{"x":0,"y":0,"w":32,"h":42},"rotated":false,"trimmed":false},"ads_cllava2_ads_cllava2_64_c_0_1.png":{"frame":{"x":2504,"y":117,"w":32,"h":22},"sourceSize":{"w":32,"h":22},"spriteSourceSize":{"x":0,"y":0,"w":32,"h":22},"rotated":false,"trimmed":false},"ads_cllava2_ads_cllava2_64_c_0_52.png":{"frame":{"x":1993,"y":127,"w":33,"h":52},"sourceSize":{"w":33,"h":52},"spriteSourceSize":{"x":0,"y":0,"w":33,"h":52},"rotated":false,"trimmed":false},"ads_cllava2_ads_cllava2_64_c_0_65.png":{"frame":{"x":2334,"y":137,"w":32,"h":45},"sourceSize":{"w":32,"h":45},"spriteSourceSize":{"x":0,"y":0,"w":32,"h":45},"rotated":false,"trimmed":false},"ads_cllava2_ads_cllava2_64_d_0_17.png":{"frame":{"x":3953,"y":201,"w":56,"h":53},"sourceSize":{"w":56,"h":53},"spriteSourceSize":{"x":0,"y":0,"w":56,"h":53},"rotated":false,"trimmed":false},"ads_cllava2_ads_cllava2_64_c_0_35.png":{"frame":{"x":2640,"y":145,"w":32,"h":39},"sourceSize":{"w":32,"h":39},"spriteSourceSize":{"x":0,"y":0,"w":32,"h":39},"rotated":false,"trimmed":false},"ads_cllava2_ads_cllava2_64_c_0_22.png":{"frame":{"x":2062,"y":130,"w":32,"h":49},"sourceSize":{"w":32,"h":49},"spriteSourceSize":{"x":0,"y":0,"w":32,"h":49},"rotated":false,"trimmed":false},"ads_cllava2_ads_cllava2_64_c_0_3.png":{"frame":{"x":806,"y":94,"w":32,"h":30},"sourceSize":{"w":32,"h":30},"spriteSourceSize":{"x":0,"y":0,"w":32,"h":30},"rotated":false,"trimmed":false},"ads_cllava2_ads_cllava2_64_d_0_10.png":{"frame":{"x":1923,"y":177,"w":56,"h":77},"sourceSize":{"w":56,"h":77},"spriteSourceSize":{"x":0,"y":0,"w":56,"h":77},"rotated":false,"trimmed":false},"ads_cllava2_ads_cllava2_64_d_0_83.png":{"frame":{"x":3025,"y":191,"w":56,"h":63},"sourceSize":{"w":56,"h":63},"spriteSourceSize":{"x":0,"y":0,"w":56,"h":63},"rotated":false,"trimmed":false},"ads_cllava2_ads_cllava2_64_c_0_29.png":{"frame":{"x":1107,"y":111,"w":32,"h":60},"sourceSize":{"w":32,"h":60},"spriteSourceSize":{"x":0,"y":0,"w":32,"h":60},"rotated":false,"trimmed":false},"ads_cllava2_ads_cllava2_64_c_0_78.png":{"frame":{"x":1651,"y":116,"w":32,"h":58},"sourceSize":{"w":32,"h":58},"spriteSourceSize":{"x":0,"y":0,"w":32,"h":58},"rotated":false,"trimmed":false},"ads_cllava2_ads_cllava2_64_d_0_40.png":{"frame":{"x":1341,"y":174,"w":56,"h":80},"sourceSize":{"w":56,"h":80},"spriteSourceSize":{"x":0,"y":0,"w":56,"h":80},"rotated":false,"trimmed":false},"ads_cllava2_ads_cllava2_64_d_0_53.png":{"frame":{"x":1689,"y":176,"w":56,"h":78},"sourceSize":{"w":56,"h":78},"spriteSourceSize":{"x":0,"y":0,"w":56,"h":78},"rotated":false,"trimmed":false},"ads_cllava2_ads_cllava2_64_c_0_16.png":{"frame":{"x":2436,"y":113,"w":32,"h":25},"sourceSize":{"w":32,"h":25},"spriteSourceSize":{"x":0,"y":0,"w":32,"h":25},"rotated":false,"trimmed":false},"ads_cllava2_ads_cllava2_64_d_0_66.png":{"frame":{"x":2967,"y":188,"w":56,"h":66},"sourceSize":{"w":56,"h":66},"spriteSourceSize":{"x":0,"y":0,"w":56,"h":66},"rotated":false,"trimmed":false},"ads_cllava2_ads_cllava2_64_c_0_59.png":{"frame":{"x":1549,"y":115,"w":32,"h":58},"sourceSize":{"w":32,"h":58},"spriteSourceSize":{"x":0,"y":0,"w":32,"h":58},"rotated":false,"trimmed":false},"ads_cllava2_ads_cllava2_64_d_0_36.png":{"frame":{"x":2677,"y":188,"w":56,"h":66},"sourceSize":{"w":56,"h":66},"spriteSourceSize":{"x":0,"y":0,"w":56,"h":66},"rotated":false,"trimmed":false},"ads_cllava2_ads_cllava2_64_d_0_23.png":{"frame":{"x":1747,"y":178,"w":57,"h":76},"sourceSize":{"w":57,"h":76},"spriteSourceSize":{"x":0,"y":0,"w":57,"h":76},"rotated":false,"trimmed":false},"ads_cllava2_ads_cllava2_64_d_0_79.png":{"frame":{"x":1573,"y":175,"w":56,"h":79},"sourceSize":{"w":56,"h":79},"spriteSourceSize":{"x":0,"y":0,"w":56,"h":79},"rotated":false,"trimmed":false},"ads_cllava2_ads_cllava2_64_d_0_6.png":{"frame":{"x":3199,"y":192,"w":56,"h":62},"sourceSize":{"w":56,"h":62},"spriteSourceSize":{"x":0,"y":0,"w":56,"h":62},"rotated":false,"trimmed":false},"ads_cllava2_ads_cllava2_64_d_0_70.png":{"frame":{"x":237,"y":117,"w":56,"h":52},"sourceSize":{"w":56,"h":52},"spriteSourceSize":{"x":0,"y":0,"w":56,"h":52},"rotated":false,"trimmed":false}}}