{"type":"furniture","name":"ads_twi_mist","visualizationType":"furniture_animated","logicType":"furniture_multistate","spritesheet":"ads_twi_mist_spritesheet.json","dimensions":{"x":1.0,"y":1.0,"z":0.0},"directions":[0],"assets":{"ads_twi_mist_64_c_0_0":{"x":66,"y":64},"ads_twi_mist_64_c_0_1":{"x":66,"y":64},"ads_twi_mist_64_b_0_0":{"x":66,"y":64},"ads_twi_mist_64_b_0_1":{"x":66,"y":64},"ads_twi_mist_64_b_0_2":{"x":66,"y":64},"ads_twi_mist_64_b_0_19":{"x":66,"y":64},"ads_twi_mist_64_b_0_18":{"x":66,"y":64},"ads_twi_mist_64_b_0_17":{"x":66,"y":64},"ads_twi_mist_64_b_0_16":{"x":66,"y":64},"ads_twi_mist_64_b_0_15":{"x":66,"y":64},"ads_twi_mist_64_b_0_14":{"x":66,"y":64},"ads_twi_mist_64_b_0_13":{"x":66,"y":64},"ads_twi_mist_64_b_0_12":{"x":66,"y":64},"ads_twi_mist_64_b_0_11":{"x":66,"y":64},"ads_twi_mist_64_b_0_10":{"x":66,"y":64},"ads_twi_mist_icon_a":{"x":15,"y":12},"ads_twi_mist_64_a_0_0":{"x":31,"y":15},"ads_twi_mist_64_b_0_7":{"x":66,"y":64},"ads_twi_mist_64_b_0_8":{"x":66,"y":64},"ads_twi_mist_64_b_0_9":{"x":66,"y":64},"ads_twi_mist_64_b_0_3":{"x":66,"y":64},"ads_twi_mist_64_b_0_4":{"x":66,"y":64},"ads_twi_mist_64_b_0_5":{"x":66,"y":64},"ads_twi_mist_64_b_0_6":{"x":66,"y":64},"ads_twi_mist_64_c_0_13":{"x":66,"y":64},"ads_twi_mist_64_c_0_14":{"x":66,"y":64},"ads_twi_mist_64_c_0_15":{"x":66,"y":64},"ads_twi_mist_64_c_0_16":{"x":66,"y":64},"ads_twi_mist_64_c_0_10":{"x":66,"y":64},"ads_twi_mist_64_c_0_11":{"x":66,"y":64},"ads_twi_mist_64_c_0_12":{"x":66,"y":64},"ads_twi_mist_64_c_0_4":{"x":66,"y":64},"ads_twi_mist_64_c_0_5":{"x":66,"y":64},"ads_twi_mist_64_c_0_2":{"x":66,"y":64},"ads_twi_mist_64_c_0_3":{"x":66,"y":64},"ads_twi_mist_64_c_0_17":{"x":66,"y":64},"ads_twi_mist_64_c_0_8":{"x":66,"y":64},"ads_twi_mist_64_c_0_18":{"x":66,"y":64},"ads_twi_mist_64_c_0_9":{"x":66,"y":64},"ads_twi_mist_64_c_0_19":{"x":66,"y":64},"ads_twi_mist_64_c_0_6":{"x":66,"y":64},"ads_twi_mist_64_c_0_7":{"x":66,"y":64}},"visualization":{"layerCount":3,"angle":45,"layers":{"0":{"z":50.0,"ink":"ADD"},"1":{"ink":"ADD","ignoreMouse":true},"2":{"z":2000.0,"ink":"ADD","ignoreMouse":true}},"directions":{"0":{}},"animations":{"0":{"layers":{"0":{"frameSequences":{"0":{"frames":{"0":{"id":0}}}}},"1":{"loopCount":0,"frameRepeat":2,"frameSequences":{"0":{"frames":{"0":{"id":0},"1":{"id":1},"2":{"id":2},"3":{"id":2},"4":{"id":4},"5":{"id":5},"6":{"id":6},"7":{"id":7},"8":{"id":10},"9":{"id":12},"10":{"id":13},"11":{"id":13},"12":{"id":14},"13":{"id":16},"14":{"id":16},"15":{"id":17},"16":{"id":18},"17":{"id":19},"18":{"id":18},"19":{"id":19}}}}},"2":{"loopCount":0,"frameRepeat":2,"frameSequences":{"0":{"frames":{"0":{"id":0},"1":{"id":1},"2":{"id":4},"3":{"id":6},"4":{"id":8},"5":{"id":9},"6":{"id":10},"7":{"id":13},"8":{"id":14},"9":{"id":16},"10":{"id":17},"11":{"id":19}}}}}}},"1":{"layers":{"1":{"loopCount":0,"frameRepeat":2,"frameSequences":{"0":{"frames":{"0":{"id":0},"1":{"id":1},"2":{"id":1},"3":{"id":2},"4":{"id":2},"5":{"id":3},"6":{"id":3},"7":{"id":4},"8":{"id":4},"9":{"id":5},"10":{"id":5},"11":{"id":6},"12":{"id":6},"13":{"id":7},"14":{"id":7},"15":{"id":8},"16":{"id":8},"17":{"id":9},"18":{"id":9},"19":{"id":10},"20":{"id":10},"21":{"id":11},"22":{"id":11},"23":{"id":12},"24":{"id":12},"25":{"id":13},"26":{"id":13},"27":{"id":14},"28":{"id":14},"29":{"id":15},"30":{"id":15},"31":{"id":16},"32":{"id":16},"33":{"id":17},"34":{"id":17},"35":{"id":18},"36":{"id":18},"37":{"id":19},"38":{"id":19},"39":{"id":0}}}}},"2":{"loopCount":0,"frameRepeat":2,"frameSequences":{"0":{"frames":{"0":{"id":0},"1":{"id":1},"2":{"id":2},"3":{"id":3},"4":{"id":4},"5":{"id":5},"6":{"id":6},"7":{"id":7},"8":{"id":8},"9":{"id":9},"10":{"id":10},"11":{"id":11},"12":{"id":12},"13":{"id":13},"14":{"id":14},"15":{"id":15},"16":{"id":16},"17":{"id":17},"18":{"id":18},"19":{"id":19}}}}}}}}}}