{"meta":{"app":"FFConverter ~ Joopie","format":"RGBA8888","image":"ads_twi_mist.png","scale":"1.0","size":{"w":4096,"h":256},"version":"1.0"},"frames":{"ads_twi_mist_ads_twi_mist_64_c_0_4.png":{"frame":{"x":1922,"y":139,"w":126,"h":102},"sourceSize":{"w":126,"h":102},"spriteSourceSize":{"x":0,"y":0,"w":126,"h":102},"rotated":false,"trimmed":false},"ads_twi_mist_ads_twi_mist_64_c_0_9.png":{"frame":{"x":2178,"y":35,"w":126,"h":102},"sourceSize":{"w":126,"h":102},"spriteSourceSize":{"x":0,"y":0,"w":126,"h":102},"rotated":false,"trimmed":false},"ads_twi_mist_ads_twi_mist_64_b_0_9.png":{"frame":{"x":642,"y":35,"w":126,"h":102},"sourceSize":{"w":126,"h":102},"spriteSourceSize":{"x":0,"y":0,"w":126,"h":102},"rotated":false,"trimmed":false},"ads_twi_mist_ads_twi_mist_64_b_0_13.png":{"frame":{"x":130,"y":139,"w":126,"h":102},"sourceSize":{"w":126,"h":102},"spriteSourceSize":{"x":0,"y":0,"w":126,"h":102},"rotated":false,"trimmed":false},"ads_twi_mist_ads_twi_mist_64_c_0_15.png":{"frame":{"x":1282,"y":139,"w":126,"h":102},"sourceSize":{"w":126,"h":102},"spriteSourceSize":{"x":0,"y":0,"w":126,"h":102},"rotated":false,"trimmed":false},"ads_twi_mist_ads_twi_mist_64_c_0_19.png":{"frame":{"x":1538,"y":139,"w":126,"h":102},"sourceSize":{"w":126,"h":102},"spriteSourceSize":{"x":0,"y":0,"w":126,"h":102},"rotated":false,"trimmed":false},"ads_twi_mist_ads_twi_mist_64_c_0_14.png":{"frame":{"x":1794,"y":139,"w":126,"h":102},"sourceSize":{"w":126,"h":102},"spriteSourceSize":{"x":0,"y":0,"w":126,"h":102},"rotated":false,"trimmed":false},"ads_twi_mist_ads_twi_mist_64_b_0_17.png":{"frame":{"x":1154,"y":35,"w":126,"h":102},"sourceSize":{"w":126,"h":102},"spriteSourceSize":{"x":0,"y":0,"w":126,"h":102},"rotated":false,"trimmed":false},"ads_twi_mist_ads_twi_mist_64_b_0_19.png":{"frame":{"x":642,"y":139,"w":126,"h":102},"sourceSize":{"w":126,"h":102},"spriteSourceSize":{"x":0,"y":0,"w":126,"h":102},"rotated":false,"trimmed":false},"ads_twi_mist_ads_twi_mist_64_b_0_5.png":{"frame":{"x":1154,"y":139,"w":126,"h":102},"sourceSize":{"w":126,"h":102},"spriteSourceSize":{"x":0,"y":0,"w":126,"h":102},"rotated":false,"trimmed":false},"ads_twi_mist_ads_twi_mist_64_c_0_10.png":{"frame":{"x":1538,"y":35,"w":126,"h":102},"sourceSize":{"w":126,"h":102},"spriteSourceSize":{"x":0,"y":0,"w":126,"h":102},"rotated":false,"trimmed":false},"ads_twi_mist_ads_twi_mist_64_c_0_11.png":{"frame":{"x":1666,"y":35,"w":126,"h":102},"sourceSize":{"w":126,"h":102},"spriteSourceSize":{"x":0,"y":0,"w":126,"h":102},"rotated":false,"trimmed":false},"ads_twi_mist_ads_twi_mist_64_c_0_16.png":{"frame":{"x":1282,"y":35,"w":126,"h":102},"sourceSize":{"w":126,"h":102},"spriteSourceSize":{"x":0,"y":0,"w":126,"h":102},"rotated":false,"trimmed":false},"ads_twi_mist_ads_twi_mist_64_b_0_14.png":{"frame":{"x":770,"y":139,"w":126,"h":102},"sourceSize":{"w":126,"h":102},"spriteSourceSize":{"x":0,"y":0,"w":126,"h":102},"rotated":false,"trimmed":false},"ads_twi_mist_ads_twi_mist_64_c_0_5.png":{"frame":{"x":1922,"y":35,"w":126,"h":102},"sourceSize":{"w":126,"h":102},"spriteSourceSize":{"x":0,"y":0,"w":126,"h":102},"rotated":false,"trimmed":false},"ads_twi_mist_ads_twi_mist_icon_a.png":{"frame":{"x":2562,"y":217,"w":30,"h":24},"sourceSize":{"w":30,"h":24},"spriteSourceSize":{"x":0,"y":0,"w":30,"h":24},"rotated":false,"trimmed":false},"ads_twi_mist_ads_twi_mist_64_b_0_10.png":{"frame":{"x":2,"y":35,"w":126,"h":102},"sourceSize":{"w":126,"h":102},"spriteSourceSize":{"x":0,"y":0,"w":126,"h":102},"rotated":false,"trimmed":false},"ads_twi_mist_ads_twi_mist_64_c_0_1.png":{"frame":{"x":2306,"y":35,"w":126,"h":102},"sourceSize":{"w":126,"h":102},"spriteSourceSize":{"x":0,"y":0,"w":126,"h":102},"rotated":false,"trimmed":false},"ads_twi_mist_ads_twi_mist_64_c_0_6.png":{"frame":{"x":2050,"y":139,"w":126,"h":102},"sourceSize":{"w":126,"h":102},"spriteSourceSize":{"x":0,"y":0,"w":126,"h":102},"rotated":false,"trimmed":false},"ads_twi_mist_ads_twi_mist_64_b_0_18.png":{"frame":{"x":514,"y":35,"w":126,"h":102},"sourceSize":{"w":126,"h":102},"spriteSourceSize":{"x":0,"y":0,"w":126,"h":102},"rotated":false,"trimmed":false},"ads_twi_mist_ads_twi_mist_64_b_0_6.png":{"frame":{"x":1026,"y":139,"w":126,"h":102},"sourceSize":{"w":126,"h":102},"spriteSourceSize":{"x":0,"y":0,"w":126,"h":102},"rotated":false,"trimmed":false},"ads_twi_mist_ads_twi_mist_64_b_0_2.png":{"frame":{"x":386,"y":139,"w":126,"h":102},"sourceSize":{"w":126,"h":102},"spriteSourceSize":{"x":0,"y":0,"w":126,"h":102},"rotated":false,"trimmed":false},"ads_twi_mist_ads_twi_mist_64_b_0_11.png":{"frame":{"x":2,"y":139,"w":126,"h":102},"sourceSize":{"w":126,"h":102},"spriteSourceSize":{"x":0,"y":0,"w":126,"h":102},"rotated":false,"trimmed":false},"ads_twi_mist_ads_twi_mist_64_c_0_17.png":{"frame":{"x":1410,"y":139,"w":126,"h":102},"sourceSize":{"w":126,"h":102},"spriteSourceSize":{"x":0,"y":0,"w":126,"h":102},"rotated":false,"trimmed":false},"ads_twi_mist_ads_twi_mist_64_c_0_2.png":{"frame":{"x":2434,"y":139,"w":126,"h":102},"sourceSize":{"w":126,"h":102},"spriteSourceSize":{"x":0,"y":0,"w":126,"h":102},"rotated":false,"trimmed":false},"ads_twi_mist_ads_twi_mist_64_b_0_15.png":{"frame":{"x":898,"y":35,"w":126,"h":102},"sourceSize":{"w":126,"h":102},"spriteSourceSize":{"x":0,"y":0,"w":126,"h":102},"rotated":false,"trimmed":false},"ads_twi_mist_ads_twi_mist_64_b_0_1.png":{"frame":{"x":386,"y":35,"w":126,"h":102},"sourceSize":{"w":126,"h":102},"spriteSourceSize":{"x":0,"y":0,"w":126,"h":102},"rotated":false,"trimmed":false},"ads_twi_mist_ads_twi_mist_64_c_0_7.png":{"frame":{"x":2050,"y":35,"w":126,"h":102},"sourceSize":{"w":126,"h":102},"spriteSourceSize":{"x":0,"y":0,"w":126,"h":102},"rotated":false,"trimmed":false},"ads_twi_mist_ads_twi_mist_64_b_0_7.png":{"frame":{"x":898,"y":139,"w":126,"h":102},"sourceSize":{"w":126,"h":102},"spriteSourceSize":{"x":0,"y":0,"w":126,"h":102},"rotated":false,"trimmed":false},"ads_twi_mist_ads_twi_mist_64_c_0_12.png":{"frame":{"x":1666,"y":139,"w":126,"h":102},"sourceSize":{"w":126,"h":102},"spriteSourceSize":{"x":0,"y":0,"w":126,"h":102},"rotated":false,"trimmed":false},"ads_twi_mist_ads_twi_mist_64_b_0_3.png":{"frame":{"x":258,"y":35,"w":126,"h":102},"sourceSize":{"w":126,"h":102},"spriteSourceSize":{"x":0,"y":0,"w":126,"h":102},"rotated":false,"trimmed":false},"ads_twi_mist_ads_twi_mist_64_b_0_8.png":{"frame":{"x":770,"y":35,"w":126,"h":102},"sourceSize":{"w":126,"h":102},"spriteSourceSize":{"x":0,"y":0,"w":126,"h":102},"rotated":false,"trimmed":false},"ads_twi_mist_ads_twi_mist_64_b_0_12.png":{"frame":{"x":130,"y":35,"w":126,"h":102},"sourceSize":{"w":126,"h":102},"spriteSourceSize":{"x":0,"y":0,"w":126,"h":102},"rotated":false,"trimmed":false},"ads_twi_mist_ads_twi_mist_64_c_0_0.png":{"frame":{"x":2306,"y":139,"w":126,"h":102},"sourceSize":{"w":126,"h":102},"spriteSourceSize":{"x":0,"y":0,"w":126,"h":102},"rotated":false,"trimmed":false},"ads_twi_mist_ads_twi_mist_64_c_0_18.png":{"frame":{"x":1410,"y":35,"w":126,"h":102},"sourceSize":{"w":126,"h":102},"spriteSourceSize":{"x":0,"y":0,"w":126,"h":102},"rotated":false,"trimmed":false},"ads_twi_mist_ads_twi_mist_64_c_0_3.png":{"frame":{"x":2434,"y":35,"w":126,"h":102},"sourceSize":{"w":126,"h":102},"spriteSourceSize":{"x":0,"y":0,"w":126,"h":102},"rotated":false,"trimmed":false},"ads_twi_mist_ads_twi_mist_64_b_0_0.png":{"frame":{"x":514,"y":139,"w":126,"h":102},"sourceSize":{"w":126,"h":102},"spriteSourceSize":{"x":0,"y":0,"w":126,"h":102},"rotated":false,"trimmed":false},"ads_twi_mist_ads_twi_mist_64_b_0_16.png":{"frame":{"x":1026,"y":35,"w":126,"h":102},"sourceSize":{"w":126,"h":102},"spriteSourceSize":{"x":0,"y":0,"w":126,"h":102},"rotated":false,"trimmed":false},"ads_twi_mist_ads_twi_mist_64_c_0_13.png":{"frame":{"x":1794,"y":35,"w":126,"h":102},"sourceSize":{"w":126,"h":102},"spriteSourceSize":{"x":0,"y":0,"w":126,"h":102},"rotated":false,"trimmed":false},"ads_twi_mist_ads_twi_mist_64_b_0_4.png":{"frame":{"x":258,"y":139,"w":126,"h":102},"sourceSize":{"w":126,"h":102},"spriteSourceSize":{"x":0,"y":0,"w":126,"h":102},"rotated":false,"trimmed":false},"ads_twi_mist_ads_twi_mist_64_c_0_8.png":{"frame":{"x":2178,"y":139,"w":126,"h":102},"sourceSize":{"w":126,"h":102},"spriteSourceSize":{"x":0,"y":0,"w":126,"h":102},"rotated":false,"trimmed":false},"ads_twi_mist_ads_twi_mist_64_a_0_0.png":{"frame":{"x":2,"y":2,"w":62,"h":31},"sourceSize":{"w":62,"h":31},"spriteSourceSize":{"x":0,"y":0,"w":62,"h":31},"rotated":false,"trimmed":false}}}