{"type":"furniture","name":"ads_grefusa_yum","visualizationType":"furniture_animated","logicType":"furniture_multistate","spritesheet":"ads_grefusa_yum_spritesheet.json","dimensions":{"x":1.0,"y":1.0,"z":1.0},"directions":[90,180],"assets":{"ads_grefusa_yum_icon_a":{"x":9,"y":14},"ads_grefusa_yum_64_sd_4_0":{"source":"ads_grefusa_yum_64_sd_2_0","x":31,"y":4},"ads_grefusa_yum_64_sd_2_0":{"x":31,"y":4},"ads_grefusa_yum_64_a_4_1":{"x":29,"y":112},"ads_grefusa_yum_64_a_2_0":{"x":29,"y":112},"ads_grefusa_yum_64_a_2_1":{"x":29,"y":112},"ads_grefusa_yum_64_a_4_0":{"x":29,"y":112}},"visualization":{"layerCount":1,"angle":45,"directions":{"2":{},"4":{}},"animations":{"0":{"layers":{"0":{"frameSequences":{"0":{"frames":{"0":{"id":0}}}}}}},"1":{"layers":{"0":{"frameSequences":{"0":{"frames":{"0":{"id":1}}}}}}}}}}