{"type":"furniture","name":"ads_clearasil_vend2","visualizationType":"furniture_animated","logicType":"furniture_multistate","spritesheet":"ads_clearasil_vend2_spritesheet.json","dimensions":{"x":1.0,"y":1.0,"z":1.0},"directions":[0,90],"assets":{"ads_clearasil_vend2_icon_a":{"x":14,"y":14},"ads_clearasil_vend2_64_b_0_1":{"source":"ads_clearasil_vend2_32_b_0_1","x":7,"y":90},"ads_clearasil_vend2_64_b_2_0":{"x":-10,"y":72},"ads_clearasil_vend2_64_b_0_0":{"x":21,"y":72},"ads_clearasil_vend2_64_a_0_0":{"x":33,"y":120},"ads_clearasil_vend2_64_a_2_0":{"x":37,"y":120},"ads_clearasil_vend2_64_b_2_1":{"x":-6,"y":91}},"visualization":{"layerCount":2,"angle":45,"layers":{"0":{}},"directions":{"0":{},"2":{}},"animations":{"0":{"layers":{}},"1":{"layers":{"1":{"frameSequences":{"0":{"frames":{"0":{"id":1}}}}}}}}}}