{"meta":{"app":"FFConverter ~ Joopie","format":"RGBA8888","image":"anc_ele_grass.png","scale":"1.0","size":{"w":256,"h":256},"version":"1.0"},"frames":{"anc_ele_grass_anc_ele_grass_64_a_0_3.png":{"frame":{"x":156,"y":166,"w":73,"h":87},"sourceSize":{"w":73,"h":87},"spriteSourceSize":{"x":0,"y":0,"w":73,"h":87},"rotated":false,"trimmed":false},"anc_ele_grass_anc_ele_grass_64_a_0_2.png":{"frame":{"x":156,"y":98,"w":73,"h":66},"sourceSize":{"w":73,"h":66},"spriteSourceSize":{"x":0,"y":0,"w":73,"h":66},"rotated":false,"trimmed":false},"anc_ele_grass_anc_ele_grass_64_a_0_4.png":{"frame":{"x":2,"y":49,"w":73,"h":100},"sourceSize":{"w":73,"h":100},"spriteSourceSize":{"x":0,"y":0,"w":73,"h":100},"rotated":false,"trimmed":false},"anc_ele_grass_anc_ele_grass_64_b_0_1.png":{"frame":{"x":79,"y":2,"w":75,"h":50},"sourceSize":{"w":75,"h":50},"spriteSourceSize":{"x":0,"y":0,"w":75,"h":50},"rotated":false,"trimmed":false},"anc_ele_grass_anc_ele_grass_64_a_0_0.png":{"frame":{"x":77,"y":54,"w":72,"h":38},"sourceSize":{"w":72,"h":38},"spriteSourceSize":{"x":0,"y":0,"w":72,"h":38},"rotated":false,"trimmed":false},"anc_ele_grass_anc_ele_grass_icon_a.png":{"frame":{"x":156,"y":20,"w":29,"h":26},"sourceSize":{"w":29,"h":26},"spriteSourceSize":{"x":0,"y":0,"w":29,"h":26},"rotated":false,"trimmed":false},"anc_ele_grass_anc_ele_grass_64_b_0_0.png":{"frame":{"x":2,"y":7,"w":75,"h":40},"sourceSize":{"w":75,"h":40},"spriteSourceSize":{"x":0,"y":0,"w":75,"h":40},"rotated":false,"trimmed":false},"anc_ele_grass_anc_ele_grass_64_a_0_1.png":{"frame":{"x":156,"y":48,"w":73,"h":48},"sourceSize":{"w":73,"h":48},"spriteSourceSize":{"x":0,"y":0,"w":73,"h":48},"rotated":false,"trimmed":false},"anc_ele_grass_anc_ele_grass_64_b_0_2.png":{"frame":{"x":79,"y":94,"w":75,"h":68},"sourceSize":{"w":75,"h":68},"spriteSourceSize":{"x":0,"y":0,"w":75,"h":68},"rotated":false,"trimmed":false},"anc_ele_grass_anc_ele_grass_64_b_0_3.png":{"frame":{"x":79,"y":164,"w":75,"h":89},"sourceSize":{"w":75,"h":89},"spriteSourceSize":{"x":0,"y":0,"w":75,"h":89},"rotated":false,"trimmed":false},"anc_ele_grass_anc_ele_grass_64_b_0_4.png":{"frame":{"x":2,"y":151,"w":75,"h":102},"sourceSize":{"w":75,"h":102},"spriteSourceSize":{"x":0,"y":0,"w":75,"h":102},"rotated":false,"trimmed":false}}}