{"type":"furniture","name":"anc_ele_grass","visualizationType":"furniture_animated","logicType":"furniture_multiheight","spritesheet":"anc_ele_grass_spritesheet.json","dimensions":{"x":1.0,"y":1.0,"z":0.0},"directions":[0],"assets":{"anc_ele_grass_64_b_0_4":{"x":35,"y":84},"anc_ele_grass_64_b_0_3":{"x":35,"y":71},"anc_ele_grass_64_b_0_2":{"x":35,"y":50},"anc_ele_grass_64_a_0_3":{"x":35,"y":70},"anc_ele_grass_64_a_0_4":{"x":35,"y":83},"anc_ele_grass_64_a_0_0":{"x":34,"y":18},"anc_ele_grass_icon_a":{"x":14,"y":31},"anc_ele_grass_64_a_0_1":{"x":35,"y":31},"anc_ele_grass_64_a_0_2":{"x":35,"y":49},"anc_ele_grass_64_b_0_1":{"x":35,"y":32},"anc_ele_grass_64_b_0_0":{"x":35,"y":19}},"visualization":{"layerCount":2,"angle":45,"layers":{"0":{"z":-100.0},"1":{"z":-1110.0}},"directions":{"0":{}},"animations":{"0":{"layers":{"0":{"frameSequences":{"0":{"frames":{"0":{"id":0}}}}},"1":{"frameSequences":{"0":{"frames":{"0":{"id":0}}}}}}},"1":{"layers":{"0":{"frameSequences":{"0":{"frames":{"0":{"id":1}}}}},"1":{"frameSequences":{"0":{"frames":{"0":{"id":1}}}}}}},"2":{"layers":{"0":{"frameSequences":{"0":{"frames":{"0":{"id":2}}}}},"1":{"frameSequences":{"0":{"frames":{"0":{"id":2}}}}}}},"3":{"layers":{"0":{"frameSequences":{"0":{"frames":{"0":{"id":3}}}}},"1":{"frameSequences":{"0":{"frames":{"0":{"id":3}}}}}}},"4":{"layers":{"0":{"frameSequences":{"0":{"frames":{"0":{"id":4}}}}},"1":{"frameSequences":{"0":{"frames":{"0":{"id":4}}}}}}}}}}