{"type":"furniture","name":"ads_nokia_phone","visualizationType":"furniture_animated","logicType":"furniture_multistate","spritesheet":"ads_nokia_phone_spritesheet.json","dimensions":{"x":0.1563,"y":0.2,"z":0.0938},"directions":[90,180],"assets":{"ads_nokia_phone_icon_a":{"x":6,"y":15},"ads_nokia_phone_64_b_4_0":{"x":23,"y":54},"ads_nokia_phone_64_c_4_1":{"x":17,"y":35},"ads_nokia_phone_64_d_2_1":{"x":14,"y":43},"ads_nokia_phone_64_a_4_0":{"x":-11,"y":-46},"ads_nokia_phone_64_b_2_0":{"x":23,"y":54},"ads_nokia_phone_64_c_2_1":{"x":10,"y":37},"ads_nokia_phone_64_a_2_0":{"x":23,"y":-46},"ads_nokia_phone_64_d_4_1":{"x":26,"y":41}},"visualization":{"layerCount":4,"angle":45,"layers":{"0":{"alpha":41,"z":-3000.0},"1":{"z":-2990.0},"2":{"z":-2990.0},"3":{"z":-2990.0,"ink":"ADD"}},"directions":{"2":{},"4":{}},"animations":{"0":{"layers":{"0":{"frameSequences":{"0":{"frames":{"0":{"id":0}}}}},"1":{"frameSequences":{"0":{"frames":{"0":{"id":0}}}}},"2":{"frameSequences":{"0":{"frames":{"0":{"id":0}}}}},"3":{"frameSequences":{"0":{"frames":{"0":{"id":0}}}}}}},"1":{"layers":{"2":{"frameSequences":{"0":{"frames":{"0":{"id":1}}}}},"3":{"frameSequences":{"0":{"frames":{"0":{"id":1}}}}}}}}}}