{"meta":{"app":"FFConverter ~ Joopie","format":"RGBA8888","image":"ads_nokia_phone.png","scale":"1.0","size":{"w":256,"h":128},"version":"1.0"},"frames":{"ads_nokia_phone_ads_nokia_phone_64_d_2_1.png":{"frame":{"x":139,"y":63,"w":39,"h":60},"sourceSize":{"w":39,"h":60},"spriteSourceSize":{"x":0,"y":0,"w":39,"h":60},"rotated":false,"trimmed":false},"ads_nokia_phone_ads_nokia_phone_64_c_2_1.png":{"frame":{"x":180,"y":75,"w":27,"h":48},"sourceSize":{"w":27,"h":48},"spriteSourceSize":{"x":0,"y":0,"w":27,"h":48},"rotated":false,"trimmed":false},"ads_nokia_phone_ads_nokia_phone_64_a_4_0.png":{"frame":{"x":2,"y":2,"w":12,"h":11},"sourceSize":{"w":12,"h":11},"spriteSourceSize":{"x":0,"y":0,"w":12,"h":11},"rotated":false,"trimmed":false},"ads_nokia_phone_ads_nokia_phone_64_d_4_1.png":{"frame":{"x":98,"y":63,"w":39,"h":60},"sourceSize":{"w":39,"h":60},"spriteSourceSize":{"x":0,"y":0,"w":39,"h":60},"rotated":false,"trimmed":false},"ads_nokia_phone_ads_nokia_phone_icon_a.png":{"frame":{"x":209,"y":93,"w":13,"h":30},"sourceSize":{"w":13,"h":30},"spriteSourceSize":{"x":0,"y":0,"w":13,"h":30},"rotated":false,"trimmed":false},"ads_nokia_phone_ads_nokia_phone_64_a_2_0.png":{"frame":{"x":127,"y":50,"w":12,"h":11},"sourceSize":{"w":12,"h":11},"spriteSourceSize":{"x":0,"y":0,"w":12,"h":11},"rotated":false,"trimmed":false},"ads_nokia_phone_ads_nokia_phone_64_c_4_1.png":{"frame":{"x":98,"y":15,"w":27,"h":46},"sourceSize":{"w":27,"h":46},"spriteSourceSize":{"x":0,"y":0,"w":27,"h":46},"rotated":false,"trimmed":false},"ads_nokia_phone_ads_nokia_phone_64_b_2_0.png":{"frame":{"x":50,"y":15,"w":46,"h":108},"sourceSize":{"w":46,"h":108},"spriteSourceSize":{"x":0,"y":0,"w":46,"h":108},"rotated":false,"trimmed":false},"ads_nokia_phone_ads_nokia_phone_64_b_4_0.png":{"frame":{"x":2,"y":15,"w":46,"h":108},"sourceSize":{"w":46,"h":108},"spriteSourceSize":{"x":0,"y":0,"w":46,"h":108},"rotated":false,"trimmed":false}}}