{"meta":{"app":"FFConverter ~ Joopie","format":"RGBA8888","image":"ads_cchups_screen.png","scale":"1.0","size":{"w":4096,"h":128},"version":"1.0"},"frames":{"ads_cchups_screen_ads_cchups_screen_64_a_2_3.png":{"frame":{"x":739,"y":14,"w":35,"h":112},"sourceSize":{"w":35,"h":112},"spriteSourceSize":{"x":0,"y":0,"w":35,"h":112},"rotated":false,"trimmed":false},"ads_cchups_screen_ads_cchups_screen_64_b_4_2.png":{"frame":{"x":1406,"y":12,"w":32,"h":114},"sourceSize":{"w":32,"h":114},"spriteSourceSize":{"x":0,"y":0,"w":32,"h":114},"rotated":false,"trimmed":false},"ads_cchups_screen_ads_cchups_screen_64_e_2_2.png":{"frame":{"x":140,"y":12,"w":44,"h":114},"sourceSize":{"w":44,"h":114},"spriteSourceSize":{"x":0,"y":0,"w":44,"h":114},"rotated":false,"trimmed":false},"ads_cchups_screen_ads_cchups_screen_64_c_2_2.png":{"frame":{"x":1168,"y":12,"w":32,"h":114},"sourceSize":{"w":32,"h":114},"spriteSourceSize":{"x":0,"y":0,"w":32,"h":114},"rotated":false,"trimmed":false},"ads_cchups_screen_ads_cchups_screen_64_d_4_1.png":{"frame":{"x":1847,"y":12,"w":31,"h":114},"sourceSize":{"w":31,"h":114},"spriteSourceSize":{"x":0,"y":0,"w":31,"h":114},"rotated":false,"trimmed":false},"ads_cchups_screen_ads_cchups_screen_64_b_4_3.png":{"frame":{"x":1542,"y":12,"w":32,"h":114},"sourceSize":{"w":32,"h":114},"spriteSourceSize":{"x":0,"y":0,"w":32,"h":114},"rotated":false,"trimmed":false},"ads_cchups_screen_ads_cchups_screen_64_e_4_5.png":{"frame":{"x":508,"y":12,"w":44,"h":114},"sourceSize":{"w":44,"h":114},"spriteSourceSize":{"x":0,"y":0,"w":44,"h":114},"rotated":false,"trimmed":false},"ads_cchups_screen_ads_cchups_screen_64_e_2_3.png":{"frame":{"x":94,"y":12,"w":44,"h":114},"sourceSize":{"w":44,"h":114},"spriteSourceSize":{"x":0,"y":0,"w":44,"h":114},"rotated":false,"trimmed":false},"ads_cchups_screen_ads_cchups_screen_64_d_4_2.png":{"frame":{"x":1814,"y":12,"w":31,"h":114},"sourceSize":{"w":31,"h":114},"spriteSourceSize":{"x":0,"y":0,"w":31,"h":114},"rotated":false,"trimmed":false},"ads_cchups_screen_ads_cchups_screen_64_c_2_3.png":{"frame":{"x":1134,"y":12,"w":32,"h":114},"sourceSize":{"w":32,"h":114},"spriteSourceSize":{"x":0,"y":0,"w":32,"h":114},"rotated":false,"trimmed":false},"ads_cchups_screen_ads_cchups_screen_64_a_2_4.png":{"frame":{"x":776,"y":14,"w":35,"h":112},"sourceSize":{"w":35,"h":112},"spriteSourceSize":{"x":0,"y":0,"w":35,"h":112},"rotated":false,"trimmed":false},"ads_cchups_screen_ads_cchups_screen_64_c_2_0.png":{"frame":{"x":1236,"y":12,"w":32,"h":114},"sourceSize":{"w":32,"h":114},"spriteSourceSize":{"x":0,"y":0,"w":32,"h":114},"rotated":false,"trimmed":false},"ads_cchups_screen_ads_cchups_screen_64_c_4_4.png":{"frame":{"x":1304,"y":12,"w":32,"h":114},"sourceSize":{"w":32,"h":114},"spriteSourceSize":{"x":0,"y":0,"w":32,"h":114},"rotated":false,"trimmed":false},"ads_cchups_screen_ads_cchups_screen_64_b_2_5.png":{"frame":{"x":1780,"y":12,"w":32,"h":114},"sourceSize":{"w":32,"h":114},"spriteSourceSize":{"x":0,"y":0,"w":32,"h":114},"rotated":false,"trimmed":false},"ads_cchups_screen_ads_cchups_screen_icon_a.png":{"frame":{"x":554,"y":2,"w":15,"h":10},"sourceSize":{"w":15,"h":10},"spriteSourceSize":{"x":0,"y":0,"w":15,"h":10},"rotated":false,"trimmed":false},"ads_cchups_screen_ads_cchups_screen_64_b_4_0.png":{"frame":{"x":1474,"y":12,"w":32,"h":114},"sourceSize":{"w":32,"h":114},"spriteSourceSize":{"x":0,"y":0,"w":32,"h":114},"rotated":false,"trimmed":false},"ads_cchups_screen_ads_cchups_screen_64_a_4_4.png":{"frame":{"x":554,"y":14,"w":35,"h":112},"sourceSize":{"w":35,"h":112},"spriteSourceSize":{"x":0,"y":0,"w":35,"h":112},"rotated":false,"trimmed":false},"ads_cchups_screen_ads_cchups_screen_64_d_2_4.png":{"frame":{"x":2045,"y":12,"w":31,"h":114},"sourceSize":{"w":31,"h":114},"spriteSourceSize":{"x":0,"y":0,"w":31,"h":114},"rotated":false,"trimmed":false},"ads_cchups_screen_ads_cchups_screen_64_e_4_3.png":{"frame":{"x":232,"y":12,"w":44,"h":114},"sourceSize":{"w":44,"h":114},"spriteSourceSize":{"x":0,"y":0,"w":44,"h":114},"rotated":false,"trimmed":false},"ads_cchups_screen_ads_cchups_screen_64_a_2_1.png":{"frame":{"x":665,"y":14,"w":35,"h":112},"sourceSize":{"w":35,"h":112},"spriteSourceSize":{"x":0,"y":0,"w":35,"h":112},"rotated":false,"trimmed":false},"ads_cchups_screen_ads_cchups_screen_64_d_4_0.png":{"frame":{"x":1979,"y":12,"w":31,"h":114},"sourceSize":{"w":31,"h":114},"spriteSourceSize":{"x":0,"y":0,"w":31,"h":114},"rotated":false,"trimmed":false},"ads_cchups_screen_ads_cchups_screen_64_b_4_1.png":{"frame":{"x":1440,"y":12,"w":32,"h":114},"sourceSize":{"w":32,"h":114},"spriteSourceSize":{"x":0,"y":0,"w":32,"h":114},"rotated":false,"trimmed":false},"ads_cchups_screen_ads_cchups_screen_64_c_4_5.png":{"frame":{"x":1270,"y":12,"w":32,"h":114},"sourceSize":{"w":32,"h":114},"spriteSourceSize":{"x":0,"y":0,"w":32,"h":114},"rotated":false,"trimmed":false},"ads_cchups_screen_ads_cchups_screen_64_e_2_1.png":{"frame":{"x":416,"y":12,"w":44,"h":114},"sourceSize":{"w":44,"h":114},"spriteSourceSize":{"x":0,"y":0,"w":44,"h":114},"rotated":false,"trimmed":false},"ads_cchups_screen_ads_cchups_screen_64_e_2_0.png":{"frame":{"x":370,"y":12,"w":44,"h":114},"sourceSize":{"w":44,"h":114},"spriteSourceSize":{"x":0,"y":0,"w":44,"h":114},"rotated":false,"trimmed":false},"ads_cchups_screen_ads_cchups_screen_64_e_4_4.png":{"frame":{"x":462,"y":12,"w":44,"h":114},"sourceSize":{"w":44,"h":114},"spriteSourceSize":{"x":0,"y":0,"w":44,"h":114},"rotated":false,"trimmed":false},"ads_cchups_screen_ads_cchups_screen_64_a_2_2.png":{"frame":{"x":702,"y":14,"w":35,"h":112},"sourceSize":{"w":35,"h":112},"spriteSourceSize":{"x":0,"y":0,"w":35,"h":112},"rotated":false,"trimmed":false},"ads_cchups_screen_ads_cchups_screen_64_a_4_5.png":{"frame":{"x":591,"y":14,"w":35,"h":112},"sourceSize":{"w":35,"h":112},"spriteSourceSize":{"x":0,"y":0,"w":35,"h":112},"rotated":false,"trimmed":false},"ads_cchups_screen_ads_cchups_screen_64_c_2_1.png":{"frame":{"x":1202,"y":12,"w":32,"h":114},"sourceSize":{"w":32,"h":114},"spriteSourceSize":{"x":0,"y":0,"w":32,"h":114},"rotated":false,"trimmed":false},"ads_cchups_screen_ads_cchups_screen_64_d_2_5.png":{"frame":{"x":2012,"y":12,"w":31,"h":114},"sourceSize":{"w":31,"h":114},"spriteSourceSize":{"x":0,"y":0,"w":31,"h":114},"rotated":false,"trimmed":false},"ads_cchups_screen_ads_cchups_screen_64_d_2_2.png":{"frame":{"x":2144,"y":12,"w":31,"h":114},"sourceSize":{"w":31,"h":114},"spriteSourceSize":{"x":0,"y":0,"w":31,"h":114},"rotated":false,"trimmed":false},"ads_cchups_screen_ads_cchups_screen_64_b_2_3.png":{"frame":{"x":1678,"y":12,"w":32,"h":114},"sourceSize":{"w":32,"h":114},"spriteSourceSize":{"x":0,"y":0,"w":32,"h":114},"rotated":false,"trimmed":false},"ads_cchups_screen_ads_cchups_screen_64_e_4_1.png":{"frame":{"x":324,"y":12,"w":44,"h":114},"sourceSize":{"w":44,"h":114},"spriteSourceSize":{"x":0,"y":0,"w":44,"h":114},"rotated":false,"trimmed":false},"ads_cchups_screen_ads_cchups_screen_64_c_4_1.png":{"frame":{"x":1032,"y":12,"w":32,"h":114},"sourceSize":{"w":32,"h":114},"spriteSourceSize":{"x":0,"y":0,"w":32,"h":114},"rotated":false,"trimmed":false},"ads_cchups_screen_ads_cchups_screen_64_a_4_2.png":{"frame":{"x":961,"y":14,"w":35,"h":112},"sourceSize":{"w":35,"h":112},"spriteSourceSize":{"x":0,"y":0,"w":35,"h":112},"rotated":false,"trimmed":false},"ads_cchups_screen_ads_cchups_screen_64_b_2_4.png":{"frame":{"x":1644,"y":12,"w":32,"h":114},"sourceSize":{"w":32,"h":114},"spriteSourceSize":{"x":0,"y":0,"w":32,"h":114},"rotated":false,"trimmed":false},"ads_cchups_screen_ads_cchups_screen_64_c_4_3.png":{"frame":{"x":1338,"y":12,"w":32,"h":114},"sourceSize":{"w":32,"h":114},"spriteSourceSize":{"x":0,"y":0,"w":32,"h":114},"rotated":false,"trimmed":false},"ads_cchups_screen_ads_cchups_screen_64_e_4_2.png":{"frame":{"x":186,"y":12,"w":44,"h":114},"sourceSize":{"w":44,"h":114},"spriteSourceSize":{"x":0,"y":0,"w":44,"h":114},"rotated":false,"trimmed":false},"ads_cchups_screen_ads_cchups_screen_64_a_2_0.png":{"frame":{"x":628,"y":14,"w":35,"h":112},"sourceSize":{"w":35,"h":112},"spriteSourceSize":{"x":0,"y":0,"w":35,"h":112},"rotated":false,"trimmed":false},"ads_cchups_screen_ads_cchups_screen_64_c_4_2.png":{"frame":{"x":1372,"y":12,"w":32,"h":114},"sourceSize":{"w":32,"h":114},"spriteSourceSize":{"x":0,"y":0,"w":32,"h":114},"rotated":false,"trimmed":false},"ads_cchups_screen_ads_cchups_screen_64_d_2_3.png":{"frame":{"x":2078,"y":12,"w":31,"h":114},"sourceSize":{"w":31,"h":114},"spriteSourceSize":{"x":0,"y":0,"w":31,"h":114},"rotated":false,"trimmed":false},"ads_cchups_screen_ads_cchups_screen_64_a_4_3.png":{"frame":{"x":924,"y":14,"w":35,"h":112},"sourceSize":{"w":35,"h":112},"spriteSourceSize":{"x":0,"y":0,"w":35,"h":112},"rotated":false,"trimmed":false},"ads_cchups_screen_ads_cchups_screen_64_c_2_5.png":{"frame":{"x":1100,"y":12,"w":32,"h":114},"sourceSize":{"w":32,"h":114},"spriteSourceSize":{"x":0,"y":0,"w":32,"h":114},"rotated":false,"trimmed":false},"ads_cchups_screen_ads_cchups_screen_64_b_4_4.png":{"frame":{"x":1576,"y":12,"w":32,"h":114},"sourceSize":{"w":32,"h":114},"spriteSourceSize":{"x":0,"y":0,"w":32,"h":114},"rotated":false,"trimmed":false},"ads_cchups_screen_ads_cchups_screen_64_d_2_0.png":{"frame":{"x":2177,"y":12,"w":31,"h":114},"sourceSize":{"w":31,"h":114},"spriteSourceSize":{"x":0,"y":0,"w":31,"h":114},"rotated":false,"trimmed":false},"ads_cchups_screen_ads_cchups_screen_64_b_2_0.png":{"frame":{"x":1610,"y":12,"w":32,"h":114},"sourceSize":{"w":32,"h":114},"spriteSourceSize":{"x":0,"y":0,"w":32,"h":114},"rotated":false,"trimmed":false},"ads_cchups_screen_ads_cchups_screen_64_e_2_4.png":{"frame":{"x":48,"y":12,"w":44,"h":114},"sourceSize":{"w":44,"h":114},"spriteSourceSize":{"x":0,"y":0,"w":44,"h":114},"rotated":false,"trimmed":false},"ads_cchups_screen_ads_cchups_screen_64_c_2_4.png":{"frame":{"x":1066,"y":12,"w":32,"h":114},"sourceSize":{"w":32,"h":114},"spriteSourceSize":{"x":0,"y":0,"w":32,"h":114},"rotated":false,"trimmed":false},"ads_cchups_screen_ads_cchups_screen_64_a_4_0.png":{"frame":{"x":887,"y":14,"w":35,"h":112},"sourceSize":{"w":35,"h":112},"spriteSourceSize":{"x":0,"y":0,"w":35,"h":112},"rotated":false,"trimmed":false},"ads_cchups_screen_ads_cchups_screen_64_a_2_5.png":{"frame":{"x":813,"y":14,"w":35,"h":112},"sourceSize":{"w":35,"h":112},"spriteSourceSize":{"x":0,"y":0,"w":35,"h":112},"rotated":false,"trimmed":false},"ads_cchups_screen_ads_cchups_screen_64_d_4_3.png":{"frame":{"x":1913,"y":12,"w":31,"h":114},"sourceSize":{"w":31,"h":114},"spriteSourceSize":{"x":0,"y":0,"w":31,"h":114},"rotated":false,"trimmed":false},"ads_cchups_screen_ads_cchups_screen_64_d_4_5.png":{"frame":{"x":1946,"y":12,"w":31,"h":114},"sourceSize":{"w":31,"h":114},"spriteSourceSize":{"x":0,"y":0,"w":31,"h":114},"rotated":false,"trimmed":false},"ads_cchups_screen_ads_cchups_screen_64_a_4_1.png":{"frame":{"x":850,"y":14,"w":35,"h":112},"sourceSize":{"w":35,"h":112},"spriteSourceSize":{"x":0,"y":0,"w":35,"h":112},"rotated":false,"trimmed":false},"ads_cchups_screen_ads_cchups_screen_64_d_2_1.png":{"frame":{"x":2111,"y":12,"w":31,"h":114},"sourceSize":{"w":31,"h":114},"spriteSourceSize":{"x":0,"y":0,"w":31,"h":114},"rotated":false,"trimmed":false},"ads_cchups_screen_ads_cchups_screen_64_b_2_1.png":{"frame":{"x":1746,"y":12,"w":32,"h":114},"sourceSize":{"w":32,"h":114},"spriteSourceSize":{"x":0,"y":0,"w":32,"h":114},"rotated":false,"trimmed":false},"ads_cchups_screen_ads_cchups_screen_64_e_4_0.png":{"frame":{"x":278,"y":12,"w":44,"h":114},"sourceSize":{"w":44,"h":114},"spriteSourceSize":{"x":0,"y":0,"w":44,"h":114},"rotated":false,"trimmed":false},"ads_cchups_screen_ads_cchups_screen_64_b_2_2.png":{"frame":{"x":1712,"y":12,"w":32,"h":114},"sourceSize":{"w":32,"h":114},"spriteSourceSize":{"x":0,"y":0,"w":32,"h":114},"rotated":false,"trimmed":false},"ads_cchups_screen_ads_cchups_screen_64_e_2_5.png":{"frame":{"x":2,"y":12,"w":44,"h":114},"sourceSize":{"w":44,"h":114},"spriteSourceSize":{"x":0,"y":0,"w":44,"h":114},"rotated":false,"trimmed":false},"ads_cchups_screen_ads_cchups_screen_64_b_4_5.png":{"frame":{"x":1508,"y":12,"w":32,"h":114},"sourceSize":{"w":32,"h":114},"spriteSourceSize":{"x":0,"y":0,"w":32,"h":114},"rotated":false,"trimmed":false},"ads_cchups_screen_ads_cchups_screen_64_c_4_0.png":{"frame":{"x":998,"y":12,"w":32,"h":114},"sourceSize":{"w":32,"h":114},"spriteSourceSize":{"x":0,"y":0,"w":32,"h":114},"rotated":false,"trimmed":false},"ads_cchups_screen_ads_cchups_screen_64_d_4_4.png":{"frame":{"x":1880,"y":12,"w":31,"h":114},"sourceSize":{"w":31,"h":114},"spriteSourceSize":{"x":0,"y":0,"w":31,"h":114},"rotated":false,"trimmed":false}}}