{"type":"furniture","name":"ads_cchups_screen","visualizationType":"furniture_animated","logicType":"furniture_basic","spritesheet":"ads_cchups_screen_spritesheet.json","dimensions":{"x":1.0,"y":0.2,"z":1.0},"directions":[90,180],"assets":{"ads_cchups_screen_64_e_2_3":{"x":167,"y":33},"ads_cchups_screen_64_e_4_1":{"x":-111,"y":40},"ads_cchups_screen_64_e_2_4":{"x":167,"y":33},"ads_cchups_screen_64_e_4_2":{"x":-111,"y":40},"ads_cchups_screen_64_e_2_1":{"x":167,"y":33},"ads_cchups_screen_64_e_2_2":{"x":167,"y":33},"ads_cchups_screen_64_e_4_0":{"x":-111,"y":40},"ads_cchups_screen_64_e_2_0":{"x":167,"y":33},"ads_cchups_screen_64_d_2_0":{"x":123,"y":48},"ads_cchups_screen_64_d_2_1":{"x":123,"y":48},"ads_cchups_screen_64_d_2_2":{"x":123,"y":48},"ads_cchups_screen_64_d_4_0":{"x":-80,"y":55},"ads_cchups_screen_64_d_2_3":{"x":123,"y":48},"ads_cchups_screen_64_d_4_1":{"x":-80,"y":55},"ads_cchups_screen_64_d_2_4":{"x":123,"y":48},"ads_cchups_screen_64_d_4_2":{"x":-80,"y":55},"ads_cchups_screen_64_d_2_5":{"x":123,"y":48},"ads_cchups_screen_64_d_4_3":{"x":-80,"y":55},"ads_cchups_screen_64_c_2_1":{"x":92,"y":64},"ads_cchups_screen_64_c_2_2":{"x":92,"y":64},"ads_cchups_screen_64_c_4_0":{"x":-48,"y":71},"ads_cchups_screen_64_c_2_0":{"x":92,"y":64},"ads_cchups_screen_64_c_2_5":{"x":92,"y":64},"ads_cchups_screen_64_c_4_3":{"x":-48,"y":71},"ads_cchups_screen_64_c_4_4":{"x":-48,"y":71},"ads_cchups_screen_64_c_2_3":{"x":92,"y":64},"ads_cchups_screen_64_c_4_1":{"x":-48,"y":71},"ads_cchups_screen_64_c_2_4":{"x":92,"y":64},"ads_cchups_screen_64_c_4_2":{"x":-48,"y":71},"ads_cchups_screen_64_c_4_5":{"x":-48,"y":71},"ads_cchups_screen_64_d_4_4":{"x":-80,"y":55},"ads_cchups_screen_64_d_4_5":{"x":-80,"y":55},"ads_cchups_screen_64_e_4_5":{"x":-111,"y":40},"ads_cchups_screen_64_e_2_5":{"x":167,"y":33},"ads_cchups_screen_64_e_4_3":{"x":-111,"y":40},"ads_cchups_screen_64_e_4_4":{"x":-111,"y":40},"ads_cchups_screen_64_b_2_4":{"x":60,"y":80},"ads_cchups_screen_64_b_4_2":{"x":-16,"y":87},"ads_cchups_screen_64_b_2_5":{"x":60,"y":80},"ads_cchups_screen_64_b_4_3":{"x":-16,"y":87},"ads_cchups_screen_64_b_4_4":{"x":-16,"y":87},"ads_cchups_screen_64_b_4_5":{"x":-16,"y":87},"ads_cchups_screen_64_b_2_0":{"x":60,"y":80},"ads_cchups_screen_64_b_2_1":{"x":60,"y":80},"ads_cchups_screen_64_b_2_2":{"x":60,"y":80},"ads_cchups_screen_64_b_4_0":{"x":-16,"y":87},"ads_cchups_screen_icon_a":{"x":8,"y":5},"ads_cchups_screen_64_b_2_3":{"x":60,"y":80},"ads_cchups_screen_64_b_4_1":{"x":-16,"y":87},"ads_cchups_screen_64_a_2_0":{"x":28,"y":94},"ads_cchups_screen_64_a_4_5":{"x":19,"y":101},"ads_cchups_screen_64_a_2_5":{"x":28,"y":94},"ads_cchups_screen_64_a_4_3":{"x":19,"y":101},"ads_cchups_screen_64_a_4_4":{"x":19,"y":101},"ads_cchups_screen_64_a_2_3":{"x":28,"y":94},"ads_cchups_screen_64_a_4_1":{"x":19,"y":101},"ads_cchups_screen_64_a_2_4":{"x":28,"y":94},"ads_cchups_screen_64_a_4_2":{"x":19,"y":101},"ads_cchups_screen_64_a_2_1":{"x":28,"y":94},"ads_cchups_screen_64_a_2_2":{"x":28,"y":94},"ads_cchups_screen_64_a_4_0":{"x":19,"y":101}},"visualization":{"layerCount":5,"angle":45,"layers":{"0":{},"1":{"z":1000.0},"2":{"z":2000.0},"3":{"z":3000.0},"4":{"z":4000.0}},"directions":{"2":{},"4":{}},"animations":{"0":{"layers":{"0":{"loopCount":0,"frameRepeat":60,"frameSequences":{"0":{"frames":{"0":{"id":0},"1":{"id":1},"2":{"id":2},"3":{"id":3},"4":{"id":4},"5":{"id":5}}}}},"1":{"loopCount":0,"frameRepeat":60,"frameSequences":{"0":{"frames":{"0":{"id":0},"1":{"id":1},"2":{"id":2},"3":{"id":3},"4":{"id":4},"5":{"id":5}}}}},"2":{"loopCount":0,"frameRepeat":60,"frameSequences":{"0":{"frames":{"0":{"id":0},"1":{"id":1},"2":{"id":2},"3":{"id":3},"4":{"id":4},"5":{"id":5}}}}},"3":{"loopCount":0,"frameRepeat":60,"frameSequences":{"0":{"frames":{"0":{"id":0},"1":{"id":1},"2":{"id":2},"3":{"id":3},"4":{"id":4},"5":{"id":5}}}}},"4":{"loopCount":0,"frameRepeat":60,"frameSequences":{"0":{"frames":{"0":{"id":0},"1":{"id":1},"2":{"id":2},"3":{"id":3},"4":{"id":4},"5":{"id":5}}}}}}}}}}