{"type":"furniture","name":"america_r17_beaver","visualizationType":"furniture_animated","logicType":"furniture_multistate","spritesheet":"america_r17_beaver_spritesheet.json","dimensions":{"x":1.0,"y":1.0,"z":0.0},"directions":[180,90],"assets":{"america_r17_beaver_64_b_4_1":{"x":-12,"y":29},"america_r17_beaver_64_b_2_3":{"source":"america_r17_beaver_64_b_4_3","x":-14,"y":16,"flipH":true},"america_r17_beaver_64_b_4_2":{"x":-15,"y":23},"america_r17_beaver_64_b_2_1":{"source":"america_r17_beaver_64_b_4_1","x":-12,"y":29,"flipH":true},"america_r17_beaver_64_b_4_0":{"x":-13,"y":29},"america_r17_beaver_64_b_2_2":{"source":"america_r17_beaver_64_b_4_2","x":-15,"y":23,"flipH":true},"america_r17_beaver_64_sd_4_0":{"x":22,"y":9},"america_r17_beaver_64_b_4_3":{"x":-14,"y":16},"america_r17_beaver_64_sd_2_0":{"source":"america_r17_beaver_64_sd_4_0","x":22,"y":9,"flipH":true},"america_r17_beaver_64_b_2_0":{"source":"america_r17_beaver_64_b_4_0","x":-13,"y":29,"flipH":true},"america_r17_beaver_64_c_2_0":{"source":"america_r17_beaver_64_c_4_0","x":25,"y":24,"flipH":true},"america_r17_beaver_64_c_4_0":{"x":25,"y":24},"america_r17_beaver_64_d_4_3":{"x":21,"y":20},"america_r17_beaver_64_d_2_5":{"source":"america_r17_beaver_64_d_4_5","x":26,"y":20,"flipH":true},"america_r17_beaver_64_d_4_4":{"x":23,"y":20},"america_r17_beaver_64_d_2_6":{"source":"america_r17_beaver_64_d_4_6","x":33,"y":20,"flipH":true},"america_r17_beaver_64_d_4_1":{"x":22,"y":21},"america_r17_beaver_64_d_2_3":{"source":"america_r17_beaver_64_d_4_3","x":21,"y":20,"flipH":true},"america_r17_beaver_64_d_4_2":{"source":"america_r17_beaver_icon_a","x":21,"y":20},"america_r17_beaver_64_d_2_4":{"source":"america_r17_beaver_64_d_4_4","x":23,"y":20,"flipH":true},"america_r17_beaver_64_d_2_1":{"source":"america_r17_beaver_64_d_4_1","x":22,"y":21,"flipH":true},"america_r17_beaver_64_d_4_0":{"x":22,"y":21},"america_r17_beaver_64_d_2_2":{"source":"america_r17_beaver_icon_a","x":21,"y":20,"flipH":true},"america_r17_beaver_64_d_2_0":{"source":"america_r17_beaver_64_d_4_0","x":22,"y":21,"flipH":true},"america_r17_beaver_64_a_4_0":{"x":27,"y":6},"america_r17_beaver_64_d_4_7":{"x":37,"y":20},"america_r17_beaver_64_d_4_5":{"x":26,"y":20},"america_r17_beaver_64_d_2_7":{"source":"america_r17_beaver_64_d_4_7","x":37,"y":20,"flipH":true},"america_r17_beaver_64_d_4_6":{"x":33,"y":20},"america_r17_beaver_64_e_4_0":{"x":31,"y":13},"america_r17_beaver_icon_a":{"x":10,"y":8},"america_r17_beaver_64_a_2_0":{"source":"america_r17_beaver_64_a_4_0","x":27,"y":6,"flipH":true},"america_r17_beaver_64_e_2_0":{"source":"america_r17_beaver_64_e_4_0","x":31,"y":13,"flipH":true}},"visualization":{"layerCount":5,"angle":45,"layers":{"0":{},"1":{},"2":{},"3":{}},"directions":{"2":{},"4":{}},"animations":{"0":{"layers":{"1":{"loopCount":0,"frameRepeat":4,"frameSequences":{"0":{"frames":{"0":{"id":0},"1":{"id":1},"2":{"id":2},"3":{"id":3},"4":{"id":0},"5":{"id":0},"6":{"id":0},"7":{"id":0},"8":{"id":0},"9":{"id":0},"10":{"id":0},"11":{"id":1},"12":{"id":2},"13":{"id":3},"14":{"id":0},"15":{"id":0},"16":{"id":0},"17":{"id":0},"18":{"id":0},"19":{"id":0},"20":{"id":0},"21":{"id":0},"22":{"id":0},"23":{"id":0},"24":{"id":0},"25":{"id":0},"26":{"id":1},"27":{"id":2},"28":{"id":3},"29":{"id":0},"30":{"id":0},"31":{"id":0},"32":{"id":0},"33":{"id":0},"34":{"id":0},"35":{"id":0},"36":{"id":0},"37":{"id":0},"38":{"id":0},"39":{"id":0},"40":{"id":0},"41":{"id":0},"42":{"id":0},"43":{"id":0},"44":{"id":0},"45":{"id":0},"46":{"id":0},"47":{"id":1},"48":{"id":2},"49":{"id":3},"50":{"id":0},"51":{"id":0},"52":{"id":0},"53":{"id":1},"54":{"id":2},"55":{"id":3},"56":{"id":0},"57":{"id":0},"58":{"id":0},"59":{"id":0},"60":{"id":0},"61":{"id":0},"62":{"id":0},"63":{"id":0},"64":{"id":0},"65":{"id":0},"66":{"id":0},"67":{"id":0},"68":{"id":0},"69":{"id":1},"70":{"id":2},"71":{"id":3},"72":{"id":0},"73":{"id":0},"74":{"id":1},"75":{"id":2},"76":{"id":3},"77":{"id":0},"78":{"id":0},"79":{"id":1},"80":{"id":2},"81":{"id":3},"82":{"id":0},"83":{"id":0},"84":{"id":0},"85":{"id":0},"86":{"id":0},"87":{"id":0},"88":{"id":0},"89":{"id":0},"90":{"id":0},"91":{"id":0},"92":{"id":0}}}}},"3":{"loopCount":0,"frameRepeat":2,"frameSequences":{"0":{"frames":{"0":{"id":0},"1":{"id":0},"2":{"id":0},"3":{"id":0},"4":{"id":0},"5":{"id":4},"6":{"id":5},"7":{"id":6},"8":{"id":7},"9":{"id":4},"10":{"id":5},"11":{"id":6},"12":{"id":7},"13":{"id":2},"14":{"id":2},"15":{"id":3},"16":{"id":2},"17":{"id":2},"18":{"id":0},"19":{"id":0},"20":{"id":0},"21":{"id":1},"22":{"id":0},"23":{"id":1},"24":{"id":0},"25":{"id":1},"26":{"id":0},"27":{"id":0},"28":{"id":0},"29":{"id":0},"30":{"id":0},"31":{"id":0},"32":{"id":4},"33":{"id":5},"34":{"id":6},"35":{"id":7},"36":{"id":2},"37":{"id":2},"38":{"id":2},"39":{"id":2},"40":{"id":3},"41":{"id":2},"42":{"id":3},"43":{"id":2},"44":{"id":2},"45":{"id":2},"46":{"id":2},"47":{"id":0},"48":{"id":0},"49":{"id":0},"50":{"id":0},"51":{"id":0},"52":{"id":0},"53":{"id":0},"54":{"id":1},"55":{"id":0},"56":{"id":0},"57":{"id":0},"58":{"id":0},"59":{"id":0},"60":{"id":1},"61":{"id":0},"62":{"id":1},"63":{"id":0},"64":{"id":0},"65":{"id":0},"66":{"id":0},"67":{"id":0},"68":{"id":4},"69":{"id":5},"70":{"id":6},"71":{"id":7},"72":{"id":4},"73":{"id":5},"74":{"id":6},"75":{"id":7},"76":{"id":4},"77":{"id":5},"78":{"id":6},"79":{"id":7},"80":{"id":4},"81":{"id":5},"82":{"id":6},"83":{"id":7},"84":{"id":4},"85":{"id":5},"86":{"id":6},"87":{"id":7},"88":{"id":2},"89":{"id":2},"90":{"id":2},"91":{"id":2},"92":{"id":3},"93":{"id":2},"94":{"id":2},"95":{"id":2},"96":{"id":2},"97":{"id":4},"98":{"id":5},"99":{"id":6},"100":{"id":7},"101":{"id":4},"102":{"id":5},"103":{"id":6},"104":{"id":7},"105":{"id":4},"106":{"id":5},"107":{"id":6},"108":{"id":7},"109":{"id":4},"110":{"id":5},"111":{"id":6},"112":{"id":7},"113":{"id":0},"114":{"id":0},"115":{"id":1},"116":{"id":0},"117":{"id":0},"118":{"id":0},"119":{"id":0},"120":{"id":0},"121":{"id":0},"122":{"id":0},"123":{"id":0},"124":{"id":0},"125":{"id":1},"126":{"id":0},"127":{"id":0},"128":{"id":0},"129":{"id":0}}}}}}},"1":{"layers":{"0":{"frameSequences":{"0":{"frames":{"0":{"id":1}}}}},"1":{"loopCount":0,"frameRepeat":4,"frameSequences":{"0":{"frames":{"0":{"id":0},"1":{"id":1},"2":{"id":2},"3":{"id":3},"4":{"id":0},"5":{"id":0},"6":{"id":0},"7":{"id":0},"8":{"id":0},"9":{"id":0},"10":{"id":0},"11":{"id":1},"12":{"id":2},"13":{"id":3},"14":{"id":0},"15":{"id":0},"16":{"id":0},"17":{"id":0},"18":{"id":0},"19":{"id":0},"20":{"id":0},"21":{"id":0},"22":{"id":0},"23":{"id":0},"24":{"id":0},"25":{"id":0},"26":{"id":1},"27":{"id":2},"28":{"id":3},"29":{"id":0},"30":{"id":0},"31":{"id":0},"32":{"id":0},"33":{"id":0},"34":{"id":0},"35":{"id":0},"36":{"id":0},"37":{"id":0},"38":{"id":0},"39":{"id":0},"40":{"id":0},"41":{"id":0},"42":{"id":0},"43":{"id":0},"44":{"id":0},"45":{"id":0},"46":{"id":0},"47":{"id":1},"48":{"id":2},"49":{"id":3},"50":{"id":0},"51":{"id":0},"52":{"id":0},"53":{"id":1},"54":{"id":2},"55":{"id":3},"56":{"id":0},"57":{"id":0},"58":{"id":0},"59":{"id":0},"60":{"id":0},"61":{"id":0},"62":{"id":0},"63":{"id":0},"64":{"id":0},"65":{"id":0},"66":{"id":0},"67":{"id":0},"68":{"id":0},"69":{"id":1},"70":{"id":2},"71":{"id":3},"72":{"id":0},"73":{"id":0},"74":{"id":1},"75":{"id":2},"76":{"id":3},"77":{"id":0},"78":{"id":0},"79":{"id":1},"80":{"id":2},"81":{"id":3},"82":{"id":0},"83":{"id":0},"84":{"id":0},"85":{"id":0},"86":{"id":0},"87":{"id":0},"88":{"id":0},"89":{"id":0},"90":{"id":0},"91":{"id":0},"92":{"id":0}}}}},"3":{"loopCount":0,"frameRepeat":2,"frameSequences":{"0":{"frames":{"0":{"id":0},"1":{"id":0},"2":{"id":0},"3":{"id":0},"4":{"id":0},"5":{"id":4},"6":{"id":5},"7":{"id":6},"8":{"id":7},"9":{"id":4},"10":{"id":5},"11":{"id":6},"12":{"id":7},"13":{"id":2},"14":{"id":2},"15":{"id":3},"16":{"id":2},"17":{"id":2},"18":{"id":0},"19":{"id":0},"20":{"id":0},"21":{"id":1},"22":{"id":0},"23":{"id":1},"24":{"id":0},"25":{"id":1},"26":{"id":0},"27":{"id":0},"28":{"id":0},"29":{"id":0},"30":{"id":0},"31":{"id":0},"32":{"id":4},"33":{"id":5},"34":{"id":6},"35":{"id":7},"36":{"id":2},"37":{"id":2},"38":{"id":2},"39":{"id":2},"40":{"id":3},"41":{"id":2},"42":{"id":3},"43":{"id":2},"44":{"id":2},"45":{"id":2},"46":{"id":2},"47":{"id":0},"48":{"id":0},"49":{"id":0},"50":{"id":0},"51":{"id":0},"52":{"id":0},"53":{"id":0},"54":{"id":1},"55":{"id":0},"56":{"id":0},"57":{"id":0},"58":{"id":0},"59":{"id":0},"60":{"id":1},"61":{"id":0},"62":{"id":1},"63":{"id":0},"64":{"id":0},"65":{"id":0},"66":{"id":0},"67":{"id":0},"68":{"id":4},"69":{"id":5},"70":{"id":6},"71":{"id":7},"72":{"id":4},"73":{"id":5},"74":{"id":6},"75":{"id":7},"76":{"id":4},"77":{"id":5},"78":{"id":6},"79":{"id":7},"80":{"id":4},"81":{"id":5},"82":{"id":6},"83":{"id":7},"84":{"id":4},"85":{"id":5},"86":{"id":6},"87":{"id":7},"88":{"id":2},"89":{"id":2},"90":{"id":2},"91":{"id":2},"92":{"id":3},"93":{"id":2},"94":{"id":2},"95":{"id":2},"96":{"id":2},"97":{"id":4},"98":{"id":5},"99":{"id":6},"100":{"id":7},"101":{"id":4},"102":{"id":5},"103":{"id":6},"104":{"id":7},"105":{"id":4},"106":{"id":5},"107":{"id":6},"108":{"id":7},"109":{"id":4},"110":{"id":5},"111":{"id":6},"112":{"id":7},"113":{"id":0},"114":{"id":0},"115":{"id":1},"116":{"id":0},"117":{"id":0},"118":{"id":0},"119":{"id":0},"120":{"id":0},"121":{"id":0},"122":{"id":0},"123":{"id":0},"124":{"id":0},"125":{"id":1},"126":{"id":0},"127":{"id":0},"128":{"id":0},"129":{"id":0}}}}},"4":{"frameSequences":{"0":{"frames":{"0":{"id":1}}}}}}},"2":{"layers":{}},"3":{"layers":{"0":{"frameSequences":{"0":{"frames":{"0":{"id":1}}}}},"3":{"frameSequences":{"0":{"frames":{"0":{"id":0}}}}},"4":{"frameSequences":{"0":{"frames":{"0":{"id":1}}}}}}}}}}