{"meta":{"app":"FFConverter ~ Joopie","format":"RGBA8888","image":"america_r17_beaver.png","scale":"1.0","size":{"w":256,"h":64},"version":"1.0"},"frames":{"america_r17_beaver_america_r17_beaver_64_d_4_5.png":{"frame":{"x":17,"y":20,"w":25,"h":21},"sourceSize":{"w":25,"h":21},"spriteSourceSize":{"x":0,"y":0,"w":25,"h":21},"rotated":false,"trimmed":false},"america_r17_beaver_america_r17_beaver_64_b_4_3.png":{"frame":{"x":2,"y":47,"w":17,"h":14},"sourceSize":{"w":17,"h":14},"spriteSourceSize":{"x":0,"y":0,"w":17,"h":14},"rotated":false,"trimmed":false},"america_r17_beaver_america_r17_beaver_64_e_4_0.png":{"frame":{"x":58,"y":14,"w":64,"h":26},"sourceSize":{"w":64,"h":26},"spriteSourceSize":{"x":0,"y":0,"w":64,"h":26},"rotated":false,"trimmed":false},"america_r17_beaver_america_r17_beaver_64_sd_4_0.png":{"frame":{"x":137,"y":41,"w":40,"h":20},"sourceSize":{"w":40,"h":20},"spriteSourceSize":{"x":0,"y":0,"w":40,"h":20},"rotated":false,"trimmed":false},"america_r17_beaver_america_r17_beaver_64_b_4_1.png":{"frame":{"x":44,"y":16,"w":12,"h":25},"sourceSize":{"w":12,"h":25},"spriteSourceSize":{"x":0,"y":0,"w":12,"h":25},"rotated":false,"trimmed":false},"america_r17_beaver_america_r17_beaver_64_d_4_0.png":{"frame":{"x":114,"y":42,"w":21,"h":19},"sourceSize":{"w":21,"h":19},"spriteSourceSize":{"x":0,"y":0,"w":21,"h":19},"rotated":false,"trimmed":false},"america_r17_beaver_america_r17_beaver_icon_a.png":{"frame":{"x":21,"y":43,"w":21,"h":18},"sourceSize":{"w":21,"h":18},"spriteSourceSize":{"x":0,"y":0,"w":21,"h":18},"rotated":false,"trimmed":false},"america_r17_beaver_america_r17_beaver_64_d_4_3.png":{"frame":{"x":44,"y":43,"w":21,"h":18},"sourceSize":{"w":21,"h":18},"spriteSourceSize":{"x":0,"y":0,"w":21,"h":18},"rotated":false,"trimmed":false},"america_r17_beaver_america_r17_beaver_64_d_4_7.png":{"frame":{"x":204,"y":2,"w":44,"h":36},"sourceSize":{"w":44,"h":36},"spriteSourceSize":{"x":0,"y":0,"w":44,"h":36},"rotated":false,"trimmed":false},"america_r17_beaver_america_r17_beaver_64_b_4_2.png":{"frame":{"x":179,"y":41,"w":14,"h":20},"sourceSize":{"w":14,"h":20},"spriteSourceSize":{"x":0,"y":0,"w":14,"h":20},"rotated":false,"trimmed":false},"america_r17_beaver_america_r17_beaver_64_d_4_4.png":{"frame":{"x":67,"y":42,"w":22,"h":19},"sourceSize":{"w":22,"h":19},"spriteSourceSize":{"x":0,"y":0,"w":22,"h":19},"rotated":false,"trimmed":false},"america_r17_beaver_america_r17_beaver_64_a_4_0.png":{"frame":{"x":195,"y":40,"w":55,"h":21},"sourceSize":{"w":55,"h":21},"spriteSourceSize":{"x":0,"y":0,"w":55,"h":21},"rotated":false,"trimmed":false},"america_r17_beaver_america_r17_beaver_64_d_4_1.png":{"frame":{"x":91,"y":42,"w":21,"h":19},"sourceSize":{"w":21,"h":19},"spriteSourceSize":{"x":0,"y":0,"w":21,"h":19},"rotated":false,"trimmed":false},"america_r17_beaver_america_r17_beaver_64_b_4_0.png":{"frame":{"x":2,"y":20,"w":13,"h":25},"sourceSize":{"w":13,"h":25},"spriteSourceSize":{"x":0,"y":0,"w":13,"h":25},"rotated":false,"trimmed":false},"america_r17_beaver_america_r17_beaver_64_c_4_0.png":{"frame":{"x":159,"y":2,"w":43,"h":36},"sourceSize":{"w":43,"h":36},"spriteSourceSize":{"x":0,"y":0,"w":43,"h":36},"rotated":false,"trimmed":false},"america_r17_beaver_america_r17_beaver_64_d_4_6.png":{"frame":{"x":124,"y":9,"w":33,"h":30},"sourceSize":{"w":33,"h":30},"spriteSourceSize":{"x":0,"y":0,"w":33,"h":30},"rotated":false,"trimmed":false}}}