{"type":"furniture","name":"america_r17_skunk","visualizationType":"furniture_animated","logicType":"furniture_multistate","spritesheet":"america_r17_skunk_spritesheet.json","dimensions":{"x":1.0,"y":1.0,"z":1.0},"directions":[0,90],"assets":{"america_r17_skunk_64_sd_0_0":{"x":19,"y":5},"america_r17_skunk_64_b_2_16":{"source":"america_r17_skunk_64_b_0_16","x":20,"y":33,"flipH":true},"america_r17_skunk_64_b_2_15":{"source":"america_r17_skunk_64_b_0_15","x":20,"y":48,"flipH":true},"america_r17_skunk_64_b_2_14":{"source":"america_r17_skunk_64_b_0_14","x":20,"y":52,"flipH":true},"america_r17_skunk_64_b_2_13":{"source":"america_r17_skunk_64_b_0_13","x":20,"y":52,"flipH":true},"america_r17_skunk_64_b_2_19":{"source":"america_r17_skunk_64_b_0_21","x":17,"y":34,"flipH":true},"america_r17_skunk_64_sd_2_0":{"source":"america_r17_skunk_64_sd_0_0","x":19,"y":5,"flipH":true},"america_r17_skunk_64_b_2_18":{"source":"america_r17_skunk_64_b_0_22","x":20,"y":33,"flipH":true},"america_r17_skunk_64_b_2_17":{"source":"america_r17_skunk_64_b_0_17","x":20,"y":33,"flipH":true},"america_r17_skunk_64_b_2_12":{"source":"america_r17_skunk_64_b_0_12","x":20,"y":52,"flipH":true},"america_r17_skunk_64_b_2_11":{"source":"america_r17_skunk_64_b_0_11","x":20,"y":52,"flipH":true},"america_r17_skunk_64_b_2_10":{"source":"america_r17_skunk_64_b_0_10","x":20,"y":52,"flipH":true},"america_r17_skunk_64_b_0_30":{"x":20,"y":33},"america_r17_skunk_icon_a":{"x":13,"y":14},"america_r17_skunk_64_a_0_1":{"x":-5,"y":7},"america_r17_skunk_64_a_2_0":{"source":"america_r17_skunk_64_a_0_0","x":33,"y":18,"flipH":true},"america_r17_skunk_64_a_2_1":{"source":"america_r17_skunk_64_a_0_1","x":-5,"y":7,"flipH":true},"america_r17_skunk_64_a_0_0":{"x":33,"y":18},"america_r17_skunk_64_b_0_24":{"x":20,"y":33},"america_r17_skunk_64_b_0_25":{"x":20,"y":34},"america_r17_skunk_64_b_0_22":{"x":20,"y":33},"america_r17_skunk_64_b_0_23":{"x":20,"y":34},"america_r17_skunk_64_b_0_28":{"x":20,"y":33},"america_r17_skunk_64_b_0_29":{"x":20,"y":34},"america_r17_skunk_64_b_0_26":{"x":20,"y":33},"america_r17_skunk_64_b_0_27":{"x":20,"y":34},"america_r17_skunk_64_b_0_20":{"x":17,"y":33},"america_r17_skunk_64_b_0_21":{"x":17,"y":34},"america_r17_skunk_64_b_0_19":{"source":"america_r17_skunk_64_b_0_21","x":17,"y":34},"america_r17_skunk_64_b_0_13":{"x":20,"y":52},"america_r17_skunk_64_b_0_14":{"x":20,"y":52},"america_r17_skunk_64_b_0_11":{"x":20,"y":52},"america_r17_skunk_64_b_0_12":{"x":20,"y":52},"america_r17_skunk_64_b_0_17":{"x":20,"y":33},"america_r17_skunk_64_b_0_18":{"source":"america_r17_skunk_64_b_0_22","x":20,"y":33},"america_r17_skunk_64_b_0_15":{"x":20,"y":48},"america_r17_skunk_64_b_0_16":{"x":20,"y":33},"america_r17_skunk_64_b_2_30":{"source":"america_r17_skunk_64_b_0_30","x":20,"y":33,"flipH":true},"america_r17_skunk_64_b_0_10":{"x":20,"y":52},"america_r17_skunk_64_b_2_8":{"source":"america_r17_skunk_64_b_0_8","x":20,"y":52,"flipH":true},"america_r17_skunk_64_b_2_9":{"source":"america_r17_skunk_64_b_0_9","x":20,"y":52,"flipH":true},"america_r17_skunk_64_b_0_8":{"x":20,"y":52},"america_r17_skunk_64_b_2_6":{"source":"america_r17_skunk_64_b_0_6","x":20,"y":48,"flipH":true},"america_r17_skunk_64_b_0_9":{"x":20,"y":52},"america_r17_skunk_64_b_2_7":{"source":"america_r17_skunk_64_b_0_7","x":20,"y":52,"flipH":true},"america_r17_skunk_64_b_0_2":{"source":"america_r17_skunk_64_b_0_0","x":20,"y":33},"america_r17_skunk_64_b_2_0":{"source":"america_r17_skunk_64_b_0_0","x":20,"y":33,"flipH":true},"america_r17_skunk_64_b_2_27":{"source":"america_r17_skunk_64_b_0_27","x":20,"y":34,"flipH":true},"america_r17_skunk_64_b_0_3":{"x":20,"y":34},"america_r17_skunk_64_b_2_1":{"source":"america_r17_skunk_64_b_0_1","x":20,"y":33,"flipH":true},"america_r17_skunk_64_b_2_26":{"source":"america_r17_skunk_64_b_0_26","x":20,"y":33,"flipH":true},"america_r17_skunk_64_b_0_0":{"x":20,"y":33},"america_r17_skunk_64_b_2_25":{"source":"america_r17_skunk_64_b_0_25","x":20,"y":34,"flipH":true},"america_r17_skunk_64_b_0_1":{"x":20,"y":33},"america_r17_skunk_64_b_2_24":{"source":"america_r17_skunk_64_b_0_24","x":20,"y":33,"flipH":true},"america_r17_skunk_64_b_0_6":{"x":20,"y":48},"america_r17_skunk_64_b_2_4":{"source":"america_r17_skunk_64_b_0_4","x":20,"y":34,"flipH":true},"america_r17_skunk_64_b_0_7":{"x":20,"y":52},"america_r17_skunk_64_b_2_5":{"source":"america_r17_skunk_64_b_0_5","x":20,"y":35,"flipH":true},"america_r17_skunk_64_b_0_4":{"x":20,"y":34},"america_r17_skunk_64_b_2_2":{"source":"america_r17_skunk_64_b_0_0","x":20,"y":33,"flipH":true},"america_r17_skunk_64_b_2_29":{"source":"america_r17_skunk_64_b_0_29","x":20,"y":34,"flipH":true},"america_r17_skunk_64_b_0_5":{"x":20,"y":35},"america_r17_skunk_64_b_2_3":{"source":"america_r17_skunk_64_b_0_3","x":20,"y":34,"flipH":true},"america_r17_skunk_64_b_2_28":{"source":"america_r17_skunk_64_b_0_28","x":20,"y":33,"flipH":true},"america_r17_skunk_64_b_2_23":{"source":"america_r17_skunk_64_b_0_23","x":20,"y":34,"flipH":true},"america_r17_skunk_64_b_2_22":{"source":"america_r17_skunk_64_b_0_22","x":20,"y":33,"flipH":true},"america_r17_skunk_64_b_2_21":{"source":"america_r17_skunk_64_b_0_21","x":17,"y":34,"flipH":true},"america_r17_skunk_64_b_2_20":{"source":"america_r17_skunk_64_b_0_20","x":17,"y":33,"flipH":true}},"visualization":{"layerCount":2,"angle":45,"layers":{"0":{}},"directions":{"0":{},"2":{}},"animations":{"0":{"layers":{"0":{"frameSequences":{"0":{"frames":{"0":{"id":0}}}}},"1":{"loopCount":0,"frameRepeat":4,"random":1,"frameSequences":{"0":{"frames":{"0":{"id":0},"1":{"id":1},"2":{"id":2},"3":{"id":3},"4":{"id":4},"5":{"id":5},"6":{"id":6},"7":{"id":7},"8":{"id":8},"9":{"id":9},"10":{"id":10},"11":{"id":11},"12":{"id":12},"13":{"id":13},"14":{"id":14},"15":{"id":15},"16":{"id":16},"17":{"id":17},"18":{"id":18},"19":{"id":19},"20":{"id":20},"21":{"id":21},"22":{"id":22},"23":{"id":23},"24":{"id":24},"25":{"id":25},"26":{"id":26},"27":{"id":27},"28":{"id":0},"29":{"id":1},"30":{"id":0},"31":{"id":1},"32":{"id":3},"33":{"id":3},"34":{"id":22},"35":{"id":23},"36":{"id":22},"37":{"id":23},"38":{"id":22},"39":{"id":23},"40":{"id":3},"41":{"id":3},"42":{"id":2},"43":{"id":2},"44":{"id":3},"45":{"id":3},"46":{"id":0},"47":{"id":1},"48":{"id":2},"49":{"id":3},"50":{"id":4},"51":{"id":5},"52":{"id":6},"53":{"id":7},"54":{"id":8},"55":{"id":9},"56":{"id":10},"57":{"id":11},"58":{"id":12},"59":{"id":13},"60":{"id":14},"61":{"id":15},"62":{"id":16},"63":{"id":17},"64":{"id":0},"65":{"id":1},"66":{"id":0},"67":{"id":1},"68":{"id":0},"69":{"id":1},"70":{"id":2},"71":{"id":3},"72":{"id":22},"73":{"id":23},"74":{"id":22},"75":{"id":23},"76":{"id":22},"77":{"id":23},"78":{"id":22},"79":{"id":23},"80":{"id":2},"81":{"id":2},"82":{"id":3},"83":{"id":3},"84":{"id":3},"85":{"id":3},"86":{"id":2},"87":{"id":2},"88":{"id":3},"89":{"id":3},"90":{"id":3},"91":{"id":3}}},"1":{"frames":{"0":{"id":0},"1":{"id":1},"2":{"id":2},"3":{"id":3},"4":{"id":4},"5":{"id":5},"6":{"id":6},"7":{"id":7},"8":{"id":8},"9":{"id":9},"10":{"id":10},"11":{"id":11},"12":{"id":12},"13":{"id":13},"14":{"id":14},"15":{"id":15},"16":{"id":16},"17":{"id":17},"18":{"id":18},"19":{"id":19},"20":{"id":20},"21":{"id":21},"22":{"id":22},"23":{"id":23},"24":{"id":24},"25":{"id":25},"26":{"id":26},"27":{"id":27}}},"2":{"frames":{"0":{"id":0},"1":{"id":1},"2":{"id":0},"3":{"id":1},"4":{"id":3},"5":{"id":3},"6":{"id":22},"7":{"id":23},"8":{"id":22},"9":{"id":23},"10":{"id":22},"11":{"id":23},"12":{"id":3},"13":{"id":3},"14":{"id":2},"15":{"id":2},"16":{"id":3},"17":{"id":3},"18":{"id":0},"19":{"id":1}}},"3":{"frames":{"0":{"id":0},"1":{"id":1},"2":{"id":2},"3":{"id":3},"4":{"id":4},"5":{"id":5},"6":{"id":6},"7":{"id":7},"8":{"id":8},"9":{"id":9},"10":{"id":10},"11":{"id":11},"12":{"id":12},"13":{"id":13},"14":{"id":14},"15":{"id":15},"16":{"id":16},"17":{"id":17},"18":{"id":0},"19":{"id":1},"20":{"id":0},"21":{"id":1},"22":{"id":0},"23":{"id":1},"24":{"id":2},"25":{"id":3},"26":{"id":22},"27":{"id":23},"28":{"id":22},"29":{"id":23},"30":{"id":22},"31":{"id":23},"32":{"id":22},"33":{"id":23},"34":{"id":2},"35":{"id":2},"36":{"id":3},"37":{"id":3},"38":{"id":3},"39":{"id":3},"40":{"id":2},"41":{"id":2},"42":{"id":3},"43":{"id":3},"44":{"id":3},"45":{"id":3}}},"4":{"frames":{"0":{"id":0},"1":{"id":1},"2":{"id":0},"3":{"id":1},"4":{"id":2},"5":{"id":2},"6":{"id":3},"7":{"id":3},"8":{"id":3},"9":{"id":3},"10":{"id":2},"11":{"id":2},"12":{"id":3},"13":{"id":3},"14":{"id":3},"15":{"id":3}}},"5":{"frames":{"0":{"id":18},"1":{"id":19},"2":{"id":20},"3":{"id":21},"4":{"id":22},"5":{"id":23},"6":{"id":24},"7":{"id":25},"8":{"id":26},"9":{"id":27},"10":{"id":0},"11":{"id":1},"12":{"id":0},"13":{"id":1},"14":{"id":3},"15":{"id":3},"16":{"id":22},"17":{"id":23},"18":{"id":22},"19":{"id":23},"20":{"id":22},"21":{"id":23},"22":{"id":3},"23":{"id":3},"24":{"id":2},"25":{"id":2},"26":{"id":3},"27":{"id":3},"28":{"id":0},"29":{"id":1}}},"6":{"frames":{"0":{"id":0},"1":{"id":1},"2":{"id":2},"3":{"id":3},"4":{"id":22},"5":{"id":23},"6":{"id":28},"7":{"id":29},"8":{"id":26},"9":{"id":27},"10":{"id":26}}},"7":{"frames":{"0":{"id":0},"1":{"id":1},"2":{"id":2},"3":{"id":3},"4":{"id":22},"5":{"id":23},"6":{"id":28},"7":{"id":29},"8":{"id":26},"9":{"id":27},"10":{"id":26},"11":{"id":29},"12":{"id":26},"13":{"id":27},"14":{"id":26},"15":{"id":29},"16":{"id":26},"17":{"id":27},"18":{"id":26}}},"8":{"frames":{"0":{"id":30},"1":{"id":3},"2":{"id":30},"3":{"id":3},"4":{"id":30},"5":{"id":3}}}}}}},"1":{"layers":{"0":{"frameSequences":{"0":{"frames":{"0":{"id":1}}}}},"1":{"loopCount":0,"frameRepeat":4,"random":1,"frameSequences":{"0":{"frames":{"0":{"id":0},"1":{"id":1},"2":{"id":2},"3":{"id":3},"4":{"id":4},"5":{"id":5},"6":{"id":6},"7":{"id":7},"8":{"id":8},"9":{"id":9},"10":{"id":10},"11":{"id":11},"12":{"id":12},"13":{"id":13},"14":{"id":14},"15":{"id":15},"16":{"id":16},"17":{"id":17},"18":{"id":18},"19":{"id":19},"20":{"id":20},"21":{"id":21},"22":{"id":22},"23":{"id":23},"24":{"id":24},"25":{"id":25},"26":{"id":26},"27":{"id":27},"28":{"id":0},"29":{"id":1},"30":{"id":0},"31":{"id":1},"32":{"id":3},"33":{"id":3},"34":{"id":22},"35":{"id":23},"36":{"id":22},"37":{"id":23},"38":{"id":22},"39":{"id":23},"40":{"id":3},"41":{"id":3},"42":{"id":2},"43":{"id":2},"44":{"id":3},"45":{"id":3},"46":{"id":0},"47":{"id":1},"48":{"id":2},"49":{"id":3},"50":{"id":4},"51":{"id":5},"52":{"id":6},"53":{"id":7},"54":{"id":8},"55":{"id":9},"56":{"id":10},"57":{"id":11},"58":{"id":12},"59":{"id":13},"60":{"id":14},"61":{"id":15},"62":{"id":16},"63":{"id":17},"64":{"id":0},"65":{"id":1},"66":{"id":0},"67":{"id":1},"68":{"id":0},"69":{"id":1},"70":{"id":2},"71":{"id":3},"72":{"id":22},"73":{"id":23},"74":{"id":22},"75":{"id":23},"76":{"id":22},"77":{"id":23},"78":{"id":22},"79":{"id":23},"80":{"id":2},"81":{"id":2},"82":{"id":3},"83":{"id":3},"84":{"id":3},"85":{"id":3},"86":{"id":2},"87":{"id":2},"88":{"id":3},"89":{"id":3},"90":{"id":3},"91":{"id":3}}},"1":{"frames":{"0":{"id":0},"1":{"id":1},"2":{"id":2},"3":{"id":3},"4":{"id":4},"5":{"id":5},"6":{"id":6},"7":{"id":7},"8":{"id":8},"9":{"id":9},"10":{"id":10},"11":{"id":11},"12":{"id":12},"13":{"id":13},"14":{"id":14},"15":{"id":15},"16":{"id":16},"17":{"id":17},"18":{"id":18},"19":{"id":19},"20":{"id":20},"21":{"id":21},"22":{"id":22},"23":{"id":23},"24":{"id":24},"25":{"id":25},"26":{"id":26},"27":{"id":27}}},"2":{"frames":{"0":{"id":0},"1":{"id":1},"2":{"id":0},"3":{"id":1},"4":{"id":3},"5":{"id":3},"6":{"id":22},"7":{"id":23},"8":{"id":22},"9":{"id":23},"10":{"id":22},"11":{"id":23},"12":{"id":3},"13":{"id":3},"14":{"id":2},"15":{"id":2},"16":{"id":3},"17":{"id":3},"18":{"id":0},"19":{"id":1}}},"3":{"frames":{"0":{"id":0},"1":{"id":1},"2":{"id":2},"3":{"id":3},"4":{"id":4},"5":{"id":5},"6":{"id":6},"7":{"id":7},"8":{"id":8},"9":{"id":9},"10":{"id":10},"11":{"id":11},"12":{"id":12},"13":{"id":13},"14":{"id":14},"15":{"id":15},"16":{"id":16},"17":{"id":17},"18":{"id":0},"19":{"id":1},"20":{"id":0},"21":{"id":1},"22":{"id":0},"23":{"id":1},"24":{"id":2},"25":{"id":3},"26":{"id":22},"27":{"id":23},"28":{"id":22},"29":{"id":23},"30":{"id":22},"31":{"id":23},"32":{"id":22},"33":{"id":23},"34":{"id":2},"35":{"id":2},"36":{"id":3},"37":{"id":3},"38":{"id":3},"39":{"id":3},"40":{"id":2},"41":{"id":2},"42":{"id":3},"43":{"id":3},"44":{"id":3},"45":{"id":3}}},"4":{"frames":{"0":{"id":0},"1":{"id":1},"2":{"id":0},"3":{"id":1},"4":{"id":2},"5":{"id":2},"6":{"id":3},"7":{"id":3},"8":{"id":3},"9":{"id":3},"10":{"id":2},"11":{"id":2},"12":{"id":3},"13":{"id":3},"14":{"id":3},"15":{"id":3}}},"5":{"frames":{"0":{"id":18},"1":{"id":19},"2":{"id":20},"3":{"id":21},"4":{"id":22},"5":{"id":23},"6":{"id":24},"7":{"id":25},"8":{"id":26},"9":{"id":27},"10":{"id":0},"11":{"id":1},"12":{"id":0},"13":{"id":1},"14":{"id":3},"15":{"id":3},"16":{"id":22},"17":{"id":23},"18":{"id":22},"19":{"id":23},"20":{"id":22},"21":{"id":23},"22":{"id":3},"23":{"id":3},"24":{"id":2},"25":{"id":2},"26":{"id":3},"27":{"id":3},"28":{"id":0},"29":{"id":1}}},"6":{"frames":{"0":{"id":0},"1":{"id":1},"2":{"id":2},"3":{"id":3},"4":{"id":22},"5":{"id":23},"6":{"id":28},"7":{"id":29},"8":{"id":26},"9":{"id":27},"10":{"id":26}}},"7":{"frames":{"0":{"id":0},"1":{"id":1},"2":{"id":2},"3":{"id":3},"4":{"id":22},"5":{"id":23},"6":{"id":28},"7":{"id":29},"8":{"id":26},"9":{"id":27},"10":{"id":26},"11":{"id":29},"12":{"id":26},"13":{"id":27},"14":{"id":26},"15":{"id":29},"16":{"id":26},"17":{"id":27},"18":{"id":26}}},"8":{"frames":{"0":{"id":30},"1":{"id":3},"2":{"id":30},"3":{"id":3},"4":{"id":30},"5":{"id":3}}}}}}},"2":{"layers":{"0":{"frameSequences":{"0":{"frames":{"0":{"id":0}}}}},"1":{"frameSequences":{"0":{"frames":{"0":{"id":3}}}}}}},"3":{"layers":{"0":{"frameSequences":{"0":{"frames":{"0":{"id":1}}}}},"1":{"frameSequences":{"0":{"frames":{"0":{"id":3}}}}}}}}}}