{"meta":{"app":"FFConverter ~ Joopie","format":"RGBA8888","image":"america_r17_skunk.png","scale":"1.0","size":{"w":1024,"h":128},"version":"1.0"},"frames":{"america_r17_skunk_america_r17_skunk_64_b_0_16.png":{"frame":{"x":354,"y":84,"w":43,"h":42},"sourceSize":{"w":43,"h":42},"spriteSourceSize":{"x":0,"y":0,"w":43,"h":42},"rotated":false,"trimmed":false},"america_r17_skunk_america_r17_skunk_64_b_0_11.png":{"frame":{"x":59,"y":65,"w":51,"h":61},"sourceSize":{"w":51,"h":61},"spriteSourceSize":{"x":0,"y":0,"w":51,"h":61},"rotated":false,"trimmed":false},"america_r17_skunk_america_r17_skunk_64_b_0_3.png":{"frame":{"x":795,"y":83,"w":41,"h":43},"sourceSize":{"w":41,"h":43},"spriteSourceSize":{"x":0,"y":0,"w":41,"h":43},"rotated":false,"trimmed":false},"america_r17_skunk_america_r17_skunk_64_b_0_29.png":{"frame":{"x":881,"y":84,"w":41,"h":42},"sourceSize":{"w":41,"h":42},"spriteSourceSize":{"x":0,"y":0,"w":41,"h":42},"rotated":false,"trimmed":false},"america_r17_skunk_america_r17_skunk_64_b_0_25.png":{"frame":{"x":838,"y":84,"w":41,"h":42},"sourceSize":{"w":41,"h":42},"spriteSourceSize":{"x":0,"y":0,"w":41,"h":42},"rotated":false,"trimmed":false},"america_r17_skunk_america_r17_skunk_64_b_0_9.png":{"frame":{"x":112,"y":65,"w":49,"h":61},"sourceSize":{"w":49,"h":61},"spriteSourceSize":{"x":0,"y":0,"w":49,"h":61},"rotated":false,"trimmed":false},"america_r17_skunk_america_r17_skunk_64_b_0_7.png":{"frame":{"x":163,"y":65,"w":41,"h":61},"sourceSize":{"w":41,"h":61},"spriteSourceSize":{"x":0,"y":0,"w":41,"h":61},"rotated":false,"trimmed":false},"america_r17_skunk_america_r17_skunk_64_b_0_28.png":{"frame":{"x":619,"y":84,"w":42,"h":42},"sourceSize":{"w":42,"h":42},"spriteSourceSize":{"x":0,"y":0,"w":42,"h":42},"rotated":false,"trimmed":false},"america_r17_skunk_america_r17_skunk_64_b_0_12.png":{"frame":{"x":56,"y":2,"w":52,"h":61},"sourceSize":{"w":52,"h":61},"spriteSourceSize":{"x":0,"y":0,"w":52,"h":61},"rotated":false,"trimmed":false},"america_r17_skunk_america_r17_skunk_64_b_0_15.png":{"frame":{"x":206,"y":69,"w":40,"h":57},"sourceSize":{"w":40,"h":57},"spriteSourceSize":{"x":0,"y":0,"w":40,"h":57},"rotated":false,"trimmed":false},"america_r17_skunk_america_r17_skunk_64_b_0_24.png":{"frame":{"x":531,"y":84,"w":42,"h":42},"sourceSize":{"w":42,"h":42},"spriteSourceSize":{"x":0,"y":0,"w":42,"h":42},"rotated":false,"trimmed":false},"america_r17_skunk_america_r17_skunk_64_b_0_6.png":{"frame":{"x":248,"y":69,"w":40,"h":57},"sourceSize":{"w":40,"h":57},"spriteSourceSize":{"x":0,"y":0,"w":40,"h":57},"rotated":false,"trimmed":false},"america_r17_skunk_america_r17_skunk_64_b_0_20.png":{"frame":{"x":967,"y":84,"w":39,"h":42},"sourceSize":{"w":39,"h":42},"spriteSourceSize":{"x":0,"y":0,"w":39,"h":42},"rotated":false,"trimmed":false},"america_r17_skunk_america_r17_skunk_icon_a.png":{"frame":{"x":298,"y":17,"w":29,"h":30},"sourceSize":{"w":29,"h":30},"spriteSourceSize":{"x":0,"y":0,"w":29,"h":30},"rotated":false,"trimmed":false},"america_r17_skunk_america_r17_skunk_64_b_0_22.png":{"frame":{"x":575,"y":84,"w":42,"h":42},"sourceSize":{"w":42,"h":42},"spriteSourceSize":{"x":0,"y":0,"w":42,"h":42},"rotated":false,"trimmed":false},"america_r17_skunk_america_r17_skunk_64_b_0_1.png":{"frame":{"x":443,"y":84,"w":42,"h":42},"sourceSize":{"w":42,"h":42},"spriteSourceSize":{"x":0,"y":0,"w":42,"h":42},"rotated":false,"trimmed":false},"america_r17_skunk_america_r17_skunk_64_b_0_30.png":{"frame":{"x":663,"y":84,"w":42,"h":42},"sourceSize":{"w":42,"h":42},"spriteSourceSize":{"x":0,"y":0,"w":42,"h":42},"rotated":false,"trimmed":false},"america_r17_skunk_america_r17_skunk_64_b_0_27.png":{"frame":{"x":924,"y":84,"w":41,"h":42},"sourceSize":{"w":41,"h":42},"spriteSourceSize":{"x":0,"y":0,"w":41,"h":42},"rotated":false,"trimmed":false},"america_r17_skunk_america_r17_skunk_64_b_0_14.png":{"frame":{"x":2,"y":65,"w":55,"h":61},"sourceSize":{"w":55,"h":61},"spriteSourceSize":{"x":0,"y":0,"w":55,"h":61},"rotated":false,"trimmed":false},"america_r17_skunk_america_r17_skunk_64_b_0_5.png":{"frame":{"x":209,"y":23,"w":44,"h":44},"sourceSize":{"w":44,"h":44},"spriteSourceSize":{"x":0,"y":0,"w":44,"h":44},"rotated":false,"trimmed":false},"america_r17_skunk_america_r17_skunk_64_b_0_21.png":{"frame":{"x":298,"y":49,"w":38,"h":43},"sourceSize":{"w":38,"h":43},"spriteSourceSize":{"x":0,"y":0,"w":38,"h":43},"rotated":false,"trimmed":false},"america_r17_skunk_america_r17_skunk_64_a_0_1.png":{"frame":{"x":206,"y":66,"w":1,"h":1},"sourceSize":{"w":1,"h":1},"spriteSourceSize":{"x":0,"y":0,"w":1,"h":1},"rotated":false,"trimmed":false},"america_r17_skunk_america_r17_skunk_64_b_0_23.png":{"frame":{"x":255,"y":24,"w":41,"h":43},"sourceSize":{"w":41,"h":43},"spriteSourceSize":{"x":0,"y":0,"w":41,"h":43},"rotated":false,"trimmed":false},"america_r17_skunk_america_r17_skunk_64_b_0_10.png":{"frame":{"x":110,"y":2,"w":49,"h":61},"sourceSize":{"w":49,"h":61},"spriteSourceSize":{"x":0,"y":0,"w":49,"h":61},"rotated":false,"trimmed":false},"america_r17_skunk_america_r17_skunk_64_sd_0_0.png":{"frame":{"x":209,"y":7,"w":30,"h":14},"sourceSize":{"w":30,"h":14},"spriteSourceSize":{"x":0,"y":0,"w":30,"h":14},"rotated":false,"trimmed":false},"america_r17_skunk_america_r17_skunk_64_b_0_0.png":{"frame":{"x":399,"y":84,"w":42,"h":42},"sourceSize":{"w":42,"h":42},"spriteSourceSize":{"x":0,"y":0,"w":42,"h":42},"rotated":false,"trimmed":false},"america_r17_skunk_america_r17_skunk_64_b_0_17.png":{"frame":{"x":707,"y":84,"w":42,"h":42},"sourceSize":{"w":42,"h":42},"spriteSourceSize":{"x":0,"y":0,"w":42,"h":42},"rotated":false,"trimmed":false},"america_r17_skunk_america_r17_skunk_64_b_0_13.png":{"frame":{"x":2,"y":2,"w":52,"h":61},"sourceSize":{"w":52,"h":61},"spriteSourceSize":{"x":0,"y":0,"w":52,"h":61},"rotated":false,"trimmed":false},"america_r17_skunk_america_r17_skunk_64_b_0_26.png":{"frame":{"x":487,"y":84,"w":42,"h":42},"sourceSize":{"w":42,"h":42},"spriteSourceSize":{"x":0,"y":0,"w":42,"h":42},"rotated":false,"trimmed":false},"america_r17_skunk_america_r17_skunk_64_b_0_4.png":{"frame":{"x":751,"y":83,"w":42,"h":43},"sourceSize":{"w":42,"h":43},"spriteSourceSize":{"x":0,"y":0,"w":42,"h":43},"rotated":false,"trimmed":false},"america_r17_skunk_america_r17_skunk_64_a_0_0.png":{"frame":{"x":290,"y":94,"w":62,"h":32},"sourceSize":{"w":62,"h":32},"spriteSourceSize":{"x":0,"y":0,"w":62,"h":32},"rotated":false,"trimmed":false},"america_r17_skunk_america_r17_skunk_64_b_0_8.png":{"frame":{"x":161,"y":2,"w":46,"h":61},"sourceSize":{"w":46,"h":61},"spriteSourceSize":{"x":0,"y":0,"w":46,"h":61},"rotated":false,"trimmed":false}}}