{"meta":{"app":"FFConverter ~ Joopie","format":"RGBA8888","image":"ads_tv_chocapic_01.png","scale":"1.0","size":{"w":2048,"h":512},"version":"1.0"},"frames":{"ads_tv_chocapic_01_ads_tv_chocapic_01_64_b_2_2.png":{"frame":{"x":742,"y":149,"w":174,"h":175},"sourceSize":{"w":174,"h":175},"spriteSourceSize":{"x":0,"y":0,"w":174,"h":175},"rotated":false,"trimmed":false},"ads_tv_chocapic_01_ads_tv_chocapic_01_64_c_4_1.png":{"frame":{"x":1439,"y":205,"w":140,"h":147},"sourceSize":{"w":140,"h":147},"spriteSourceSize":{"x":0,"y":0,"w":140,"h":147},"rotated":false,"trimmed":false},"ads_tv_chocapic_01_ads_tv_chocapic_01_64_b_4_1.png":{"frame":{"x":390,"y":149,"w":174,"h":175},"sourceSize":{"w":174,"h":175},"spriteSourceSize":{"x":0,"y":0,"w":174,"h":175},"rotated":false,"trimmed":false},"ads_tv_chocapic_01_ads_tv_chocapic_01_64_f_2_1.png":{"frame":{"x":1270,"y":149,"w":167,"h":175},"sourceSize":{"w":167,"h":175},"spriteSourceSize":{"x":0,"y":0,"w":167,"h":175},"rotated":false,"trimmed":false},"ads_tv_chocapic_01_ads_tv_chocapic_01_64_f_4_0.png":{"frame":{"x":1270,"y":326,"w":167,"h":175},"sourceSize":{"w":167,"h":175},"spriteSourceSize":{"x":0,"y":0,"w":167,"h":175},"rotated":false,"trimmed":false},"ads_tv_chocapic_01_ads_tv_chocapic_01_icon_a.png":{"frame":{"x":2005,"y":479,"w":26,"h":22},"sourceSize":{"w":26,"h":22},"spriteSourceSize":{"x":0,"y":0,"w":26,"h":22},"rotated":false,"trimmed":false},"ads_tv_chocapic_01_ads_tv_chocapic_01_64_c_2_2.png":{"frame":{"x":1723,"y":209,"w":139,"h":145},"sourceSize":{"w":139,"h":145},"spriteSourceSize":{"x":0,"y":0,"w":139,"h":145},"rotated":false,"trimmed":false},"ads_tv_chocapic_01_ads_tv_chocapic_01_64_c_2_7.png":{"frame":{"x":214,"y":2,"w":139,"h":145},"sourceSize":{"w":139,"h":145},"spriteSourceSize":{"x":0,"y":0,"w":139,"h":145},"rotated":false,"trimmed":false},"ads_tv_chocapic_01_ads_tv_chocapic_01_64_c_4_6.png":{"frame":{"x":496,"y":2,"w":139,"h":145},"sourceSize":{"w":139,"h":145},"spriteSourceSize":{"x":0,"y":0,"w":139,"h":145},"rotated":false,"trimmed":false},"ads_tv_chocapic_01_ads_tv_chocapic_01_64_e_2_1.png":{"frame":{"x":2,"y":292,"w":210,"h":209},"sourceSize":{"w":210,"h":209},"spriteSourceSize":{"x":0,"y":0,"w":210,"h":209},"rotated":false,"trimmed":false},"ads_tv_chocapic_01_ads_tv_chocapic_01_64_e_4_1.png":{"frame":{"x":2,"y":81,"w":210,"h":209},"sourceSize":{"w":210,"h":209},"spriteSourceSize":{"x":0,"y":0,"w":210,"h":209},"rotated":false,"trimmed":false},"ads_tv_chocapic_01_ads_tv_chocapic_01_64_b_4_2.png":{"frame":{"x":390,"y":326,"w":174,"h":175},"sourceSize":{"w":174,"h":175},"spriteSourceSize":{"x":0,"y":0,"w":174,"h":175},"rotated":false,"trimmed":false},"ads_tv_chocapic_01_ads_tv_chocapic_01_64_c_4_7.png":{"frame":{"x":637,"y":2,"w":139,"h":145},"sourceSize":{"w":139,"h":145},"spriteSourceSize":{"x":0,"y":0,"w":139,"h":145},"rotated":false,"trimmed":false},"ads_tv_chocapic_01_ads_tv_chocapic_01_64_c_2_3.png":{"frame":{"x":1723,"y":356,"w":139,"h":145},"sourceSize":{"w":139,"h":145},"spriteSourceSize":{"x":0,"y":0,"w":139,"h":145},"rotated":false,"trimmed":false},"ads_tv_chocapic_01_ads_tv_chocapic_01_64_b_2_3.png":{"frame":{"x":1094,"y":326,"w":174,"h":175},"sourceSize":{"w":174,"h":175},"spriteSourceSize":{"x":0,"y":0,"w":174,"h":175},"rotated":false,"trimmed":false},"ads_tv_chocapic_01_ads_tv_chocapic_01_64_c_4_2.png":{"frame":{"x":1060,"y":2,"w":139,"h":145},"sourceSize":{"w":139,"h":145},"spriteSourceSize":{"x":0,"y":0,"w":139,"h":145},"rotated":false,"trimmed":false},"ads_tv_chocapic_01_ads_tv_chocapic_01_64_b_4_3.png":{"frame":{"x":214,"y":149,"w":174,"h":175},"sourceSize":{"w":174,"h":175},"spriteSourceSize":{"x":0,"y":0,"w":174,"h":175},"rotated":false,"trimmed":false},"ads_tv_chocapic_01_ads_tv_chocapic_01_64_b_2_4.png":{"frame":{"x":1094,"y":149,"w":174,"h":175},"sourceSize":{"w":174,"h":175},"spriteSourceSize":{"x":0,"y":0,"w":174,"h":175},"rotated":false,"trimmed":false},"ads_tv_chocapic_01_ads_tv_chocapic_01_64_a_2_0.png":{"frame":{"x":1464,"y":83,"w":120,"h":120},"sourceSize":{"w":120,"h":120},"spriteSourceSize":{"x":0,"y":0,"w":120,"h":120},"rotated":false,"trimmed":false},"ads_tv_chocapic_01_ads_tv_chocapic_01_64_b_2_0.png":{"frame":{"x":918,"y":326,"w":174,"h":175},"sourceSize":{"w":174,"h":175},"spriteSourceSize":{"x":0,"y":0,"w":174,"h":175},"rotated":false,"trimmed":false},"ads_tv_chocapic_01_ads_tv_chocapic_01_64_c_2_4.png":{"frame":{"x":1864,"y":209,"w":139,"h":145},"sourceSize":{"w":139,"h":145},"spriteSourceSize":{"x":0,"y":0,"w":139,"h":145},"rotated":false,"trimmed":false},"ads_tv_chocapic_01_ads_tv_chocapic_01_64_c_4_3.png":{"frame":{"x":1201,"y":2,"w":139,"h":145},"sourceSize":{"w":139,"h":145},"spriteSourceSize":{"x":0,"y":0,"w":139,"h":145},"rotated":false,"trimmed":false},"ads_tv_chocapic_01_ads_tv_chocapic_01_64_b_2_5.png":{"frame":{"x":918,"y":149,"w":174,"h":175},"sourceSize":{"w":174,"h":175},"spriteSourceSize":{"x":0,"y":0,"w":174,"h":175},"rotated":false,"trimmed":false},"ads_tv_chocapic_01_ads_tv_chocapic_01_64_c_2_0.png":{"frame":{"x":2,"y":78,"w":1,"h":1},"sourceSize":{"w":1,"h":1},"spriteSourceSize":{"x":0,"y":0,"w":1,"h":1},"rotated":false,"trimmed":false},"ads_tv_chocapic_01_ads_tv_chocapic_01_64_b_4_4.png":{"frame":{"x":214,"y":326,"w":174,"h":175},"sourceSize":{"w":174,"h":175},"spriteSourceSize":{"x":0,"y":0,"w":174,"h":175},"rotated":false,"trimmed":false},"ads_tv_chocapic_01_ads_tv_chocapic_01_64_a_4_0.png":{"frame":{"x":1342,"y":27,"w":120,"h":120},"sourceSize":{"w":120,"h":120},"spriteSourceSize":{"x":0,"y":0,"w":120,"h":120},"rotated":false,"trimmed":false},"ads_tv_chocapic_01_ads_tv_chocapic_01_64_b_4_0.png":{"frame":{"x":566,"y":149,"w":174,"h":175},"sourceSize":{"w":174,"h":175},"spriteSourceSize":{"x":0,"y":0,"w":174,"h":175},"rotated":false,"trimmed":false},"ads_tv_chocapic_01_ads_tv_chocapic_01_64_b_2_1.png":{"frame":{"x":742,"y":326,"w":174,"h":175},"sourceSize":{"w":174,"h":175},"spriteSourceSize":{"x":0,"y":0,"w":174,"h":175},"rotated":false,"trimmed":false},"ads_tv_chocapic_01_ads_tv_chocapic_01_64_c_4_5.png":{"frame":{"x":919,"y":2,"w":139,"h":145},"sourceSize":{"w":139,"h":145},"spriteSourceSize":{"x":0,"y":0,"w":139,"h":145},"rotated":false,"trimmed":false},"ads_tv_chocapic_01_ads_tv_chocapic_01_64_c_2_5.png":{"frame":{"x":1864,"y":356,"w":139,"h":145},"sourceSize":{"w":139,"h":145},"spriteSourceSize":{"x":0,"y":0,"w":139,"h":145},"rotated":false,"trimmed":false},"ads_tv_chocapic_01_ads_tv_chocapic_01_64_c_4_4.png":{"frame":{"x":778,"y":2,"w":139,"h":145},"sourceSize":{"w":139,"h":145},"spriteSourceSize":{"x":0,"y":0,"w":139,"h":145},"rotated":false,"trimmed":false},"ads_tv_chocapic_01_ads_tv_chocapic_01_64_c_2_6.png":{"frame":{"x":355,"y":2,"w":139,"h":145},"sourceSize":{"w":139,"h":145},"spriteSourceSize":{"x":0,"y":0,"w":139,"h":145},"rotated":false,"trimmed":false},"ads_tv_chocapic_01_ads_tv_chocapic_01_64_d_4_0.png":{"frame":{"x":1581,"y":355,"w":140,"h":146},"sourceSize":{"w":140,"h":146},"spriteSourceSize":{"x":0,"y":0,"w":140,"h":146},"rotated":false,"trimmed":false},"ads_tv_chocapic_01_ads_tv_chocapic_01_64_c_2_1.png":{"frame":{"x":1439,"y":354,"w":140,"h":147},"sourceSize":{"w":140,"h":147},"spriteSourceSize":{"x":0,"y":0,"w":140,"h":147},"rotated":false,"trimmed":false},"ads_tv_chocapic_01_ads_tv_chocapic_01_64_b_4_5.png":{"frame":{"x":566,"y":326,"w":174,"h":175},"sourceSize":{"w":174,"h":175},"spriteSourceSize":{"x":0,"y":0,"w":174,"h":175},"rotated":false,"trimmed":false},"ads_tv_chocapic_01_ads_tv_chocapic_01_64_d_2_1.png":{"frame":{"x":1581,"y":207,"w":140,"h":146},"sourceSize":{"w":140,"h":146},"spriteSourceSize":{"x":0,"y":0,"w":140,"h":146},"rotated":false,"trimmed":false}}}