{"meta":{"app":"FFConverter ~ Joopie","format":"RGBA8888","image":"place_holder_wall_item.png","scale":"1.0","size":{"w":128,"h":64},"version":"1.0"},"frames":{"place_holder_wall_item_wall_place_holder_icon_a.png":{"frame":{"x":40,"y":28,"w":24,"h":24},"sourceSize":{"w":24,"h":24},"spriteSourceSize":{"x":0,"y":0,"w":24,"h":24},"rotated":false,"trimmed":false},"place_holder_wall_item_wall_place_holder_64_a_2_0.png":{"frame":{"x":2,"y":2,"w":36,"h":50},"sourceSize":{"w":36,"h":50},"spriteSourceSize":{"x":0,"y":0,"w":36,"h":50},"rotated":false,"trimmed":false}}}