{"type":"wall_place_holder","name":"wall_place_holder","visualizationType":"furniture_static","logicType":"furniture_basic","spritesheet":"place_holder_wall_item_spritesheet.json","dimensions":{"x":1,"y":1,"z":0},"directions":[90,180],"assets":{"wall_place_holder_icon_a":{"x":16,"y":16},"wall_place_holder_64_a_2_0":{"x":18,"y":25},"wall_place_holder_64_a_4_0":{"source":"wall_place_holder_64_a_2_0","x":18,"y":25,"flipH":true}},"visualization":{"layerCount":1,"angle":45,"layers":{"0":{"z":-1500}}}}