{"meta":{"app":"FFConverter ~ Joopie","format":"RGBA8888","image":"ads_mall_winclo.png","scale":"1.0","size":{"w":1024,"h":256},"version":"1.0"},"frames":{"ads_mall_winclo_ads_mall_winclo_64_a_4_0.png":{"frame":{"x":490,"y":92,"w":118,"h":144},"sourceSize":{"w":118,"h":144},"spriteSourceSize":{"x":0,"y":0,"w":118,"h":144},"rotated":false,"trimmed":false},"ads_mall_winclo_ads_mall_winclo_64_d_2_0.png":{"frame":{"x":124,"y":90,"w":120,"h":146},"sourceSize":{"w":120,"h":146},"spriteSourceSize":{"x":0,"y":0,"w":120,"h":146},"rotated":false,"trimmed":false},"ads_mall_winclo_ads_mall_winclo_64_e_4_0.png":{"frame":{"x":2,"y":2,"w":120,"h":86},"sourceSize":{"w":120,"h":86},"spriteSourceSize":{"x":0,"y":0,"w":120,"h":86},"rotated":false,"trimmed":false},"ads_mall_winclo_ads_mall_winclo_64_a_2_0.png":{"frame":{"x":610,"y":92,"w":118,"h":144},"sourceSize":{"w":118,"h":144},"spriteSourceSize":{"x":0,"y":0,"w":118,"h":144},"rotated":false,"trimmed":false},"ads_mall_winclo_ads_mall_winclo_64_d_4_0.png":{"frame":{"x":368,"y":90,"w":120,"h":146},"sourceSize":{"w":120,"h":146},"spriteSourceSize":{"x":0,"y":0,"w":120,"h":146},"rotated":false,"trimmed":false},"ads_mall_winclo_ads_mall_winclo_64_b_2_0.png":{"frame":{"x":246,"y":90,"w":120,"h":146},"sourceSize":{"w":120,"h":146},"spriteSourceSize":{"x":0,"y":0,"w":120,"h":146},"rotated":false,"trimmed":false},"ads_mall_winclo_ads_mall_winclo_64_c_4_0.png":{"frame":{"x":842,"y":106,"w":110,"h":130},"sourceSize":{"w":110,"h":130},"spriteSourceSize":{"x":0,"y":0,"w":110,"h":130},"rotated":false,"trimmed":false},"ads_mall_winclo_ads_mall_winclo_icon_a.png":{"frame":{"x":954,"y":208,"w":29,"h":28},"sourceSize":{"w":29,"h":28},"spriteSourceSize":{"x":0,"y":0,"w":29,"h":28},"rotated":false,"trimmed":false},"ads_mall_winclo_ads_mall_winclo_64_b_4_0.png":{"frame":{"x":2,"y":90,"w":120,"h":146},"sourceSize":{"w":120,"h":146},"spriteSourceSize":{"x":0,"y":0,"w":120,"h":146},"rotated":false,"trimmed":false},"ads_mall_winclo_ads_mall_winclo_64_c_2_0.png":{"frame":{"x":730,"y":106,"w":110,"h":130},"sourceSize":{"w":110,"h":130},"spriteSourceSize":{"x":0,"y":0,"w":110,"h":130},"rotated":false,"trimmed":false},"ads_mall_winclo_ads_mall_winclo_64_e_2_0.png":{"frame":{"x":124,"y":2,"w":120,"h":86},"sourceSize":{"w":120,"h":86},"spriteSourceSize":{"x":0,"y":0,"w":120,"h":86},"rotated":false,"trimmed":false}}}