{"type":"furniture","name":"ads_nokiax3_phn","visualizationType":"furniture_static","logicType":"furniture_basic","spritesheet":"ads_nokiax3_phn_spritesheet.json","dimensions":{"x":1.0,"y":0.2,"z":0.0},"directions":[90,180],"assets":{"ads_nokiax3_phn_64_a_4_0":{"source":"ads_nokiax3_phn_64_a_2_0","x":24,"y":125,"flipH":true},"ads_nokiax3_phn_icon_a":{"x":5,"y":16},"ads_nokiax3_phn_64_a_2_0":{"x":24,"y":125}},"visualization":{"layerCount":1,"angle":45,"directions":{"2":{},"4":{}},"animations":{"0":{"layers":{"0":{"frameSequences":{"0":{"frames":{"0":{"id":0}}}}}}}}}}