{"meta":{"app":"FFConverter ~ Joopie","format":"RGBA8888","image":"ads_nokiax3_phn.png","scale":"1.0","size":{"w":64,"h":256},"version":"1.0"},"frames":{"ads_nokiax3_phn_ads_nokiax3_phn_icon_a.png":{"frame":{"x":2,"y":2,"w":11,"h":30},"sourceSize":{"w":11,"h":30},"spriteSourceSize":{"x":0,"y":0,"w":11,"h":30},"rotated":false,"trimmed":false},"ads_nokiax3_phn_ads_nokiax3_phn_64_a_2_0.png":{"frame":{"x":2,"y":34,"w":50,"h":136},"sourceSize":{"w":50,"h":136},"spriteSourceSize":{"x":0,"y":0,"w":50,"h":136},"rotated":false,"trimmed":false}}}