{"meta":{"app":"FFConverter ~ Joopie","format":"RGBA8888","image":"ads_background.png","scale":"1.0","size":{"w":512,"h":512},"version":"1.0"},"frames":{"ads_background_ads_background_icon_a.png":{"frame":{"x":2,"y":2,"w":28,"h":15},"sourceSize":{"w":28,"h":15},"spriteSourceSize":{"x":0,"y":0,"w":28,"h":15},"rotated":false,"trimmed":false},"ads_background_ads_background_64_a_4_0.png":{"frame":{"x":2,"y":19,"w":320,"h":320},"sourceSize":{"w":320,"h":320},"spriteSourceSize":{"x":0,"y":0,"w":320,"h":320},"rotated":false,"trimmed":false}}}