{"type":"furniture","name":"ads_background","visualizationType":"furniture_bg","logicType":"furniture_bg","spritesheet":"ads_background_spritesheet.json","dimensions":{"x":1.0,"y":1.0,"z":1.0},"directions":[45,135,180,225,315],"assets":{"ads_background_64_a_7_0":{"source":"ads_background_64_a_4_0","x":320,"y":320},"ads_background_64_a_4_0":{"x":160,"y":160},"ads_background_64_a_5_0":{"source":"ads_background_64_a_4_0","x":320},"ads_background_64_a_3_0":{"source":"ads_background_64_a_4_0"},"ads_background_64_a_1_0":{"source":"ads_background_64_a_4_0","y":320},"ads_background_icon_a":{"x":0,"y":0}},"visualization":{"layerCount":1,"angle":45,"layers":{"0":{"x":0,"y":0,"z":-1.0E7,"tag":"branded_image"}},"directions":{"1":{},"3":{},"4":{},"5":{},"7":{}}}}