{"type":"furniture","name":"ads_cl_jukeb","visualizationType":"furniture_animated","logicType":"furniture_jukebox","spritesheet":"ads_cl_jukeb_spritesheet.json","dimensions":{"x":1.0,"y":1.0,"z":2.0},"directions":[90,180],"assets":{"ads_cl_jukeb_64_b_4_1":{"x":83,"y":95},"ads_cl_jukeb_64_b_4_0":{"source":"ads_cl_jukeb_32_b_4_0","x":83,"y":95},"ads_cl_jukeb_icon_a":{"x":14,"y":15},"ads_cl_jukeb_64_a_4_1":{"x":30,"y":82},"ads_cl_jukeb_64_a_4_0":{"x":30,"y":82},"ads_cl_jukeb_64_a_2_1":{"source":"ads_cl_jukeb_64_a_4_1","x":30,"y":82,"flipH":true},"ads_cl_jukeb_64_a_2_0":{"source":"ads_cl_jukeb_64_a_4_0","x":30,"y":82,"flipH":true},"ads_cl_jukeb_64_b_2_1":{"source":"ads_cl_jukeb_64_b_4_1","x":83,"y":95,"flipH":true},"ads_cl_jukeb_64_b_2_0":{"source":"ads_cl_jukeb_32_b_4_0","x":83,"y":95,"flipH":true}},"visualization":{"layerCount":2,"angle":45,"layers":{"1":{"ink":"ADD","ignoreMouse":true}},"directions":{"2":{},"4":{}},"animations":{"0":{"layers":{"0":{"frameSequences":{"0":{"frames":{"0":{"id":0}}}}},"1":{"frameSequences":{"0":{"frames":{"0":{"id":0}}}}}}},"1":{"layers":{"0":{"frameSequences":{"0":{"frames":{"0":{"id":1}}}}},"1":{"frameSequences":{"0":{"frames":{"0":{"id":1}}}}}}},"100":{"transitionTo":1,"layers":{"0":{"frameRepeat":2,"frameSequences":{"0":{"frames":{"0":{"id":1},"1":{"id":1},"2":{"id":0},"3":{"id":1}}}}},"1":{"frameRepeat":2,"frameSequences":{"0":{"frames":{"0":{"id":0},"1":{"id":0},"2":{"id":0},"3":{"id":0}}}}}}}}}}