{"meta":{"app":"FFConverter ~ Joopie","format":"RGBA8888","image":"ads_cl_jukeb.png","scale":"1.0","size":{"w":128,"h":256},"version":"1.0"},"frames":{"ads_cl_jukeb_ads_cl_jukeb_64_a_4_1.png":{"frame":{"x":2,"y":34,"w":61,"h":96},"sourceSize":{"w":61,"h":96},"spriteSourceSize":{"x":0,"y":0,"w":61,"h":96},"rotated":false,"trimmed":false},"ads_cl_jukeb_ads_cl_jukeb_64_a_4_0.png":{"frame":{"x":65,"y":34,"w":61,"h":96},"sourceSize":{"w":61,"h":96},"spriteSourceSize":{"x":0,"y":0,"w":61,"h":96},"rotated":false,"trimmed":false},"ads_cl_jukeb_ads_cl_jukeb_64_b_4_1.png":{"frame":{"x":2,"y":132,"w":122,"h":122},"sourceSize":{"w":122,"h":122},"spriteSourceSize":{"x":0,"y":0,"w":122,"h":122},"rotated":false,"trimmed":false},"ads_cl_jukeb_ads_cl_jukeb_32_b_4_0.png":{"frame":{"x":33,"y":31,"w":1,"h":1},"sourceSize":{"w":1,"h":1},"spriteSourceSize":{"x":0,"y":0,"w":1,"h":1},"rotated":false,"trimmed":false},"ads_cl_jukeb_ads_cl_jukeb_icon_a.png":{"frame":{"x":2,"y":2,"w":29,"h":30},"sourceSize":{"w":29,"h":30},"spriteSourceSize":{"x":0,"y":0,"w":29,"h":30},"rotated":false,"trimmed":false}}}