{"meta":{"app":"FFConverter ~ Joopie","format":"RGBA8888","image":"ads_idol_floor1.png","scale":"1.0","size":{"w":1024,"h":128},"version":"1.0"},"frames":{"ads_idol_floor1_ads_idol_floor1_64_e_2_0.png":{"frame":{"x":665,"y":74,"w":92,"h":48},"sourceSize":{"w":92,"h":48},"spriteSourceSize":{"x":0,"y":0,"w":92,"h":48},"rotated":false,"trimmed":false},"ads_idol_floor1_ads_idol_floor1_64_d_2_0.png":{"frame":{"x":260,"y":61,"w":121,"h":61},"sourceSize":{"w":121,"h":61},"spriteSourceSize":{"x":0,"y":0,"w":121,"h":61},"rotated":false,"trimmed":false},"ads_idol_floor1_ads_idol_floor1_icon_a.png":{"frame":{"x":2,"y":2,"w":29,"h":17},"sourceSize":{"w":29,"h":17},"spriteSourceSize":{"x":0,"y":0,"w":29,"h":17},"rotated":false,"trimmed":false},"ads_idol_floor1_ads_idol_floor1_64_e_2_2.png":{"frame":{"x":477,"y":74,"w":92,"h":48},"sourceSize":{"w":92,"h":48},"spriteSourceSize":{"x":0,"y":0,"w":92,"h":48},"rotated":false,"trimmed":false},"ads_idol_floor1_ads_idol_floor1_64_e_0_3.png":{"frame":{"x":383,"y":24,"w":92,"h":48},"sourceSize":{"w":92,"h":48},"spriteSourceSize":{"x":0,"y":0,"w":92,"h":48},"rotated":false,"trimmed":false},"ads_idol_floor1_ads_idol_floor1_64_e_0_1.png":{"frame":{"x":759,"y":74,"w":92,"h":48},"sourceSize":{"w":92,"h":48},"spriteSourceSize":{"x":0,"y":0,"w":92,"h":48},"rotated":false,"trimmed":false},"ads_idol_floor1_ads_idol_floor1_64_e_0_2.png":{"frame":{"x":477,"y":24,"w":92,"h":48},"sourceSize":{"w":92,"h":48},"spriteSourceSize":{"x":0,"y":0,"w":92,"h":48},"rotated":false,"trimmed":false},"ads_idol_floor1_ads_idol_floor1_64_a_2_0.png":{"frame":{"x":2,"y":55,"w":128,"h":67},"sourceSize":{"w":128,"h":67},"spriteSourceSize":{"x":0,"y":0,"w":128,"h":67},"rotated":false,"trimmed":false},"ads_idol_floor1_ads_idol_floor1_64_c_2_0.png":{"frame":{"x":132,"y":59,"w":126,"h":63},"sourceSize":{"w":126,"h":63},"spriteSourceSize":{"x":0,"y":0,"w":126,"h":63},"rotated":false,"trimmed":false},"ads_idol_floor1_ads_idol_floor1_64_e_2_3.png":{"frame":{"x":383,"y":74,"w":92,"h":48},"sourceSize":{"w":92,"h":48},"spriteSourceSize":{"x":0,"y":0,"w":92,"h":48},"rotated":false,"trimmed":false},"ads_idol_floor1_ads_idol_floor1_64_b_2_0.png":{"frame":{"x":2,"y":21,"w":126,"h":32},"sourceSize":{"w":126,"h":32},"spriteSourceSize":{"x":0,"y":0,"w":126,"h":32},"rotated":false,"trimmed":false},"ads_idol_floor1_ads_idol_floor1_64_e_2_1.png":{"frame":{"x":571,"y":74,"w":92,"h":48},"sourceSize":{"w":92,"h":48},"spriteSourceSize":{"x":0,"y":0,"w":92,"h":48},"rotated":false,"trimmed":false},"ads_idol_floor1_ads_idol_floor1_64_e_0_0.png":{"frame":{"x":853,"y":74,"w":92,"h":48},"sourceSize":{"w":92,"h":48},"spriteSourceSize":{"x":0,"y":0,"w":92,"h":48},"rotated":false,"trimmed":false}}}