{"type":"furniture","name":"ads_idol_floor1","visualizationType":"furniture_animated","logicType":"furniture_multistate","spritesheet":"ads_idol_floor1_spritesheet.json","dimensions":{"x":2.0,"y":2.0,"z":0.0},"directions":[0,90,180,270],"assets":{"ads_idol_floor1_64_a_6_0":{"source":"ads_idol_floor1_64_a_2_0","x":64,"y":18},"ads_idol_floor1_64_a_4_0":{"source":"ads_idol_floor1_64_a_2_0","x":64,"y":18},"ads_idol_floor1_64_e_0_2":{"x":47,"y":10},"ads_idol_floor1_64_e_2_0":{"x":47,"y":9},"ads_idol_floor1_64_e_0_3":{"x":47,"y":10},"ads_idol_floor1_64_e_2_1":{"x":47,"y":9},"ads_idol_floor1_64_e_0_0":{"x":47,"y":10},"ads_idol_floor1_64_e_0_1":{"x":47,"y":10},"ads_idol_floor1_64_a_2_0":{"x":64,"y":18},"ads_idol_floor1_64_e_4_2":{"source":"ads_idol_floor1_64_e_2_2","x":47,"y":9,"flipH":true},"ads_idol_floor1_64_e_6_0":{"source":"ads_idol_floor1_64_e_0_0","x":47,"y":10,"flipH":true},"ads_idol_floor1_64_e_4_3":{"source":"ads_idol_floor1_64_e_2_3","x":47,"y":9,"flipH":true},"ads_idol_floor1_64_e_6_1":{"source":"ads_idol_floor1_64_e_0_1","x":47,"y":10,"flipH":true},"ads_idol_floor1_64_a_0_0":{"source":"ads_idol_floor1_64_a_2_0","x":64,"y":18},"ads_idol_floor1_64_e_2_2":{"x":47,"y":9},"ads_idol_floor1_64_e_4_0":{"source":"ads_idol_floor1_64_e_2_0","x":47,"y":9,"flipH":true},"ads_idol_floor1_64_e_2_3":{"x":47,"y":9},"ads_idol_floor1_64_e_4_1":{"source":"ads_idol_floor1_64_e_2_1","x":47,"y":9,"flipH":true},"ads_idol_floor1_64_b_4_0":{"source":"ads_idol_floor1_64_b_2_0","x":63,"y":-16},"ads_idol_floor1_64_e_6_2":{"source":"ads_idol_floor1_64_e_0_2","x":47,"y":10,"flipH":true},"ads_idol_floor1_64_b_6_0":{"source":"ads_idol_floor1_64_b_2_0","x":63,"y":-16},"ads_idol_floor1_64_e_6_3":{"source":"ads_idol_floor1_64_e_0_3","x":47,"y":10,"flipH":true},"ads_idol_floor1_64_b_0_0":{"source":"ads_idol_floor1_64_b_2_0","x":63,"y":-16},"ads_idol_floor1_64_b_2_0":{"x":63,"y":-16},"ads_idol_floor1_64_c_0_0":{"source":"ads_idol_floor1_64_c_2_0","x":63,"y":17},"ads_idol_floor1_64_c_6_0":{"source":"ads_idol_floor1_64_c_2_0","x":63,"y":17},"ads_idol_floor1_64_c_4_0":{"source":"ads_idol_floor1_64_c_2_0","x":63,"y":17},"ads_idol_floor1_64_c_2_0":{"x":63,"y":17},"ads_idol_floor1_64_d_0_0":{"source":"ads_idol_floor1_64_d_2_0","x":61,"y":16},"ads_idol_floor1_64_d_6_0":{"source":"ads_idol_floor1_64_d_2_0","x":61,"y":16},"ads_idol_floor1_icon_a":{"x":14,"y":9},"ads_idol_floor1_64_d_2_0":{"x":61,"y":16},"ads_idol_floor1_64_d_4_0":{"source":"ads_idol_floor1_64_d_2_0","x":61,"y":16}},"visualization":{"layerCount":5,"angle":45,"layers":{"0":{"z":-3000.0,"ignoreMouse":true},"1":{"alpha":179,"z":-3000.0},"2":{"alpha":77,"z":-3000.0},"3":{"alpha":26,"z":-3000.0},"4":{"alpha":153,"z":-3000.0}},"directions":{"0":{},"2":{},"4":{},"6":{}},"animations":{"0":{"layers":{"0":{"frameSequences":{"0":{"frames":{"0":{"id":0}}}}},"1":{"frameSequences":{"0":{"frames":{"0":{"id":0}}}}},"2":{"frameSequences":{"0":{"frames":{"0":{"id":0}}}}},"3":{"frameSequences":{"0":{"frames":{"0":{"id":0}}}}},"4":{"frameSequences":{"0":{"frames":{"0":{"id":0}}}}}}},"1":{"layers":{"4":{"frameSequences":{"0":{"frames":{"0":{"id":1}}}}}}},"2":{"layers":{"4":{"frameSequences":{"0":{"frames":{"0":{"id":2}}}}}}},"3":{"layers":{"4":{"frameSequences":{"0":{"frames":{"0":{"id":3}}}}}}}}}}