{"meta":{"app":"FFConverter ~ Joopie","format":"RGBA8888","image":"ads_hh_safe.png","scale":"1.0","size":{"w":256,"h":128},"version":"1.0"},"frames":{"ads_hh_safe_ads_hh_safe_64_sd_4_0.png":{"frame":{"x":2,"y":2,"w":58,"h":30},"sourceSize":{"w":58,"h":30},"spriteSourceSize":{"x":0,"y":0,"w":58,"h":30},"rotated":false,"trimmed":false},"ads_hh_safe_ads_hh_safe_64_a_4_1.png":{"frame":{"x":2,"y":34,"w":81,"h":80},"sourceSize":{"w":81,"h":80},"spriteSourceSize":{"x":0,"y":0,"w":81,"h":80},"rotated":false,"trimmed":false},"ads_hh_safe_ads_hh_safe_64_a_4_0.png":{"frame":{"x":85,"y":34,"w":56,"h":80},"sourceSize":{"w":56,"h":80},"spriteSourceSize":{"x":0,"y":0,"w":56,"h":80},"rotated":false,"trimmed":false},"ads_hh_safe_ads_hh_safe_icon_a.png":{"frame":{"x":143,"y":84,"w":22,"h":30},"sourceSize":{"w":22,"h":30},"spriteSourceSize":{"x":0,"y":0,"w":22,"h":30},"rotated":false,"trimmed":false}}}