{"type":"furniture","name":"ads_hh_safe","visualizationType":"furniture_animated","logicType":"furniture_multistate","spritesheet":"ads_hh_safe_spritesheet.json","dimensions":{"x":1.0,"y":1.0,"z":1.0},"directions":[180,90],"assets":{"ads_hh_safe_64_a_2_1":{"source":"ads_hh_safe_64_a_4_1","x":54,"y":69,"flipH":true},"ads_hh_safe_64_a_2_0":{"source":"ads_hh_safe_64_a_4_0","x":29,"y":69,"flipH":true},"ads_hh_safe_64_a_4_1":{"x":54,"y":69},"ads_hh_safe_icon_a":{"x":11,"y":13},"ads_hh_safe_64_a_4_0":{"x":29,"y":69},"ads_hh_safe_64_sd_4_0":{"x":29,"y":16},"ads_hh_safe_64_sd_2_0":{"source":"ads_hh_safe_64_sd_4_0","x":29,"y":16,"flipH":true}},"visualization":{"layerCount":1,"angle":45,"directions":{"2":{},"4":{}},"animations":{"0":{"layers":{"-1":{"frameSequences":{"0":{"frames":{"0":{"id":0}}}}},"0":{"frameSequences":{"0":{"frames":{"0":{"id":0}}}}}}},"1":{"layers":{"0":{"frameSequences":{"0":{"frames":{"0":{"id":1}}}}}}}}}}