{"type":"furniture","name":"ads_nokiax3_wall2","visualizationType":"furniture_static","logicType":"furniture_basic","spritesheet":"ads_nokiax3_wall2_spritesheet.json","dimensions":{"x":1.0,"y":0.2,"z":0.1},"directions":[90,180],"assets":{"ads_nokiax3_wall2_64_a_4_0":{"x":54,"y":137},"ads_nokiax3_wall2_64_a_2_0":{"source":"ads_nokiax3_wall2_64_a_4_0","x":54,"y":137,"flipH":true},"ads_nokiax3_wall2_icon_a":{"x":8,"y":10}},"visualization":{"layerCount":1,"angle":45,"layers":{"0":{"z":-5000.0}},"directions":{"2":{},"4":{}},"animations":{"0":{"layers":{"0":{"frameSequences":{"0":{"frames":{"0":{"id":0}}}}}}}}}}