{"type":"furniture","name":"ads_idol_drape","visualizationType":"furniture_animated","logicType":"furniture_multistate","spritesheet":"ads_idol_drape_spritesheet.json","dimensions":{"x":3.0,"y":1.0,"z":0.0},"directions":[0,270],"assets":{"ads_idol_drape_64_g_0_1":{"source":"ads_idol_drape_64_g_0_0","x":-13,"y":80},"ads_idol_drape_64_b_0_1":{"x":14,"y":89},"ads_idol_drape_64_b_0_0":{"x":14,"y":90},"ads_idol_drape_64_c_6_1":{"source":"ads_idol_drape_32_c_0_1","x":-22,"y":72,"flipH":true},"ads_idol_drape_64_g_6_0":{"source":"ads_idol_drape_64_g_0_0","x":-13,"y":80,"flipH":true},"ads_idol_drape_64_c_6_0":{"source":"ads_idol_drape_64_c_0_0","x":-13,"y":77,"flipH":true},"ads_idol_drape_64_g_6_1":{"source":"ads_idol_drape_64_g_0_0","x":-13,"y":80,"flipH":true},"ads_idol_drape_64_b_6_1":{"source":"ads_idol_drape_64_b_0_1","x":14,"y":89,"flipH":true},"ads_idol_drape_64_b_6_0":{"source":"ads_idol_drape_64_b_0_0","x":14,"y":90,"flipH":true},"ads_idol_drape_64_c_0_1":{"source":"ads_idol_drape_32_c_0_1","x":-22,"y":72},"ads_idol_drape_64_c_0_0":{"x":-13,"y":77},"ads_idol_drape_64_g_0_0":{"x":-13,"y":80},"ads_idol_drape_64_a_0_1":{"source":"ads_idol_drape_64_a_0_0","x":19,"y":87},"ads_idol_drape_64_a_0_0":{"x":19,"y":87},"ads_idol_drape_64_a_6_0":{"source":"ads_idol_drape_64_a_0_0","x":19,"y":87,"flipH":true},"ads_idol_drape_64_f_6_0":{"source":"ads_idol_drape_64_f_0_0","x":14,"y":8,"flipH":true},"ads_idol_drape_64_f_6_1":{"source":"ads_idol_drape_64_f_0_1","x":13,"y":6,"flipH":true},"ads_idol_drape_64_a_6_1":{"source":"ads_idol_drape_64_a_0_0","x":19,"y":87,"flipH":true},"ads_idol_drape_64_f_0_0":{"x":14,"y":8},"ads_idol_drape_64_f_0_1":{"x":13,"y":6},"ads_idol_drape_64_e_6_1":{"source":"ads_idol_drape_64_e_0_0","x":-45,"y":64,"flipH":true},"ads_idol_drape_64_sd_0_0":{"x":14,"y":8},"ads_idol_drape_icon_a":{"x":10,"y":13},"ads_idol_drape_64_e_6_0":{"source":"ads_idol_drape_64_e_0_0","x":-45,"y":64,"flipH":true},"ads_idol_drape_64_sd_6_0":{"source":"ads_idol_drape_64_sd_0_0","x":14,"y":8,"flipH":true},"ads_idol_drape_64_e_0_1":{"source":"ads_idol_drape_64_e_0_0","x":-45,"y":64},"ads_idol_drape_64_e_0_0":{"x":-45,"y":64},"ads_idol_drape_64_d_6_1":{"source":"ads_idol_drape_64_d_0_1","x":-64,"y":51,"flipH":true},"ads_idol_drape_64_d_6_0":{"source":"ads_idol_drape_64_d_0_0","x":-45,"y":61,"flipH":true},"ads_idol_drape_64_d_0_1":{"x":-64,"y":51},"ads_idol_drape_64_h_6_0":{"source":"ads_idol_drape_64_h_0_0","x":17,"y":94,"flipH":true},"ads_idol_drape_64_d_0_0":{"x":-45,"y":61},"ads_idol_drape_64_h_6_1":{"source":"ads_idol_drape_64_h_0_0","x":17,"y":94,"flipH":true},"ads_idol_drape_64_h_0_0":{"x":17,"y":94},"ads_idol_drape_64_h_0_1":{"source":"ads_idol_drape_64_h_0_0","x":17,"y":94}},"visualization":{"layerCount":8,"angle":45,"layers":{"0":{"z":-2.0},"1":{"alpha":242,"z":-1.0},"2":{"alpha":242,"z":200.0},"3":{"alpha":242,"z":1900.0},"4":{"z":2600.0},"5":{"alpha":51,"z":-2000.0},"6":{"z":200.0},"7":{"z":-3.0}},"directions":{"0":{},"6":{}},"animations":{"0":{"layers":{"0":{"frameSequences":{"0":{"frames":{"0":{"id":0}}}}},"1":{"frameSequences":{"0":{"frames":{"0":{"id":0}}}}},"2":{"frameSequences":{"0":{"frames":{"0":{"id":0}}}}},"3":{"frameSequences":{"0":{"frames":{"0":{"id":0}}}}},"4":{"frameSequences":{"0":{"frames":{"0":{"id":0}}}}},"5":{"frameSequences":{"0":{"frames":{"0":{"id":0}}}}},"6":{"frameSequences":{"0":{"frames":{"0":{"id":0}}}}},"7":{"frameSequences":{"0":{"frames":{"0":{"id":0}}}}}}},"1":{"layers":{"1":{"frameSequences":{"0":{"frames":{"0":{"id":1}}}}},"2":{"frameSequences":{"0":{"frames":{"0":{"id":1}}}}},"3":{"frameSequences":{"0":{"frames":{"0":{"id":1}}}}},"5":{"frameSequences":{"0":{"frames":{"0":{"id":1}}}}}}}}}}