{"meta":{"app":"FFConverter ~ Joopie","format":"RGBA8888","image":"ads_idol_drape.png","scale":"1.0","size":{"w":512,"h":128},"version":"1.0"},"frames":{"ads_idol_drape_ads_idol_drape_64_f_0_1.png":{"frame":{"x":41,"y":14,"w":90,"h":46},"sourceSize":{"w":90,"h":46},"spriteSourceSize":{"x":0,"y":0,"w":90,"h":46},"rotated":false,"trimmed":false},"ads_idol_drape_ads_idol_drape_64_h_0_0.png":{"frame":{"x":270,"y":68,"w":30,"h":19},"sourceSize":{"w":30,"h":19},"spriteSourceSize":{"x":0,"y":0,"w":30,"h":19},"rotated":false,"trimmed":false},"ads_idol_drape_ads_idol_drape_icon_a.png":{"frame":{"x":270,"y":39,"w":20,"h":27},"sourceSize":{"w":20,"h":27},"spriteSourceSize":{"x":0,"y":0,"w":20,"h":27},"rotated":false,"trimmed":false},"ads_idol_drape_ads_idol_drape_64_b_0_1.png":{"frame":{"x":245,"y":23,"w":12,"h":87},"sourceSize":{"w":12,"h":87},"spriteSourceSize":{"x":0,"y":0,"w":12,"h":87},"rotated":false,"trimmed":false},"ads_idol_drape_ads_idol_drape_64_sd_0_0.png":{"frame":{"x":41,"y":11,"w":1,"h":1},"sourceSize":{"w":1,"h":1},"spriteSourceSize":{"x":0,"y":0,"w":1,"h":1},"rotated":false,"trimmed":false},"ads_idol_drape_ads_idol_drape_64_d_0_0.png":{"frame":{"x":133,"y":11,"w":32,"h":99},"sourceSize":{"w":32,"h":99},"spriteSourceSize":{"x":0,"y":0,"w":32,"h":99},"rotated":false,"trimmed":false},"ads_idol_drape_ads_idol_drape_64_c_0_0.png":{"frame":{"x":167,"y":10,"w":32,"h":100},"sourceSize":{"w":32,"h":100},"spriteSourceSize":{"x":0,"y":0,"w":32,"h":100},"rotated":false,"trimmed":false},"ads_idol_drape_ads_idol_drape_64_e_0_0.png":{"frame":{"x":2,"y":5,"w":37,"h":105},"sourceSize":{"w":37,"h":105},"spriteSourceSize":{"x":0,"y":0,"w":37,"h":105},"rotated":false,"trimmed":false},"ads_idol_drape_ads_idol_drape_64_b_0_0.png":{"frame":{"x":201,"y":13,"w":27,"h":97},"sourceSize":{"w":27,"h":97},"spriteSourceSize":{"x":0,"y":0,"w":27,"h":97},"rotated":false,"trimmed":false},"ads_idol_drape_ads_idol_drape_32_c_0_1.png":{"frame":{"x":2,"y":2,"w":2,"h":1},"sourceSize":{"w":2,"h":1},"spriteSourceSize":{"x":0,"y":0,"w":2,"h":1},"rotated":false,"trimmed":false},"ads_idol_drape_ads_idol_drape_64_f_0_0.png":{"frame":{"x":41,"y":62,"w":90,"h":48},"sourceSize":{"w":90,"h":48},"spriteSourceSize":{"x":0,"y":0,"w":90,"h":48},"rotated":false,"trimmed":false},"ads_idol_drape_ads_idol_drape_64_a_0_0.png":{"frame":{"x":259,"y":28,"w":9,"h":82},"sourceSize":{"w":9,"h":82},"spriteSourceSize":{"x":0,"y":0,"w":9,"h":82},"rotated":false,"trimmed":false},"ads_idol_drape_ads_idol_drape_64_g_0_0.png":{"frame":{"x":270,"y":89,"w":32,"h":21},"sourceSize":{"w":32,"h":21},"spriteSourceSize":{"x":0,"y":0,"w":32,"h":21},"rotated":false,"trimmed":false},"ads_idol_drape_ads_idol_drape_64_d_0_1.png":{"frame":{"x":230,"y":21,"w":13,"h":89},"sourceSize":{"w":13,"h":89},"spriteSourceSize":{"x":0,"y":0,"w":13,"h":89},"rotated":false,"trimmed":false}}}