{"meta":{"app":"FFConverter ~ Joopie","format":"RGBA8888","image":"ads_clfloor.png","scale":"1.0","size":{"w":1024,"h":256},"version":"1.0"},"frames":{"ads_clfloor_ads_clfloor_icon_a.png":{"frame":{"x":2,"y":2,"w":30,"h":15},"sourceSize":{"w":30,"h":15},"spriteSourceSize":{"x":0,"y":0,"w":30,"h":15},"rotated":false,"trimmed":false},"ads_clfloor_ads_clfloor_64_a_0_0.png":{"frame":{"x":266,"y":19,"w":262,"h":129},"sourceSize":{"w":262,"h":129},"spriteSourceSize":{"x":0,"y":0,"w":262,"h":129},"rotated":false,"trimmed":false},"ads_clfloor_ads_clfloor_64_a_2_0.png":{"frame":{"x":2,"y":19,"w":262,"h":129},"sourceSize":{"w":262,"h":129},"spriteSourceSize":{"x":0,"y":0,"w":262,"h":129},"rotated":false,"trimmed":false}}}