{"type":"furniture","name":"ads_igor_dsk","visualizationType":"furniture_animated","logicType":"furniture_multistate","spritesheet":"ads_igor_dsk_spritesheet.json","dimensions":{"x":2.0,"y":1.0,"z":1.6},"directions":[0,90,180,270],"assets":{"ads_igor_dsk_64_a_2_0":{"x":60,"y":51},"ads_igor_dsk_64_a_0_0":{"source":"ads_igor_dsk_64_a_6_0","x":39,"y":82,"flipH":true},"ads_igor_dsk_64_a_6_0":{"x":39,"y":82},"ads_igor_dsk_64_a_4_0":{"source":"ads_igor_dsk_64_a_2_0","x":60,"y":51,"flipH":true},"ads_igor_dsk_64_e_6_0":{"source":"ads_igor_dsk_64_d_4_0","x":42,"y":-24},"ads_igor_dsk_64_e_4_0":{"source":"ads_igor_dsk_64_e_2_0","x":48,"y":43,"flipH":true},"ads_igor_dsk_64_e_2_0":{"x":48,"y":43},"ads_igor_dsk_64_d_0_0":{"source":"ads_igor_dsk_64_d_4_0","x":-15,"y":59,"flipH":true},"ads_igor_dsk_64_e_0_0":{"source":"ads_igor_dsk_64_d_4_0","x":42,"y":-24,"flipH":true},"ads_igor_dsk_64_d_2_0":{"source":"ads_igor_dsk_64_d_4_0","x":32,"y":0,"flipH":true},"ads_igor_dsk_64_d_0_1":{"source":"ads_igor_dsk_64_d_4_1","x":10,"y":101,"flipH":true},"ads_igor_dsk_64_d_4_0":{"x":32,"y":0},"ads_igor_dsk_64_d_2_1":{"source":"ads_igor_dsk_64_d_4_1","x":-27,"y":66,"flipH":true},"ads_igor_dsk_64_d_6_0":{"source":"ads_igor_dsk_64_d_4_0","x":-15,"y":59},"ads_igor_dsk_64_d_4_1":{"x":-27,"y":66},"ads_igor_dsk_64_d_6_1":{"source":"ads_igor_dsk_64_d_4_1","x":10,"y":101},"ads_igor_dsk_64_sd_2_0":{"source":"ads_igor_dsk_64_sd_4_0","x":31,"y":14,"flipH":true},"ads_igor_dsk_64_sd_4_0":{"x":31,"y":14},"ads_igor_dsk_icon_a":{"x":15,"y":15},"ads_igor_dsk_64_c_0_1":{"source":"ads_igor_dsk_64_c_4_1","x":1,"y":105,"flipH":true},"ads_igor_dsk_64_c_0_0":{"source":"ads_igor_dsk_64_d_4_0","x":-6,"y":67,"flipH":true},"ads_igor_dsk_64_sd_0_0":{"source":"ads_igor_dsk_64_sd_6_0","x":64,"y":13,"flipH":true},"ads_igor_dsk_64_c_2_3":{"source":"ads_igor_dsk_64_c_4_3","x":-34,"y":64,"flipH":true},"ads_igor_dsk_64_c_4_1":{"x":-37,"y":66},"ads_igor_dsk_64_c_2_2":{"source":"ads_igor_dsk_64_c_4_2","x":-37,"y":61,"flipH":true},"ads_igor_dsk_64_c_4_0":{"source":"ads_igor_dsk_64_d_4_0","x":-9,"y":11},"ads_igor_dsk_64_c_0_3":{"source":"ads_igor_dsk_64_c_4_3","x":3,"y":102,"flipH":true},"ads_igor_dsk_64_c_2_1":{"source":"ads_igor_dsk_64_c_4_1","x":-37,"y":66,"flipH":true},"ads_igor_dsk_64_c_0_2":{"source":"ads_igor_dsk_64_c_4_2","x":1,"y":100,"flipH":true},"ads_igor_dsk_64_c_2_0":{"source":"ads_igor_dsk_64_d_4_0","x":-9,"y":11,"flipH":true},"ads_igor_dsk_64_c_6_3":{"source":"ads_igor_dsk_64_c_4_3","x":3,"y":102},"ads_igor_dsk_64_sd_6_0":{"x":64,"y":13},"ads_igor_dsk_64_c_6_2":{"source":"ads_igor_dsk_64_c_4_2","x":1,"y":100},"ads_igor_dsk_64_c_4_3":{"x":-34,"y":64},"ads_igor_dsk_64_c_6_1":{"source":"ads_igor_dsk_64_c_4_1","x":1,"y":105},"ads_igor_dsk_64_c_4_2":{"x":-37,"y":61},"ads_igor_dsk_64_c_6_0":{"source":"ads_igor_dsk_64_d_4_0","x":-6,"y":67},"ads_igor_dsk_64_b_0_0":{"source":"ads_igor_dsk_64_b_6_0","x":69,"y":46,"flipH":true},"ads_igor_dsk_64_b_2_0":{"x":29,"y":66},"ads_igor_dsk_64_b_4_0":{"source":"ads_igor_dsk_64_b_2_0","x":29,"y":66,"flipH":true},"ads_igor_dsk_64_b_6_0":{"x":69,"y":46}},"visualization":{"layerCount":5,"angle":45,"layers":{"2":{"ignoreMouse":true},"3":{"z":2605.0,"ink":"ADD","ignoreMouse":true},"4":{"ignoreMouse":true}},"directions":{"0":{"layers":{"1":{"z":600.0},"2":{"z":10.0},"4":{"z":-10.0}}},"2":{"layers":{"0":{"z":600.0},"1":{"z":700.0},"2":{"z":2605.0},"4":{"z":2600.0}}},"4":{"layers":{"0":{"z":600.0},"1":{"z":700.0},"2":{"z":2605.0},"4":{"z":2600.0}}},"6":{"layers":{"1":{"z":600.0},"2":{"z":10.0},"4":{"z":-10.0}}}},"animations":{"0":{"layers":{"0":{"frameSequences":{"0":{"frames":{"0":{"id":0}}}}},"1":{"frameSequences":{"0":{"frames":{"0":{"id":0}}}}},"2":{"frameSequences":{"0":{"frames":{"0":{"id":0}}}}},"3":{"frameSequences":{"0":{"frames":{"0":{"id":0}}}}},"4":{"frameSequences":{"0":{"frames":{"0":{"id":0}}}}}}},"1":{"layers":{"2":{"loopCount":0,"frameRepeat":3,"frameSequences":{"0":{"frames":{"0":{"id":1},"1":{"id":2},"2":{"id":3}}}}},"3":{"frameSequences":{"0":{"frames":{"0":{"id":1}}}}}}}}}}