{"meta":{"app":"FFConverter ~ Joopie","format":"RGBA8888","image":"ads_igor_dsk.png","scale":"1.0","size":{"w":512,"h":128},"version":"1.0"},"frames":{"ads_igor_dsk_ads_igor_dsk_64_c_4_2.png":{"frame":{"x":303,"y":52,"w":17,"h":20},"sourceSize":{"w":17,"h":20},"spriteSourceSize":{"x":0,"y":0,"w":17,"h":20},"rotated":false,"trimmed":false},"ads_igor_dsk_ads_igor_dsk_64_e_2_0.png":{"frame":{"x":22,"y":2,"w":11,"h":22},"sourceSize":{"w":11,"h":22},"spriteSourceSize":{"x":0,"y":0,"w":11,"h":22},"rotated":false,"trimmed":false},"ads_igor_dsk_ads_igor_dsk_64_a_2_0.png":{"frame":{"x":141,"y":35,"w":63,"h":83},"sourceSize":{"w":63,"h":83},"spriteSourceSize":{"x":0,"y":0,"w":63,"h":83},"rotated":false,"trimmed":false},"ads_igor_dsk_ads_igor_dsk_64_d_4_0.png":{"frame":{"x":72,"y":35,"w":1,"h":1},"sourceSize":{"w":1,"h":1},"spriteSourceSize":{"x":0,"y":0,"w":1,"h":1},"rotated":false,"trimmed":false},"ads_igor_dsk_ads_igor_dsk_64_a_6_0.png":{"frame":{"x":2,"y":26,"w":68,"h":92},"sourceSize":{"w":68,"h":92},"spriteSourceSize":{"x":0,"y":0,"w":68,"h":92},"rotated":false,"trimmed":false},"ads_igor_dsk_ads_igor_dsk_64_sd_4_0.png":{"frame":{"x":360,"y":74,"w":88,"h":44},"sourceSize":{"w":88,"h":44},"spriteSourceSize":{"x":0,"y":0,"w":88,"h":44},"rotated":false,"trimmed":false},"ads_igor_dsk_ads_igor_dsk_64_c_4_3.png":{"frame":{"x":2,"y":2,"w":18,"h":22},"sourceSize":{"w":18,"h":22},"spriteSourceSize":{"x":0,"y":0,"w":18,"h":22},"rotated":false,"trimmed":false},"ads_igor_dsk_ads_igor_dsk_64_b_6_0.png":{"frame":{"x":206,"y":46,"w":62,"h":72},"sourceSize":{"w":62,"h":72},"spriteSourceSize":{"x":0,"y":0,"w":62,"h":72},"rotated":false,"trimmed":false},"ads_igor_dsk_ads_igor_dsk_64_d_4_1.png":{"frame":{"x":450,"y":84,"w":32,"h":34},"sourceSize":{"w":32,"h":34},"spriteSourceSize":{"x":0,"y":0,"w":32,"h":34},"rotated":false,"trimmed":false},"ads_igor_dsk_ads_igor_dsk_icon_a.png":{"frame":{"x":270,"y":41,"w":31,"h":31},"sourceSize":{"w":31,"h":31},"spriteSourceSize":{"x":0,"y":0,"w":31,"h":31},"rotated":false,"trimmed":false},"ads_igor_dsk_ads_igor_dsk_64_b_2_0.png":{"frame":{"x":72,"y":38,"w":67,"h":80},"sourceSize":{"w":67,"h":80},"spriteSourceSize":{"x":0,"y":0,"w":67,"h":80},"rotated":false,"trimmed":false},"ads_igor_dsk_ads_igor_dsk_64_sd_6_0.png":{"frame":{"x":270,"y":74,"w":88,"h":44},"sourceSize":{"w":88,"h":44},"spriteSourceSize":{"x":0,"y":0,"w":88,"h":44},"rotated":false,"trimmed":false},"ads_igor_dsk_ads_igor_dsk_64_c_4_1.png":{"frame":{"x":484,"y":93,"w":14,"h":25},"sourceSize":{"w":14,"h":25},"spriteSourceSize":{"x":0,"y":0,"w":14,"h":25},"rotated":false,"trimmed":false}}}