{"meta":{"app":"FFConverter ~ Joopie","format":"RGBA8888","image":"ads_lin_wh_c.png","scale":"1.0","size":{"w":2048,"h":128},"version":"1.0"},"frames":{"ads_lin_wh_c_ads_lin_wh_c_64_b_2_1.png":{"frame":{"x":1415,"y":47,"w":28,"h":39},"sourceSize":{"w":28,"h":39},"spriteSourceSize":{"x":0,"y":0,"w":28,"h":39},"rotated":false,"trimmed":false},"ads_lin_wh_c_ads_lin_wh_c_64_c_2_5.png":{"frame":{"x":240,"y":17,"w":115,"h":109},"sourceSize":{"w":115,"h":109},"spriteSourceSize":{"x":0,"y":0,"w":115,"h":109},"rotated":false,"trimmed":false},"ads_lin_wh_c_ads_lin_wh_c_64_c_2_6.png":{"frame":{"x":121,"y":17,"w":117,"h":109},"sourceSize":{"w":117,"h":109},"spriteSourceSize":{"x":0,"y":0,"w":117,"h":109},"rotated":false,"trimmed":false},"ads_lin_wh_c_ads_lin_wh_c_icon_a.png":{"frame":{"x":1500,"y":55,"w":25,"h":30},"sourceSize":{"w":25,"h":30},"spriteSourceSize":{"x":0,"y":0,"w":25,"h":30},"rotated":false,"trimmed":false},"ads_lin_wh_c_ads_lin_wh_c_64_c_2_1.png":{"frame":{"x":918,"y":17,"w":107,"h":109},"sourceSize":{"w":107,"h":109},"spriteSourceSize":{"x":0,"y":0,"w":107,"h":109},"rotated":false,"trimmed":false},"ads_lin_wh_c_ads_lin_wh_c_64_a_2_0.png":{"frame":{"x":1136,"y":2,"w":100,"h":124},"sourceSize":{"w":100,"h":124},"spriteSourceSize":{"x":0,"y":0,"w":100,"h":124},"rotated":false,"trimmed":false},"ads_lin_wh_c_ads_lin_wh_c_64_b_2_6.png":{"frame":{"x":1447,"y":88,"w":29,"h":38},"sourceSize":{"w":29,"h":38},"spriteSourceSize":{"x":0,"y":0,"w":29,"h":38},"rotated":false,"trimmed":false},"ads_lin_wh_c_ads_lin_wh_c_64_d_2_1.png":{"frame":{"x":1353,"y":8,"w":11,"h":18},"sourceSize":{"w":11,"h":18},"spriteSourceSize":{"x":0,"y":0,"w":11,"h":18},"rotated":false,"trimmed":false},"ads_lin_wh_c_ads_lin_wh_c_64_d_4_0.png":{"frame":{"x":1647,"y":106,"w":11,"h":20},"sourceSize":{"w":11,"h":20},"spriteSourceSize":{"x":0,"y":0,"w":11,"h":20},"rotated":false,"trimmed":false},"ads_lin_wh_c_ads_lin_wh_c_64_b_2_2.png":{"frame":{"x":1445,"y":50,"w":28,"h":36},"sourceSize":{"w":28,"h":36},"spriteSourceSize":{"x":0,"y":0,"w":28,"h":36},"rotated":false,"trimmed":false},"ads_lin_wh_c_ads_lin_wh_c_64_b_4_1.png":{"frame":{"x":1478,"y":87,"w":25,"h":39},"sourceSize":{"w":25,"h":39},"spriteSourceSize":{"x":0,"y":0,"w":25,"h":39},"rotated":false,"trimmed":false},"ads_lin_wh_c_ads_lin_wh_c_64_c_2_2.png":{"frame":{"x":470,"y":17,"w":111,"h":109},"sourceSize":{"w":111,"h":109},"spriteSourceSize":{"x":0,"y":0,"w":111,"h":109},"rotated":false,"trimmed":false},"ads_lin_wh_c_ads_lin_wh_c_64_c_2_7.png":{"frame":{"x":583,"y":17,"w":111,"h":109},"sourceSize":{"w":111,"h":109},"spriteSourceSize":{"x":0,"y":0,"w":111,"h":109},"rotated":false,"trimmed":false},"ads_lin_wh_c_ads_lin_wh_c_64_b_2_7.png":{"frame":{"x":1415,"y":88,"w":30,"h":38},"sourceSize":{"w":30,"h":38},"spriteSourceSize":{"x":0,"y":0,"w":30,"h":38},"rotated":false,"trimmed":false},"ads_lin_wh_c_ads_lin_wh_c_64_c_2_3.png":{"frame":{"x":357,"y":17,"w":111,"h":109},"sourceSize":{"w":111,"h":109},"spriteSourceSize":{"x":0,"y":0,"w":111,"h":109},"rotated":false,"trimmed":false},"ads_lin_wh_c_ads_lin_wh_c_64_c_2_8.png":{"frame":{"x":696,"y":17,"w":111,"h":109},"sourceSize":{"w":111,"h":109},"spriteSourceSize":{"x":0,"y":0,"w":111,"h":109},"rotated":false,"trimmed":false},"ads_lin_wh_c_ads_lin_wh_c_64_b_2_3.png":{"frame":{"x":1593,"y":98,"w":27,"h":28},"sourceSize":{"w":27,"h":28},"spriteSourceSize":{"x":0,"y":0,"w":27,"h":28},"rotated":false,"trimmed":false},"ads_lin_wh_c_ads_lin_wh_c_64_b_2_4.png":{"frame":{"x":1622,"y":96,"w":23,"h":30},"sourceSize":{"w":23,"h":30},"spriteSourceSize":{"x":0,"y":0,"w":23,"h":30},"rotated":false,"trimmed":false},"ads_lin_wh_c_ads_lin_wh_c_64_b_2_8.png":{"frame":{"x":1561,"y":98,"w":30,"h":28},"sourceSize":{"w":30,"h":28},"spriteSourceSize":{"x":0,"y":0,"w":30,"h":28},"rotated":false,"trimmed":false},"ads_lin_wh_c_ads_lin_wh_c_64_c_2_9.png":{"frame":{"x":809,"y":17,"w":107,"h":109},"sourceSize":{"w":107,"h":109},"spriteSourceSize":{"x":0,"y":0,"w":107,"h":109},"rotated":false,"trimmed":false},"ads_lin_wh_c_ads_lin_wh_c_64_b_2_10.png":{"frame":{"x":1505,"y":87,"w":25,"h":39},"sourceSize":{"w":25,"h":39},"spriteSourceSize":{"x":0,"y":0,"w":25,"h":39},"rotated":false,"trimmed":false},"ads_lin_wh_c_ads_lin_wh_c_64_c_2_4.png":{"frame":{"x":2,"y":17,"w":117,"h":109},"sourceSize":{"w":117,"h":109},"spriteSourceSize":{"x":0,"y":0,"w":117,"h":109},"rotated":false,"trimmed":false},"ads_lin_wh_c_ads_lin_wh_c_64_b_2_5.png":{"frame":{"x":1475,"y":48,"w":23,"h":37},"sourceSize":{"w":23,"h":37},"spriteSourceSize":{"x":0,"y":0,"w":23,"h":37},"rotated":false,"trimmed":false},"ads_lin_wh_c_ads_lin_wh_c_64_b_2_11.png":{"frame":{"x":1340,"y":28,"w":73,"h":98},"sourceSize":{"w":73,"h":98},"spriteSourceSize":{"x":0,"y":0,"w":73,"h":98},"rotated":false,"trimmed":false},"ads_lin_wh_c_ads_lin_wh_c_64_c_2_0.png":{"frame":{"x":1027,"y":17,"w":107,"h":109},"sourceSize":{"w":107,"h":109},"spriteSourceSize":{"x":0,"y":0,"w":107,"h":109},"rotated":false,"trimmed":false},"ads_lin_wh_c_ads_lin_wh_c_64_b_2_9.png":{"frame":{"x":1532,"y":93,"w":27,"h":33},"sourceSize":{"w":27,"h":33},"spriteSourceSize":{"x":0,"y":0,"w":27,"h":33},"rotated":false,"trimmed":false},"ads_lin_wh_c_ads_lin_wh_c_64_d_2_0.png":{"frame":{"x":1340,"y":6,"w":11,"h":20},"sourceSize":{"w":11,"h":20},"spriteSourceSize":{"x":0,"y":0,"w":11,"h":20},"rotated":false,"trimmed":false},"ads_lin_wh_c_ads_lin_wh_c_64_a_4_0.png":{"frame":{"x":1238,"y":2,"w":100,"h":124},"sourceSize":{"w":100,"h":124},"spriteSourceSize":{"x":0,"y":0,"w":100,"h":124},"rotated":false,"trimmed":false}}}