{"meta":{"app":"FFConverter ~ Joopie","format":"RGBA8888","image":"ads_nick_geyeser.png","scale":"1.0","size":{"w":1024,"h":256},"version":"1.0"},"frames":{"ads_nick_geyeser_ads_nick_geyeser_64_d_0_0.png":{"frame":{"x":599,"y":132,"w":80,"h":122},"sourceSize":{"w":80,"h":122},"spriteSourceSize":{"x":0,"y":0,"w":80,"h":122},"rotated":false,"trimmed":false},"ads_nick_geyeser_ads_nick_geyeser_64_b_0_0.png":{"frame":{"x":2,"y":23,"w":196,"h":231},"sourceSize":{"w":196,"h":231},"spriteSourceSize":{"x":0,"y":0,"w":196,"h":231},"rotated":false,"trimmed":false},"ads_nick_geyeser_ads_nick_geyeser_64_e_0_1.png":{"frame":{"x":421,"y":104,"w":87,"h":150},"sourceSize":{"w":87,"h":150},"spriteSourceSize":{"x":0,"y":0,"w":87,"h":150},"rotated":false,"trimmed":false},"ads_nick_geyeser_ads_nick_geyeser_64_e_0_2.png":{"frame":{"x":510,"y":104,"w":87,"h":150},"sourceSize":{"w":87,"h":150},"spriteSourceSize":{"x":0,"y":0,"w":87,"h":150},"rotated":false,"trimmed":false},"ads_nick_geyeser_ads_nick_geyeser_64_e_0_0.png":{"frame":{"x":332,"y":104,"w":87,"h":150},"sourceSize":{"w":87,"h":150},"spriteSourceSize":{"x":0,"y":0,"w":87,"h":150},"rotated":false,"trimmed":false},"ads_nick_geyeser_ads_nick_geyeser_64_a_0_0.png":{"frame":{"x":200,"y":2,"w":64,"h":119},"sourceSize":{"w":64,"h":119},"spriteSourceSize":{"x":0,"y":0,"w":64,"h":119},"rotated":false,"trimmed":false},"ads_nick_geyeser_ads_nick_geyeser_icon_a.png":{"frame":{"x":266,"y":95,"w":30,"h":26},"sourceSize":{"w":30,"h":26},"spriteSourceSize":{"x":0,"y":0,"w":30,"h":26},"rotated":false,"trimmed":false},"ads_nick_geyeser_ads_nick_geyeser_64_c_0_0.png":{"frame":{"x":200,"y":123,"w":130,"h":131},"sourceSize":{"w":130,"h":131},"spriteSourceSize":{"x":0,"y":0,"w":130,"h":131},"rotated":false,"trimmed":false}}}