{"type":"furniture","name":"ads_nick_geyeser","visualizationType":"furniture_animated","logicType":"furniture_basic","spritesheet":"ads_nick_geyeser_spritesheet.json","dimensions":{"x":3.0,"y":4.0,"z":1.0},"directions":[0],"assets":{"ads_nick_geyeser_64_b_0_0":{"x":131,"y":175},"ads_nick_geyeser_64_c_0_0":{"x":97,"y":48},"ads_nick_geyeser_64_a_0_0":{"x":-32,"y":70},"ads_nick_geyeser_icon_a":{"x":14,"y":10},"ads_nick_geyeser_64_e_0_1":{"x":90,"y":299},"ads_nick_geyeser_64_e_0_0":{"x":90,"y":299},"ads_nick_geyeser_64_e_0_2":{"x":90,"y":299},"ads_nick_geyeser_64_d_0_0":{"x":65,"y":32}},"visualization":{"layerCount":5,"angle":45,"layers":{"0":{"z":3000.0},"1":{"z":4000.0},"2":{"z":5000.0},"3":{"z":6000.0},"4":{"z":5000.0}},"directions":{"0":{}},"animations":{"0":{"layers":{"4":{"loopCount":0,"frameRepeat":2,"frameSequences":{"0":{"frames":{"0":{"id":0},"1":{"id":1},"2":{"id":2}}}}}}}}}}