{"meta":{"app":"FFConverter ~ Joopie","format":"RGBA8888","image":"ads_mall_winmus.png","scale":"1.0","size":{"w":512,"h":256},"version":"1.0"},"frames":{"ads_mall_winmus_ads_mall_winmus_64_a_4_0.png":{"frame":{"x":338,"y":116,"w":110,"h":130},"sourceSize":{"w":110,"h":130},"spriteSourceSize":{"x":0,"y":0,"w":110,"h":130},"rotated":false,"trimmed":false},"ads_mall_winmus_ads_mall_winmus_icon_a.png":{"frame":{"x":450,"y":217,"w":27,"h":29},"sourceSize":{"w":27,"h":29},"spriteSourceSize":{"x":0,"y":0,"w":27,"h":29},"rotated":false,"trimmed":false},"ads_mall_winmus_ads_mall_winmus_64_d_2_0.png":{"frame":{"x":368,"y":28,"w":120,"h":86},"sourceSize":{"w":120,"h":86},"spriteSourceSize":{"x":0,"y":0,"w":120,"h":86},"rotated":false,"trimmed":false},"ads_mall_winmus_ads_mall_winmus_64_b_4_0.png":{"frame":{"x":2,"y":116,"w":110,"h":130},"sourceSize":{"w":110,"h":130},"spriteSourceSize":{"x":0,"y":0,"w":110,"h":130},"rotated":false,"trimmed":false},"ads_mall_winmus_ads_mall_winmus_64_b_2_0.png":{"frame":{"x":114,"y":116,"w":110,"h":130},"sourceSize":{"w":110,"h":130},"spriteSourceSize":{"x":0,"y":0,"w":110,"h":130},"rotated":false,"trimmed":false},"ads_mall_winmus_ads_mall_winmus_64_d_4_0.png":{"frame":{"x":246,"y":28,"w":120,"h":86},"sourceSize":{"w":120,"h":86},"spriteSourceSize":{"x":0,"y":0,"w":120,"h":86},"rotated":false,"trimmed":false},"ads_mall_winmus_ads_mall_winmus_64_c_4_0.png":{"frame":{"x":124,"y":2,"w":120,"h":112},"sourceSize":{"w":120,"h":112},"spriteSourceSize":{"x":0,"y":0,"w":120,"h":112},"rotated":false,"trimmed":false},"ads_mall_winmus_ads_mall_winmus_64_a_2_0.png":{"frame":{"x":226,"y":116,"w":110,"h":130},"sourceSize":{"w":110,"h":130},"spriteSourceSize":{"x":0,"y":0,"w":110,"h":130},"rotated":false,"trimmed":false},"ads_mall_winmus_ads_mall_winmus_64_c_2_0.png":{"frame":{"x":2,"y":2,"w":120,"h":112},"sourceSize":{"w":120,"h":112},"spriteSourceSize":{"x":0,"y":0,"w":120,"h":112},"rotated":false,"trimmed":false}}}