{"type":"furniture","name":"ads_mall_winmus","visualizationType":"furniture_animated","logicType":"furniture_multistate","spritesheet":"ads_mall_winmus_spritesheet.json","dimensions":{"x":3.4375,"y":0.2,"z":2.3438},"directions":[90,180],"assets":{"ads_mall_winmus_64_b_4_0":{"x":64,"y":63},"ads_mall_winmus_64_c_2_0":{"x":61,"y":37},"ads_mall_winmus_icon_a":{"x":14,"y":14},"ads_mall_winmus_64_b_2_0":{"x":56,"y":63},"ads_mall_winmus_64_a_2_0":{"x":56,"y":63},"ads_mall_winmus_64_c_4_0":{"x":69,"y":37},"ads_mall_winmus_64_a_4_0":{"x":64,"y":63},"ads_mall_winmus_64_d_4_0":{"x":69,"y":71},"ads_mall_winmus_64_d_2_0":{"x":61,"y":71}},"visualization":{"layerCount":4,"angle":45,"layers":{"0":{"alpha":204,"z":-2900.0},"1":{"z":-3000.0},"2":{"z":-2900.0},"3":{"z":-2900.0}},"directions":{"2":{},"4":{}},"animations":{"0":{"layers":{"0":{"frameSequences":{"0":{"frames":{"0":{"id":0}}}}},"1":{"frameSequences":{"0":{"frames":{"0":{"id":0}}}}},"2":{"frameSequences":{"0":{"frames":{"0":{"id":0}}}}},"3":{"frameSequences":{"0":{"frames":{"0":{"id":0}}}}}}}}}}