{"meta":{"app":"FFConverter ~ Joopie","format":"RGBA8888","image":"ads_nokiax3_wall3.png","scale":"1.0","size":{"w":128,"h":256},"version":"1.0"},"frames":{"ads_nokiax3_wall3_ads_nokiax3_wall3_64_a_4_0.png":{"frame":{"x":2,"y":23,"w":96,"h":162},"sourceSize":{"w":96,"h":162},"spriteSourceSize":{"x":0,"y":0,"w":96,"h":162},"rotated":false,"trimmed":false},"ads_nokiax3_wall3_ads_nokiax3_wall3_icon_a.png":{"frame":{"x":2,"y":2,"w":18,"h":19},"sourceSize":{"w":18,"h":19},"spriteSourceSize":{"x":0,"y":0,"w":18,"h":19},"rotated":false,"trimmed":false}}}