{"type":"furniture","name":"ads_calip_cola","visualizationType":"furniture_static","logicType":"furniture_multistate","spritesheet":"ads_calip_cola_spritesheet.json","dimensions":{"x":1.0,"y":1.0,"z":1.0},"directions":[90,180],"assets":{"ads_calip_cola_64_a_2_1":{"x":-10,"y":35},"ads_calip_cola_64_a_4_0":{"source":"ads_calip_cola_64_e_2_0","x":-12,"y":24,"flipH":true},"ads_calip_cola_64_a_2_0":{"source":"ads_calip_cola_64_e_2_0","x":-12,"y":24},"ads_calip_cola_64_a_4_1":{"source":"ads_calip_cola_64_a_2_1","x":-10,"y":35,"flipH":true},"ads_calip_cola_64_c_4_0":{"source":"ads_calip_cola_64_c_2_0","x":26,"y":92,"flipH":true},"ads_calip_cola_64_e_4_0":{"source":"ads_calip_cola_64_e_2_0","x":1,"y":93},"ads_calip_cola_64_sd_2_0":{"source":"ads_calip_cola_64_sd_0_0","x":31,"y":2},"ads_calip_cola_64_c_2_0":{"x":26,"y":92},"ads_calip_cola_64_e_2_0":{"x":1,"y":93},"ads_calip_cola_64_sd_4_0":{"source":"ads_calip_cola_64_sd_0_0","x":31,"y":2},"ads_calip_cola_64_b_2_0":{"x":30,"y":47},"ads_calip_cola_64_sd_0_0":{"x":31,"y":2},"ads_calip_cola_64_b_4_0":{"source":"ads_calip_cola_64_b_2_0","x":30,"y":47,"flipH":true},"ads_calip_cola_icon_b":{"x":8,"y":15},"ads_calip_cola_icon_a":{"x":8,"y":2},"ads_calip_cola_64_d_2_0":{"x":27,"y":93},"ads_calip_cola_64_d_4_0":{"source":"ads_calip_cola_64_d_2_0","x":27,"y":93,"flipH":true}},"visualization":{"layerCount":5,"angle":45,"layers":{"0":{"z":200.0},"1":{"z":190.0},"2":{"z":190.0,"ink":"ADD"},"3":{"z":100.0},"4":{"z":200.0}},"directions":{"2":{},"4":{}},"colors":{"1":{"layers":{"3":{"color":13827840}}},"2":{"layers":{"3":{"color":10691328}}},"3":{"layers":{"3":{"color":16591926}}},"4":{"layers":{"3":{"color":50943}}}},"iconColors":{"1":{"layers":{"1":{"color":13827840}}},"2":{"layers":{"1":{"color":10691328}}},"3":{"layers":{"1":{"color":16591926}}},"4":{"layers":{"1":{"color":50943}}}}}}