{"meta":{"app":"FFConverter ~ Joopie","format":"RGBA8888","image":"ads_calip_cola.png","scale":"1.0","size":{"w":128,"h":128},"version":"1.0"},"frames":{"ads_calip_cola_ads_calip_cola_64_c_2_0.png":{"frame":{"x":64,"y":65,"w":52,"h":60},"sourceSize":{"w":52,"h":60},"spriteSourceSize":{"x":0,"y":0,"w":52,"h":60},"rotated":false,"trimmed":false},"ads_calip_cola_ads_calip_cola_icon_a.png":{"frame":{"x":71,"y":26,"w":17,"h":17},"sourceSize":{"w":17,"h":17},"spriteSourceSize":{"x":0,"y":0,"w":17,"h":17},"rotated":false,"trimmed":false},"ads_calip_cola_ads_calip_cola_icon_b.png":{"frame":{"x":90,"y":26,"w":17,"h":17},"sourceSize":{"w":17,"h":17},"spriteSourceSize":{"x":0,"y":0,"w":17,"h":17},"rotated":false,"trimmed":false},"ads_calip_cola_ads_calip_cola_64_a_2_1.png":{"frame":{"x":58,"y":18,"w":11,"h":25},"sourceSize":{"w":11,"h":25},"spriteSourceSize":{"x":0,"y":0,"w":11,"h":25},"rotated":false,"trimmed":false},"ads_calip_cola_ads_calip_cola_64_sd_0_0.png":{"frame":{"x":58,"y":45,"w":62,"h":18},"sourceSize":{"w":62,"h":18},"spriteSourceSize":{"x":0,"y":0,"w":62,"h":18},"rotated":false,"trimmed":false},"ads_calip_cola_ads_calip_cola_64_d_2_0.png":{"frame":{"x":2,"y":2,"w":54,"h":61},"sourceSize":{"w":54,"h":61},"spriteSourceSize":{"x":0,"y":0,"w":54,"h":61},"rotated":false,"trimmed":false},"ads_calip_cola_ads_calip_cola_64_e_2_0.png":{"frame":{"x":118,"y":124,"w":1,"h":1},"sourceSize":{"w":1,"h":1},"spriteSourceSize":{"x":0,"y":0,"w":1,"h":1},"rotated":false,"trimmed":false},"ads_calip_cola_ads_calip_cola_64_b_2_0.png":{"frame":{"x":2,"y":65,"w":60,"h":60},"sourceSize":{"w":60,"h":60},"spriteSourceSize":{"x":0,"y":0,"w":60,"h":60},"rotated":false,"trimmed":false}}}