{"type":"furniture","name":"ads_twi_crest","visualizationType":"furniture_animated","logicType":"furniture_multistate","spritesheet":"ads_twi_crest_spritesheet.json","dimensions":{"x":2.0,"y":0.2,"z":2.4375},"directions":[90,180],"assets":{"ads_twi_crest_64_c_2_0":{"x":33,"y":46},"ads_twi_crest_64_b_2_0":{"x":33,"y":38},"ads_twi_crest_icon_a":{"x":12,"y":15},"ads_twi_crest_64_a_2_0":{"x":33,"y":46},"ads_twi_crest_64_c_4_0":{"x":31,"y":46},"ads_twi_crest_64_a_4_0":{"x":32,"y":46},"ads_twi_crest_64_b_4_0":{"x":30,"y":38}},"visualization":{"layerCount":3,"angle":45,"layers":{"0":{"z":-3000.0,"ink":"ADD","ignoreMouse":true},"1":{"alpha":41,"z":-3000.0},"2":{"z":-2990.0}},"directions":{"2":{},"4":{}},"animations":{"0":{"layers":{"0":{"frameSequences":{"0":{"frames":{"0":{"id":0}}}}},"1":{"frameSequences":{"0":{"frames":{"0":{"id":0}}}}},"2":{"frameSequences":{"0":{"frames":{"0":{"id":0}}}}}}}}}}