{"meta":{"app":"FFConverter ~ Joopie","format":"RGBA8888","image":"ads_twi_crest.png","scale":"1.0","size":{"w":512,"h":128},"version":"1.0"},"frames":{"ads_twi_crest_ads_twi_crest_64_b_4_0.png":{"frame":{"x":266,"y":24,"w":63,"h":88},"sourceSize":{"w":63,"h":88},"spriteSourceSize":{"x":0,"y":0,"w":63,"h":88},"rotated":false,"trimmed":false},"ads_twi_crest_ads_twi_crest_64_b_2_0.png":{"frame":{"x":331,"y":24,"w":63,"h":88},"sourceSize":{"w":63,"h":88},"spriteSourceSize":{"x":0,"y":0,"w":63,"h":88},"rotated":false,"trimmed":false},"ads_twi_crest_ads_twi_crest_64_c_4_0.png":{"frame":{"x":200,"y":18,"w":64,"h":94},"sourceSize":{"w":64,"h":94},"spriteSourceSize":{"x":0,"y":0,"w":64,"h":94},"rotated":false,"trimmed":false},"ads_twi_crest_ads_twi_crest_64_c_2_0.png":{"frame":{"x":134,"y":18,"w":64,"h":94},"sourceSize":{"w":64,"h":94},"spriteSourceSize":{"x":0,"y":0,"w":64,"h":94},"rotated":false,"trimmed":false},"ads_twi_crest_ads_twi_crest_64_a_4_0.png":{"frame":{"x":68,"y":2,"w":64,"h":110},"sourceSize":{"w":64,"h":110},"spriteSourceSize":{"x":0,"y":0,"w":64,"h":110},"rotated":false,"trimmed":false},"ads_twi_crest_ads_twi_crest_icon_a.png":{"frame":{"x":396,"y":82,"w":25,"h":30},"sourceSize":{"w":25,"h":30},"spriteSourceSize":{"x":0,"y":0,"w":25,"h":30},"rotated":false,"trimmed":false},"ads_twi_crest_ads_twi_crest_64_a_2_0.png":{"frame":{"x":2,"y":2,"w":64,"h":110},"sourceSize":{"w":64,"h":110},"spriteSourceSize":{"x":0,"y":0,"w":64,"h":110},"rotated":false,"trimmed":false}}}