{"meta":{"app":"FFConverter ~ Joopie","format":"RGBA8888","image":"ads_twi_dvdr2.png","scale":"1.0","size":{"w":512,"h":128},"version":"1.0"},"frames":{"ads_twi_dvdr2_ads_twi_dvdr2_64_b_0_1.png":{"frame":{"x":2,"y":2,"w":55,"h":112},"sourceSize":{"w":55,"h":112},"spriteSourceSize":{"x":0,"y":0,"w":55,"h":112},"rotated":false,"trimmed":false},"ads_twi_dvdr2_ads_twi_dvdr2_64_c_2_0.png":{"frame":{"x":220,"y":50,"w":47,"h":64},"sourceSize":{"w":47,"h":64},"spriteSourceSize":{"x":0,"y":0,"w":47,"h":64},"rotated":false,"trimmed":false},"ads_twi_dvdr2_ads_twi_dvdr2_64_a_0_0.png":{"frame":{"x":353,"y":50,"w":33,"h":64},"sourceSize":{"w":33,"h":64},"spriteSourceSize":{"x":0,"y":0,"w":33,"h":64},"rotated":false,"trimmed":false},"ads_twi_dvdr2_ads_twi_dvdr2_64_d_2_0.png":{"frame":{"x":168,"y":4,"w":50,"h":110},"sourceSize":{"w":50,"h":110},"spriteSourceSize":{"x":0,"y":0,"w":50,"h":110},"rotated":false,"trimmed":false},"ads_twi_dvdr2_ads_twi_dvdr2_64_c_0_1.png":{"frame":{"x":269,"y":50,"w":47,"h":64},"sourceSize":{"w":47,"h":64},"spriteSourceSize":{"x":0,"y":0,"w":47,"h":64},"rotated":false,"trimmed":false},"ads_twi_dvdr2_ads_twi_dvdr2_64_d_0_0.png":{"frame":{"x":116,"y":4,"w":50,"h":110},"sourceSize":{"w":50,"h":110},"spriteSourceSize":{"x":0,"y":0,"w":50,"h":110},"rotated":false,"trimmed":false},"ads_twi_dvdr2_ads_twi_dvdr2_64_a_2_0.png":{"frame":{"x":318,"y":50,"w":33,"h":64},"sourceSize":{"w":33,"h":64},"spriteSourceSize":{"x":0,"y":0,"w":33,"h":64},"rotated":false,"trimmed":false},"ads_twi_dvdr2_ads_twi_dvdr2_64_b_2_0.png":{"frame":{"x":59,"y":2,"w":55,"h":112},"sourceSize":{"w":55,"h":112},"spriteSourceSize":{"x":0,"y":0,"w":55,"h":112},"rotated":false,"trimmed":false},"ads_twi_dvdr2_ads_twi_dvdr2_icon_a.png":{"frame":{"x":220,"y":18,"w":22,"h":30},"sourceSize":{"w":22,"h":30},"spriteSourceSize":{"x":0,"y":0,"w":22,"h":30},"rotated":false,"trimmed":false}}}