{"type":"furniture","name":"ads_twi_dvdr2","visualizationType":"furniture_animated","logicType":"furniture_multistate","spritesheet":"ads_twi_dvdr2_spritesheet.json","dimensions":{"x":2.0,"y":1.0,"z":2.5},"directions":[0,90],"assets":{"ads_twi_dvdr2_64_d_0_0":{"x":-17,"y":86},"ads_twi_dvdr2_64_d_0_1":{"source":"ads_twi_dvdr2_64_d_0_0","x":-1,"y":78},"ads_twi_dvdr2_64_b_0_0":{"source":"ads_twi_dvdr2_64_b_0_1","x":19,"y":104},"ads_twi_dvdr2_64_d_2_0":{"x":51,"y":78},"ads_twi_dvdr2_64_b_0_1":{"x":35,"y":96},"ads_twi_dvdr2_64_d_2_1":{"source":"ads_twi_dvdr2_64_d_2_0","x":67,"y":86},"ads_twi_dvdr2_64_b_2_0":{"x":20,"y":96},"ads_twi_dvdr2_64_b_2_1":{"source":"ads_twi_dvdr2_64_b_2_0","x":36,"y":104},"ads_twi_dvdr2_icon_a":{"x":11,"y":15},"ads_twi_dvdr2_64_c_0_1":{"x":-1,"y":64},"ads_twi_dvdr2_64_c_2_0":{"x":48,"y":64},"ads_twi_dvdr2_64_c_0_0":{"source":"ads_twi_dvdr2_64_c_0_1","x":-17,"y":72},"ads_twi_dvdr2_64_a_2_1":{"source":"ads_twi_dvdr2_64_a_2_0","x":17,"y":88},"ads_twi_dvdr2_64_a_0_1":{"source":"ads_twi_dvdr2_64_a_0_0","x":32,"y":80},"ads_twi_dvdr2_64_c_2_1":{"source":"ads_twi_dvdr2_64_c_2_0","x":64,"y":72},"ads_twi_dvdr2_64_a_2_0":{"x":1,"y":80},"ads_twi_dvdr2_64_a_0_0":{"x":16,"y":88}},"visualization":{"layerCount":4,"angle":45,"layers":{"2":{"z":980.0},"3":{"z":980.0}},"directions":{"0":{},"2":{}},"animations":{"0":{"layers":{"0":{"frameSequences":{"0":{"frames":{"0":{"id":0}}}}},"1":{"frameSequences":{"0":{"frames":{"0":{"id":0}}}}},"2":{"frameSequences":{"0":{"frames":{"0":{"id":0}}}}},"3":{"frameSequences":{"0":{"frames":{"0":{"id":0}}}}}}},"1":{"layers":{"0":{"frameSequences":{"0":{"frames":{"0":{"id":1}}}}},"1":{"frameSequences":{"0":{"frames":{"0":{"id":1}}}}},"2":{"frameSequences":{"0":{"frames":{"0":{"id":1}}}}},"3":{"frameSequences":{"0":{"frames":{"0":{"id":1}}}}}}}}}}