{"meta":{"app":"FFConverter ~ Joopie","format":"RGBA8888","image":"ads_capri_arcade.png","scale":"1.0","size":{"w":256,"h":128},"version":"1.0"},"frames":{"ads_capri_arcade_ads_capri_arcade_64_a_4_0.png":{"frame":{"x":2,"y":2,"w":64,"h":111},"sourceSize":{"w":64,"h":111},"spriteSourceSize":{"x":0,"y":0,"w":64,"h":111},"rotated":false,"trimmed":false},"ads_capri_arcade_ads_capri_arcade_icon_a.png":{"frame":{"x":134,"y":86,"w":18,"h":27},"sourceSize":{"w":18,"h":27},"spriteSourceSize":{"x":0,"y":0,"w":18,"h":27},"rotated":false,"trimmed":false},"ads_capri_arcade_ads_capri_arcade_64_a_2_0.png":{"frame":{"x":68,"y":2,"w":64,"h":111},"sourceSize":{"w":64,"h":111},"spriteSourceSize":{"x":0,"y":0,"w":64,"h":111},"rotated":false,"trimmed":false}}}