{"type":"furniture","name":"ads_latrobe_flag","visualizationType":"furniture_animated","logicType":"furniture_multistate","spritesheet":"ads_latrobe_flag_spritesheet.json","dimensions":{"x":3.4688,"y":0.2,"z":0.875},"directions":[90,180],"assets":{"ads_latrobe_flag":{"x":286,"y":223},"ads_latrobe_flag_64_b_4_0":{"x":49,"y":55},"ads_latrobe_flag_64_b_2_0":{"x":49,"y":32},"ads_latrobe_flag_64_c_2_0":{"x":46,"y":30},"ads_latrobe_flag_64_a_2_0":{"x":49,"y":30},"ads_latrobe_flag_64_c_4_0":{"x":49,"y":54},"ads_latrobe_flag_icon_a":{"x":11,"y":13},"ads_latrobe_flag_64_a_4_0":{"x":49,"y":53}},"visualization":{"layerCount":3,"angle":45,"layers":{"0":{"z":-2980.0},"1":{"alpha":41,"z":-2990.0},"2":{"alpha":102,"z":-3000.0}},"directions":{"2":{},"4":{}},"animations":{"0":{"layers":{"0":{"frameSequences":{"0":{"frames":{"0":{"id":0}}}}},"1":{"frameSequences":{"0":{"frames":{"0":{"id":0}}}}}}}}}}