{"meta":{"app":"FFConverter ~ Joopie","format":"RGBA8888","image":"ads_latrobe_flag.png","scale":"1.0","size":{"w":256,"h":256},"version":"1.0"},"frames":{"ads_latrobe_flag_ads_latrobe_flag_64_a_4_0.png":{"frame":{"x":2,"y":84,"w":111,"h":83},"sourceSize":{"w":111,"h":83},"spriteSourceSize":{"x":0,"y":0,"w":111,"h":83},"rotated":false,"trimmed":false},"ads_latrobe_flag_ads_latrobe_flag_icon_a.png":{"frame":{"x":111,"y":30,"w":29,"h":22},"sourceSize":{"w":29,"h":22},"spriteSourceSize":{"x":0,"y":0,"w":29,"h":22},"rotated":false,"trimmed":false},"ads_latrobe_flag_ads_latrobe_flag_64_b_4_0.png":{"frame":{"x":2,"y":169,"w":113,"h":85},"sourceSize":{"w":113,"h":85},"spriteSourceSize":{"x":0,"y":0,"w":113,"h":85},"rotated":false,"trimmed":false},"ads_latrobe_flag_ads_latrobe_flag_64_c_4_0.png":{"frame":{"x":115,"y":54,"w":110,"h":84},"sourceSize":{"w":110,"h":84},"spriteSourceSize":{"x":0,"y":0,"w":110,"h":84},"rotated":false,"trimmed":false},"ads_latrobe_flag_ads_latrobe_flag_64_a_2_0.png":{"frame":{"x":117,"y":171,"w":111,"h":83},"sourceSize":{"w":111,"h":83},"spriteSourceSize":{"x":0,"y":0,"w":111,"h":83},"rotated":false,"trimmed":false},"ads_latrobe_flag_ads_latrobe_flag_64_b_2_0.png":{"frame":{"x":117,"y":140,"w":111,"h":29},"sourceSize":{"w":111,"h":29},"spriteSourceSize":{"x":0,"y":0,"w":111,"h":29},"rotated":false,"trimmed":false},"ads_latrobe_flag_ads_latrobe_flag_64_c_2_0.png":{"frame":{"x":2,"y":2,"w":107,"h":80},"sourceSize":{"w":107,"h":80},"spriteSourceSize":{"x":0,"y":0,"w":107,"h":80},"rotated":false,"trimmed":false}}}