{"meta":{"app":"FFConverter ~ Joopie","format":"RGBA8888","image":"ads_nokiax3_wall.png","scale":"1.0","size":{"w":512,"h":256},"version":"1.0"},"frames":{"ads_nokiax3_wall_ads_nokiax3_wall_icon_a.png":{"frame":{"x":2,"y":2,"w":18,"h":19},"sourceSize":{"w":18,"h":19},"spriteSourceSize":{"x":0,"y":0,"w":18,"h":19},"rotated":false,"trimmed":false},"ads_nokiax3_wall_ads_nokiax3_wall_64_a_4_2.png":{"frame":{"x":349,"y":18,"w":31,"h":130},"sourceSize":{"w":31,"h":130},"spriteSourceSize":{"x":0,"y":0,"w":31,"h":130},"rotated":false,"trimmed":false},"ads_nokiax3_wall_ads_nokiax3_wall_64_c_4_2.png":{"frame":{"x":280,"y":17,"w":33,"h":131},"sourceSize":{"w":33,"h":131},"spriteSourceSize":{"x":0,"y":0,"w":33,"h":131},"rotated":false,"trimmed":false},"ads_nokiax3_wall_ads_nokiax3_wall_64_c_4_1.png":{"frame":{"x":107,"y":17,"w":46,"h":131},"sourceSize":{"w":46,"h":131},"spriteSourceSize":{"x":0,"y":0,"w":46,"h":131},"rotated":false,"trimmed":false},"ads_nokiax3_wall_ads_nokiax3_wall_64_c_4_0.png":{"frame":{"x":155,"y":17,"w":44,"h":131},"sourceSize":{"w":44,"h":131},"spriteSourceSize":{"x":0,"y":0,"w":44,"h":131},"rotated":false,"trimmed":false},"ads_nokiax3_wall_ads_nokiax3_wall_64_a_4_0.png":{"frame":{"x":201,"y":22,"w":40,"h":126},"sourceSize":{"w":40,"h":126},"spriteSourceSize":{"x":0,"y":0,"w":40,"h":126},"rotated":false,"trimmed":false},"ads_nokiax3_wall_ads_nokiax3_wall_64_a_4_1.png":{"frame":{"x":243,"y":18,"w":35,"h":130},"sourceSize":{"w":35,"h":130},"spriteSourceSize":{"x":0,"y":0,"w":35,"h":130},"rotated":false,"trimmed":false},"ads_nokiax3_wall_ads_nokiax3_wall_64_b_4_0.png":{"frame":{"x":57,"y":18,"w":48,"h":130},"sourceSize":{"w":48,"h":130},"spriteSourceSize":{"x":0,"y":0,"w":48,"h":130},"rotated":false,"trimmed":false},"ads_nokiax3_wall_ads_nokiax3_wall_64_b_4_1.png":{"frame":{"x":2,"y":23,"w":53,"h":125},"sourceSize":{"w":53,"h":125},"spriteSourceSize":{"x":0,"y":0,"w":53,"h":125},"rotated":false,"trimmed":false},"ads_nokiax3_wall_ads_nokiax3_wall_64_b_4_2.png":{"frame":{"x":315,"y":17,"w":32,"h":131},"sourceSize":{"w":32,"h":131},"spriteSourceSize":{"x":0,"y":0,"w":32,"h":131},"rotated":false,"trimmed":false}}}