{"type":"furniture","name":"ads_nokiax3_wall","visualizationType":"furniture_animated","logicType":"furniture_multistate","spritesheet":"ads_nokiax3_wall_spritesheet.json","dimensions":{"x":1.0,"y":0.2,"z":0.0},"directions":[90,180],"assets":{"ads_nokiax3_wall_64_b_2_0":{"source":"ads_nokiax3_wall_64_b_4_0","x":31,"y":121,"flipH":true},"ads_nokiax3_wall_64_b_4_0":{"x":31,"y":121},"ads_nokiax3_wall_64_b_2_2":{"source":"ads_nokiax3_wall_64_b_4_2","x":19,"y":122,"flipH":true},"ads_nokiax3_wall_icon_a":{"x":8,"y":10},"ads_nokiax3_wall_64_b_2_1":{"source":"ads_nokiax3_wall_64_b_4_1","x":40,"y":122},"ads_nokiax3_wall_64_b_4_2":{"x":19,"y":122},"ads_nokiax3_wall_64_b_4_1":{"x":40,"y":122},"ads_nokiax3_wall_64_a_4_1":{"x":54,"y":137},"ads_nokiax3_wall_64_a_4_0":{"x":57,"y":137},"ads_nokiax3_wall_64_a_2_2":{"source":"ads_nokiax3_wall_64_a_4_2","x":50,"y":137,"flipH":true},"ads_nokiax3_wall_64_a_2_1":{"source":"ads_nokiax3_wall_64_a_4_1","x":54,"y":137,"flipH":true},"ads_nokiax3_wall_64_a_2_0":{"source":"ads_nokiax3_wall_64_a_4_0","x":57,"y":137,"flipH":true},"ads_nokiax3_wall_64_a_4_2":{"x":50,"y":137},"ads_nokiax3_wall_64_c_4_2":{"x":-13,"y":106},"ads_nokiax3_wall_64_c_4_1":{"x":0,"y":106},"ads_nokiax3_wall_64_c_4_0":{"x":-2,"y":106},"ads_nokiax3_wall_64_c_2_2":{"source":"ads_nokiax3_wall_64_c_4_2","x":-13,"y":106},"ads_nokiax3_wall_64_c_2_1":{"source":"ads_nokiax3_wall_64_c_4_1","x":0,"y":106,"flipH":true},"ads_nokiax3_wall_64_c_2_0":{"source":"ads_nokiax3_wall_64_c_4_0","x":-2,"y":106,"flipH":true}},"visualization":{"layerCount":3,"angle":45,"layers":{"0":{"z":-3000.0},"1":{"z":-3000.0},"2":{"z":-3000.0}},"directions":{"2":{},"4":{}},"animations":{"0":{"layers":{"0":{"frameSequences":{"0":{"frames":{"0":{"id":0}}}}},"1":{"frameSequences":{"0":{"frames":{"0":{"id":0}}}}},"2":{"frameSequences":{"0":{"frames":{"0":{"id":0}}}}}}},"1":{"layers":{"0":{"frameSequences":{"0":{"frames":{"0":{"id":1}}}}},"1":{"frameSequences":{"0":{"frames":{"0":{"id":1}}}}},"2":{"frameSequences":{"0":{"frames":{"0":{"id":1}}}}}}},"2":{"layers":{"0":{"frameSequences":{"0":{"frames":{"0":{"id":2}}}}},"1":{"frameSequences":{"0":{"frames":{"0":{"id":2}}}}},"2":{"frameSequences":{"0":{"frames":{"0":{"id":2}}}}}}}}}}