{"meta":{"app":"FFConverter ~ Joopie","format":"RGBA8888","image":"ads_capri_chair.png","scale":"1.0","size":{"w":256,"h":128},"version":"1.0"},"frames":{"ads_capri_chair_ads_capri_chair_icon_a.png":{"frame":{"x":156,"y":33,"w":26,"h":29},"sourceSize":{"w":26,"h":29},"spriteSourceSize":{"x":0,"y":0,"w":26,"h":29},"rotated":false,"trimmed":false},"ads_capri_chair_ads_capri_chair_64_a_2_0.png":{"frame":{"x":2,"y":21,"w":76,"h":82},"sourceSize":{"w":76,"h":82},"spriteSourceSize":{"x":0,"y":0,"w":76,"h":82},"rotated":false,"trimmed":false},"ads_capri_chair_ads_capri_chair_64_b_0_0.png":{"frame":{"x":80,"y":29,"w":74,"h":74},"sourceSize":{"w":74,"h":74},"spriteSourceSize":{"x":0,"y":0,"w":74,"h":74},"rotated":false,"trimmed":false},"ads_capri_chair_ads_capri_chair_64_sd_0_0.png":{"frame":{"x":80,"y":5,"w":61,"h":22},"sourceSize":{"w":61,"h":22},"spriteSourceSize":{"x":0,"y":0,"w":61,"h":22},"rotated":false,"trimmed":false},"ads_capri_chair_ads_capri_chair_64_a_0_0.png":{"frame":{"x":156,"y":64,"w":45,"h":39},"sourceSize":{"w":45,"h":39},"spriteSourceSize":{"x":0,"y":0,"w":45,"h":39},"rotated":false,"trimmed":false},"ads_capri_chair_ads_capri_chair_64_sd_2_0.png":{"frame":{"x":2,"y":2,"w":69,"h":17},"sourceSize":{"w":69,"h":17},"spriteSourceSize":{"x":0,"y":0,"w":69,"h":17},"rotated":false,"trimmed":false},"ads_capri_chair_ads_capri_chair_64_b_2_0.png":{"frame":{"x":203,"y":57,"w":34,"h":46},"sourceSize":{"w":34,"h":46},"spriteSourceSize":{"x":0,"y":0,"w":34,"h":46},"rotated":false,"trimmed":false}}}