{"type":"furniture","name":"ads_capri_chair","visualizationType":"furniture_static","logicType":"furniture_basic","spritesheet":"ads_capri_chair_spritesheet.json","dimensions":{"x":1.0,"y":1.0,"z":1.3},"directions":[0,90,180,270],"assets":{"ads_capri_chair_64_a_2_0":{"x":36,"y":71},"ads_capri_chair_64_a_0_0":{"x":8,"y":45},"ads_capri_chair_64_a_6_0":{"source":"ads_capri_chair_64_a_0_0","x":8,"y":45,"flipH":true},"ads_capri_chair_64_a_4_0":{"source":"ads_capri_chair_64_a_2_0","x":36,"y":71,"flipH":true},"ads_capri_chair_64_b_0_0":{"x":40,"y":59},"ads_capri_chair_icon_a":{"x":13,"y":14},"ads_capri_chair_64_sd_6_0":{"source":"ads_capri_chair_64_sd_0_0","x":30,"y":3,"flipH":true},"ads_capri_chair_64_b_2_0":{"x":32,"y":31},"ads_capri_chair_64_b_4_0":{"source":"ads_capri_chair_64_b_2_0","x":32,"y":31,"flipH":true},"ads_capri_chair_64_sd_4_0":{"source":"ads_capri_chair_64_sd_2_0","x":29,"y":-1,"flipH":true},"ads_capri_chair_64_b_6_0":{"source":"ads_capri_chair_64_b_0_0","x":40,"y":59,"flipH":true},"ads_capri_chair_64_sd_2_0":{"x":29,"y":-1},"ads_capri_chair_64_sd_0_0":{"x":30,"y":3}},"visualization":{"layerCount":2,"angle":45,"layers":{"1":{"z":500.0}},"directions":{"0":{},"2":{},"4":{},"6":{}}}}