{"type":"furniture","name":"ads_idol_tele","visualizationType":"furniture_animated","logicType":"furniture_multistate","spritesheet":"ads_idol_tele_spritesheet.json","dimensions":{"x":1.0,"y":1.0,"z":0.0},"directions":[0,90,180,270],"assets":{"ads_idol_tele_64_b_6_1":{"x":31,"y":79},"ads_idol_tele_64_b_6_0":{"source":"ads_idol_tele_64_b_4_1","x":-2,"y":67},"ads_idol_tele_64_b_4_1":{"x":-3,"y":43},"ads_idol_tele_64_b_4_0":{"source":"ads_idol_tele_64_b_4_1","x":-3,"y":97},"ads_idol_tele_64_b_2_1":{"source":"ads_idol_tele_64_b_4_1","x":-3,"y":43,"flipH":true},"ads_idol_tele_64_b_2_0":{"source":"ads_idol_tele_64_b_4_1","x":-3,"y":97,"flipH":true},"ads_idol_tele_64_a_0_0":{"source":"ads_idol_tele_64_b_4_1","x":-2,"y":67,"flipH":true},"ads_idol_tele_64_b_0_1":{"source":"ads_idol_tele_64_b_6_1","x":31,"y":79,"flipH":true},"ads_idol_tele_64_b_0_0":{"source":"ads_idol_tele_64_b_4_1","x":-2,"y":67,"flipH":true},"ads_idol_tele_64_c_4_0":{"source":"ads_idol_tele_64_b_4_1","x":-3,"y":97},"ads_idol_tele_64_c_2_1":{"source":"ads_idol_tele_64_c_4_1","x":-4,"y":79,"flipH":true},"ads_idol_tele_64_c_6_0":{"source":"ads_idol_tele_64_b_4_1","x":-2,"y":67},"ads_idol_tele_64_c_4_1":{"x":-4,"y":79},"ads_idol_tele_64_c_0_0":{"source":"ads_idol_tele_64_b_4_1","x":-2,"y":67,"flipH":true},"ads_idol_tele_icon_a":{"x":6,"y":16},"ads_idol_tele_64_c_2_0":{"source":"ads_idol_tele_64_b_4_1","x":-3,"y":97,"flipH":true},"ads_idol_tele_64_c_0_1":{"source":"ads_idol_tele_64_c_6_1","x":36,"y":87,"flipH":true},"ads_idol_tele_64_c_6_1":{"x":36,"y":87},"ads_idol_tele_64_d_0_1":{"source":"ads_idol_tele_64_d_6_1","x":2,"y":87,"flipH":true},"ads_idol_tele_64_d_0_0":{"source":"ads_idol_tele_64_d_6_1","x":2,"y":87,"flipH":true},"ads_idol_tele_64_d_4_1":{"x":1,"y":87},"ads_idol_tele_64_d_4_0":{"source":"ads_idol_tele_64_b_4_1","x":-3,"y":97},"ads_idol_tele_64_d_2_1":{"source":"ads_idol_tele_64_d_4_1","x":1,"y":87,"flipH":true},"ads_idol_tele_64_d_2_0":{"source":"ads_idol_tele_64_b_4_1","x":-3,"y":97,"flipH":true},"ads_idol_tele_64_d_6_0":{"source":"ads_idol_tele_64_d_6_1","x":2,"y":87},"ads_idol_tele_64_d_6_1":{"x":2,"y":87},"ads_idol_tele_64_a_2_0":{"source":"ads_idol_tele_64_a_4_0","x":1,"y":103,"flipH":true},"ads_idol_tele_64_a_0_1":{"source":"ads_idol_tele_64_a_6_1","x":26,"y":50,"flipH":true},"ads_idol_tele_64_a_4_0":{"x":1,"y":103},"ads_idol_tele_64_a_2_1":{"source":"ads_idol_tele_64_a_4_1","x":0,"y":103,"flipH":true},"ads_idol_tele_64_a_6_0":{"source":"ads_idol_tele_64_b_4_1","x":-2,"y":67},"ads_idol_tele_64_a_4_1":{"x":0,"y":103},"ads_idol_tele_64_a_6_1":{"x":26,"y":50}},"visualization":{"layerCount":4,"angle":45,"layers":{"1":{"alpha":204,"z":540.0},"2":{"alpha":204,"z":540.0},"3":{"z":540.0}},"directions":{"0":{"layers":{"0":{"z":540.0}}},"2":{},"4":{},"6":{"layers":{"0":{"z":540.0}}}},"animations":{"0":{"layers":{"0":{"frameSequences":{"0":{"frames":{"0":{"id":0}}}}},"1":{"frameSequences":{"0":{"frames":{"0":{"id":0}}}}},"2":{"frameSequences":{"0":{"frames":{"0":{"id":0}}}}},"3":{"frameSequences":{"0":{"frames":{"0":{"id":0}}}}}}},"1":{"layers":{"0":{"frameSequences":{"0":{"frames":{"0":{"id":1}}}}},"1":{"frameSequences":{"0":{"frames":{"0":{"id":1}}}}},"2":{"frameSequences":{"0":{"frames":{"0":{"id":1}}}}},"3":{"frameSequences":{"0":{"frames":{"0":{"id":1}}}}}}},"2":{"layers":{"0":{"frameSequences":{"0":{"frames":{"0":{"id":1}}}}},"1":{"frameSequences":{"0":{"frames":{"0":{"id":1}}}}},"2":{"frameSequences":{"0":{"frames":{"0":{"id":1}}}}},"3":{"frameSequences":{"0":{"frames":{"0":{"id":1}}}}}}}}}}