{"meta":{"app":"FFConverter ~ Joopie","format":"RGBA8888","image":"ads_frank_trophy.png","scale":"1.0","size":{"w":128,"h":256},"version":"1.0"},"frames":{"ads_frank_trophy_ads_frank_trophy_64_a_4_0.png":{"frame":{"x":2,"y":33,"w":44,"h":201},"sourceSize":{"w":44,"h":201},"spriteSourceSize":{"x":0,"y":0,"w":44,"h":201},"rotated":false,"trimmed":false},"ads_frank_trophy_ads_frank_trophy_icon_a.png":{"frame":{"x":2,"y":2,"w":20,"h":29},"sourceSize":{"w":20,"h":29},"spriteSourceSize":{"x":0,"y":0,"w":20,"h":29},"rotated":false,"trimmed":false},"ads_frank_trophy_ads_frank_trophy_64_a_2_0.png":{"frame":{"x":48,"y":33,"w":44,"h":201},"sourceSize":{"w":44,"h":201},"spriteSourceSize":{"x":0,"y":0,"w":44,"h":201},"rotated":false,"trimmed":false}}}