{"type":"furniture","name":"anc_hot_sands","visualizationType":"furniture_static","logicType":"furniture_basic","spritesheet":"anc_hot_sands_spritesheet.json","dimensions":{"x":2.0,"y":2.0,"z":0.0},"directions":[0,90,180,270],"assets":{"anc_hot_sands_64_a_0_0":{"source":"anc_hot_sands_64_a_4_0","x":64,"y":21},"anc_hot_sands_64_a_2_0":{"source":"anc_hot_sands_64_a_6_0","x":64,"y":21},"anc_hot_sands_64_b_0_0":{"x":63,"y":20},"anc_hot_sands_64_b_4_0":{"x":63,"y":20},"anc_hot_sands_64_b_2_0":{"x":63,"y":20},"anc_hot_sands_64_a_4_0":{"x":64,"y":21},"anc_hot_sands_icon_a":{"x":14,"y":8},"anc_hot_sands_64_a_6_0":{"x":64,"y":21},"anc_hot_sands_64_b_6_0":{"x":63,"y":20}},"visualization":{"layerCount":2,"angle":45,"layers":{"0":{"z":-13100.0},"1":{"z":-9020.0}},"directions":{"0":{},"2":{},"4":{},"6":{}}}}