{"meta":{"app":"FFConverter ~ Joopie","format":"RGBA8888","image":"anc_hot_sands.png","scale":"1.0","size":{"w":1024,"h":128},"version":"1.0"},"frames":{"anc_hot_sands_anc_hot_sands_64_b_2_0.png":{"frame":{"x":264,"y":23,"w":127,"h":68},"sourceSize":{"w":127,"h":68},"spriteSourceSize":{"x":0,"y":0,"w":127,"h":68},"rotated":false,"trimmed":false},"anc_hot_sands_anc_hot_sands_64_a_6_0.png":{"frame":{"x":2,"y":21,"w":129,"h":70},"sourceSize":{"w":129,"h":70},"spriteSourceSize":{"x":0,"y":0,"w":129,"h":70},"rotated":false,"trimmed":false},"anc_hot_sands_anc_hot_sands_64_a_4_0.png":{"frame":{"x":133,"y":21,"w":129,"h":70},"sourceSize":{"w":129,"h":70},"spriteSourceSize":{"x":0,"y":0,"w":129,"h":70},"rotated":false,"trimmed":false},"anc_hot_sands_anc_hot_sands_64_b_6_0.png":{"frame":{"x":522,"y":23,"w":127,"h":68},"sourceSize":{"w":127,"h":68},"spriteSourceSize":{"x":0,"y":0,"w":127,"h":68},"rotated":false,"trimmed":false},"anc_hot_sands_anc_hot_sands_64_b_4_0.png":{"frame":{"x":393,"y":23,"w":127,"h":68},"sourceSize":{"w":127,"h":68},"spriteSourceSize":{"x":0,"y":0,"w":127,"h":68},"rotated":false,"trimmed":false},"anc_hot_sands_anc_hot_sands_icon_a.png":{"frame":{"x":2,"y":2,"w":29,"h":17},"sourceSize":{"w":29,"h":17},"spriteSourceSize":{"x":0,"y":0,"w":29,"h":17},"rotated":false,"trimmed":false},"anc_hot_sands_anc_hot_sands_64_b_0_0.png":{"frame":{"x":651,"y":23,"w":127,"h":68},"sourceSize":{"w":127,"h":68},"spriteSourceSize":{"x":0,"y":0,"w":127,"h":68},"rotated":false,"trimmed":false}}}