{"meta":{"app":"FFConverter ~ Joopie","format":"RGBA8888","image":"african_tree2.png","scale":"1.0","size":{"w":256,"h":1024},"version":"1.0"},"frames":{"african_tree2_african_tree2_64_a_0_3.png":{"frame":{"x":2,"y":683,"w":153,"h":265},"sourceSize":{"w":153,"h":265},"spriteSourceSize":{"x":0,"y":0,"w":153,"h":265},"rotated":false,"trimmed":false},"african_tree2_african_tree2_64_a_0_2.png":{"frame":{"x":2,"y":436,"w":153,"h":245},"sourceSize":{"w":153,"h":245},"spriteSourceSize":{"x":0,"y":0,"w":153,"h":245},"rotated":false,"trimmed":false},"african_tree2_african_tree2_icon_a.png":{"frame":{"x":157,"y":918,"w":29,"h":30},"sourceSize":{"w":29,"h":30},"spriteSourceSize":{"x":0,"y":0,"w":29,"h":30},"rotated":false,"trimmed":false},"african_tree2_african_tree2_64_a_0_0.png":{"frame":{"x":2,"y":2,"w":153,"h":205},"sourceSize":{"w":153,"h":205},"spriteSourceSize":{"x":0,"y":0,"w":153,"h":205},"rotated":false,"trimmed":false},"african_tree2_african_tree2_64_a_0_1.png":{"frame":{"x":2,"y":209,"w":153,"h":225},"sourceSize":{"w":153,"h":225},"spriteSourceSize":{"x":0,"y":0,"w":153,"h":225},"rotated":false,"trimmed":false}}}