{"type":"furniture","name":"african_tree2","visualizationType":"furniture_animated","logicType":"furniture_multistate","spritesheet":"african_tree2_spritesheet.json","dimensions":{"x":1.0,"y":1.0,"z":1.0},"directions":[0,90],"assets":{"african_tree2_64_a_0_3":{"x":77,"y":255},"african_tree2_64_a_2_1":{"source":"african_tree2_64_a_0_1","x":77,"y":215,"flipH":true},"african_tree2_64_a_0_2":{"x":77,"y":235},"african_tree2_64_a_2_0":{"source":"african_tree2_64_a_0_0","x":77,"y":195,"flipH":true},"african_tree2_64_a_0_1":{"x":77,"y":215},"african_tree2_64_a_0_0":{"x":77,"y":195},"african_tree2_64_a_2_3":{"source":"african_tree2_64_a_0_3","x":77,"y":255,"flipH":true},"african_tree2_64_a_2_2":{"source":"african_tree2_64_a_0_2","x":77,"y":235,"flipH":true},"african_tree2_icon_a":{"x":13,"y":14}},"visualization":{"layerCount":1,"angle":45,"directions":{"0":{},"2":{}},"animations":{"0":{"layers":{"0":{"frameSequences":{"0":{"frames":{"0":{"id":0}}}}}}},"1":{"layers":{"0":{"frameSequences":{"0":{"frames":{"0":{"id":1}}}}}}},"2":{"layers":{"0":{"frameSequences":{"0":{"frames":{"0":{"id":2}}}}}}},"3":{"layers":{"0":{"frameSequences":{"0":{"frames":{"0":{"id":3}}}}}}}}}}