{"type":"furniture","name":"ads_twi_dvdr1","visualizationType":"furniture_static","logicType":"furniture_basic","spritesheet":"ads_twi_dvdr1_spritesheet.json","dimensions":{"x":2.0,"y":1.0,"z":0.0},"directions":[0,90],"assets":{"ads_twi_dvdr1_icon_a":{"x":13,"y":15},"ads_twi_dvdr1_64_b_2_0":{"source":"ads_twi_dvdr1_64_b_0_0","x":-9,"y":37,"flipH":true},"ads_twi_dvdr1_64_b_0_0":{"x":-9,"y":37},"ads_twi_dvdr1_64_a_0_0":{"x":23,"y":56},"ads_twi_dvdr1_64_a_2_0":{"source":"ads_twi_dvdr1_64_a_0_0","x":23,"y":56,"flipH":true}},"visualization":{"layerCount":2,"angle":45,"layers":{"1":{"z":1000.0}},"directions":{"0":{},"2":{}}}}