{"meta":{"app":"FFConverter ~ Joopie","format":"RGBA8888","image":"ads_twi_dvdr1.png","scale":"1.0","size":{"w":64,"h":256},"version":"1.0"},"frames":{"ads_twi_dvdr1_ads_twi_dvdr1_64_b_0_0.png":{"frame":{"x":2,"y":103,"w":46,"h":65},"sourceSize":{"w":46,"h":65},"spriteSourceSize":{"x":0,"y":0,"w":46,"h":65},"rotated":false,"trimmed":false},"ads_twi_dvdr1_ads_twi_dvdr1_icon_a.png":{"frame":{"x":2,"y":2,"w":26,"h":30},"sourceSize":{"w":26,"h":30},"spriteSourceSize":{"x":0,"y":0,"w":26,"h":30},"rotated":false,"trimmed":false},"ads_twi_dvdr1_ads_twi_dvdr1_64_a_0_0.png":{"frame":{"x":2,"y":34,"w":44,"h":67},"sourceSize":{"w":44,"h":67},"spriteSourceSize":{"x":0,"y":0,"w":44,"h":67},"rotated":false,"trimmed":false}}}