{"type":"furniture","name":"ads_vpiggy_pig","visualizationType":"furniture_static","logicType":"furniture_basic","spritesheet":"ads_vpiggy_pig_spritesheet.json","dimensions":{"x":1.0,"y":1.0,"z":1.0},"directions":[0,90],"assets":{"ads_vpiggy_pig_64_sd_0_0":{"x":14,"y":5},"ads_vpiggy_pig_64_a_2_0":{"source":"ads_vpiggy_pig_64_a_0_0","x":19,"y":29,"flipH":true},"ads_vpiggy_pig_64_sd_2_0":{"source":"ads_vpiggy_pig_64_sd_0_0","x":14,"y":5,"flipH":true},"ads_vpiggy_pig_64_a_0_0":{"x":19,"y":29},"ads_vpiggy_pig_icon_a":{"x":10,"y":9}},"visualization":{"layerCount":1,"angle":45,"directions":{"0":{},"2":{}}}}