{"meta":{"app":"FFConverter ~ Joopie","format":"RGBA8888","image":"ads_vpiggy_pig.png","scale":"1.0","size":{"w":128,"h":64},"version":"1.0"},"frames":{"ads_vpiggy_pig_ads_vpiggy_pig_64_sd_0_0.png":{"frame":{"x":2,"y":2,"w":28,"h":14},"sourceSize":{"w":28,"h":14},"spriteSourceSize":{"x":0,"y":0,"w":28,"h":14},"rotated":false,"trimmed":false},"ads_vpiggy_pig_ads_vpiggy_pig_64_a_0_0.png":{"frame":{"x":2,"y":18,"w":39,"h":40},"sourceSize":{"w":39,"h":40},"spriteSourceSize":{"x":0,"y":0,"w":39,"h":40},"rotated":false,"trimmed":false},"ads_vpiggy_pig_ads_vpiggy_pig_icon_a.png":{"frame":{"x":43,"y":37,"w":21,"h":21},"sourceSize":{"w":21,"h":21},"spriteSourceSize":{"x":0,"y":0,"w":21,"h":21},"rotated":false,"trimmed":false}}}