{"type":"furniture","name":"ads_ag_crate","visualizationType":"furniture_static","logicType":"furniture_basic","spritesheet":"ads_ag_crate_spritesheet.json","dimensions":{"x":2.0,"y":1.0,"z":1.0},"directions":[0,90],"assets":{"ads_ag_crate_icon_a":{"x":13,"y":13},"ads_ag_crate_64_b_0_0":{"x":-2,"y":36},"ads_ag_crate_64_a_2_0":{"x":28,"y":61},"ads_ag_crate_64_b_2_0":{"x":65,"y":36},"ads_ag_crate_64_a_0_0":{"x":33,"y":61}},"visualization":{"layerCount":2,"angle":45,"layers":{"1":{"z":1000.0}},"directions":{"0":{},"2":{}}}}