{"meta":{"app":"FFConverter ~ Joopie","format":"RGBA8888","image":"ads_ag_crate.png","scale":"1.0","size":{"w":128,"h":256},"version":"1.0"},"frames":{"ads_ag_crate_ads_ag_crate_64_b_2_0.png":{"frame":{"x":2,"y":82,"w":63,"h":68},"sourceSize":{"w":63,"h":68},"spriteSourceSize":{"x":0,"y":0,"w":63,"h":68},"rotated":false,"trimmed":false},"ads_ag_crate_ads_ag_crate_64_b_0_0.png":{"frame":{"x":32,"y":152,"w":63,"h":68},"sourceSize":{"w":63,"h":68},"spriteSourceSize":{"x":0,"y":0,"w":63,"h":68},"rotated":false,"trimmed":false},"ads_ag_crate_ads_ag_crate_64_a_0_0.png":{"frame":{"x":65,"y":2,"w":60,"h":78},"sourceSize":{"w":60,"h":78},"spriteSourceSize":{"x":0,"y":0,"w":60,"h":78},"rotated":false,"trimmed":false},"ads_ag_crate_ads_ag_crate_icon_a.png":{"frame":{"x":2,"y":191,"w":28,"h":29},"sourceSize":{"w":28,"h":29},"spriteSourceSize":{"x":0,"y":0,"w":28,"h":29},"rotated":false,"trimmed":false},"ads_ag_crate_ads_ag_crate_64_a_2_0.png":{"frame":{"x":2,"y":2,"w":61,"h":78},"sourceSize":{"w":61,"h":78},"spriteSourceSize":{"x":0,"y":0,"w":61,"h":78},"rotated":false,"trimmed":false}}}