{"type":"furniture","name":"ads_mirror","visualizationType":"furniture_animated","logicType":"furniture_multistate","spritesheet":"ads_mirror_spritesheet.json","dimensions":{"x":1.25,"y":0.2,"z":2.2813},"directions":[90,180],"assets":{"ads_mirror_64_b_2_0":{"x":24,"y":-37},"ads_mirror_64_c_2_0":{"x":24,"y":-36},"ads_mirror_icon_a":{"x":9,"y":15},"ads_mirror_64_a_2_0":{"x":24,"y":40},"ads_mirror_64_c_4_0":{"source":"ads_mirror_64_c_2_0","x":24,"y":-36,"flipH":true},"ads_mirror_64_c_2_1":{"x":24,"y":40},"ads_mirror_64_a_4_0":{"x":24,"y":40},"ads_mirror_64_b_4_0":{"source":"ads_mirror_64_b_2_0","x":24,"y":-37,"flipH":true},"ads_mirror_64_c_4_1":{"source":"ads_mirror_64_c_2_1","x":24,"y":40,"flipH":true}},"visualization":{"layerCount":3,"angle":45,"layers":{"0":{"z":-3000.0},"1":{"alpha":41,"z":-3000.0},"2":{"z":-3000.0,"ink":"ADD"}},"directions":{"2":{},"4":{}},"animations":{"0":{"layers":{"0":{"frameSequences":{"0":{"frames":{"0":{"id":0}}}}},"1":{"frameSequences":{"0":{"frames":{"0":{"id":0}}}}},"2":{"frameSequences":{"0":{"frames":{"0":{"id":0}}}}}}},"1":{"layers":{"2":{"frameSequences":{"0":{"frames":{"0":{"id":1}}}}}}}}}}