{"type":"furniture","name":"ads_clcake","visualizationType":"furniture_static","logicType":"furniture_basic","spritesheet":"ads_clcake_spritesheet.json","dimensions":{"x":1.0,"y":1.0,"z":0.0},"directions":[0,90],"assets":{"ads_clcake_64_c_2_0":{"source":"ads_clcake_64_c_0_0","x":10,"y":67,"flipH":true},"ads_clcake_64_c_0_0":{"x":10,"y":67},"ads_clcake_icon_a":{"x":7,"y":14},"ads_clcake_64_a_2_0":{"source":"ads_clcake_64_a_0_0","x":15,"y":98,"flipH":true},"ads_clcake_64_b_0_0":{"x":24,"y":59},"ads_clcake_64_a_0_0":{"x":15,"y":98},"ads_clcake_64_b_2_0":{"source":"ads_clcake_64_b_0_0","x":24,"y":59,"flipH":true}},"visualization":{"layerCount":3,"angle":45,"layers":{"2":{"alpha":128}},"directions":{"0":{},"2":{}}}}