{"meta":{"app":"FFConverter ~ Joopie","format":"RGBA8888","image":"ads_clcake.png","scale":"1.0","size":{"w":64,"h":256},"version":"1.0"},"frames":{"ads_clcake_ads_clcake_icon_a.png":{"frame":{"x":2,"y":2,"w":16,"h":32},"sourceSize":{"w":16,"h":32},"spriteSourceSize":{"x":0,"y":0,"w":16,"h":32},"rotated":false,"trimmed":false},"ads_clcake_ads_clcake_64_c_0_0.png":{"frame":{"x":34,"y":51,"w":21,"h":24},"sourceSize":{"w":21,"h":24},"spriteSourceSize":{"x":0,"y":0,"w":21,"h":24},"rotated":false,"trimmed":false},"ads_clcake_ads_clcake_64_b_0_0.png":{"frame":{"x":2,"y":77,"w":48,"h":73},"sourceSize":{"w":48,"h":73},"spriteSourceSize":{"x":0,"y":0,"w":48,"h":73},"rotated":false,"trimmed":false},"ads_clcake_ads_clcake_64_a_0_0.png":{"frame":{"x":2,"y":36,"w":30,"h":39},"sourceSize":{"w":30,"h":39},"spriteSourceSize":{"x":0,"y":0,"w":30,"h":39},"rotated":false,"trimmed":false}}}