{"meta":{"app":"FFConverter ~ Joopie","format":"RGBA8888","image":"ads_nick_faketile.png","scale":"1.0","size":{"w":128,"h":64},"version":"1.0"},"frames":{"ads_nick_faketile_ads_nick_faketile_icon_a.png":{"frame":{"x":70,"y":5,"w":30,"h":30},"sourceSize":{"w":30,"h":30},"spriteSourceSize":{"x":0,"y":0,"w":30,"h":30},"rotated":false,"trimmed":false},"ads_nick_faketile_ads_nick_faketile_64_a_0_0.png":{"frame":{"x":2,"y":2,"w":66,"h":33},"sourceSize":{"w":66,"h":33},"spriteSourceSize":{"x":0,"y":0,"w":66,"h":33},"rotated":false,"trimmed":false}}}