{"type":"furniture","name":"ads_nick_faketile","visualizationType":"furniture_animated","logicType":"furniture_multistate","spritesheet":"ads_nick_faketile_spritesheet.json","dimensions":{"x":1.0,"y":1.0,"z":1.0E-6},"directions":[0],"assets":{"ads_nick_faketile_icon_a":{"x":14,"y":14},"ads_nick_faketile_64_a_0_1":{"source":"ads_nick_faketile_64_a_0_0","x":33,"y":16,"flipH":true},"ads_nick_faketile_64_a_0_0":{"x":33,"y":16}},"visualization":{"layerCount":1,"angle":45,"layers":{"0":{"alpha":8,"ink":"COPY"}},"directions":{"0":{}},"animations":{"0":{"layers":{}},"1":{"layers":{"0":{"frameSequences":{"0":{"frames":{"0":{"id":1}}}}}}}}}}