{"meta":{"app":"FFConverter ~ Joopie","format":"RGBA8888","image":"ads_mtv_floor.png","scale":"1.0","size":{"w":1024,"h":256},"version":"1.0"},"frames":{"ads_mtv_floor_ads_mtv_floor_icon_a.png":{"frame":{"x":2,"y":2,"w":30,"h":24},"sourceSize":{"w":30,"h":24},"spriteSourceSize":{"x":0,"y":0,"w":30,"h":24},"rotated":false,"trimmed":false},"ads_mtv_floor_ads_mtv_floor_64_a_4_0.png":{"frame":{"x":440,"y":18,"w":415,"h":220},"sourceSize":{"w":415,"h":220},"spriteSourceSize":{"x":0,"y":0,"w":415,"h":220},"rotated":false,"trimmed":false},"ads_mtv_floor_ads_mtv_floor_64_a_2_0.png":{"frame":{"x":2,"y":28,"w":436,"h":210},"sourceSize":{"w":436,"h":210},"spriteSourceSize":{"x":0,"y":0,"w":436,"h":210},"rotated":false,"trimmed":false}}}