{"meta":{"app":"FFConverter ~ Joopie","format":"RGBA8888","image":"ads_malaco_tv.png","scale":"1.0","size":{"w":2048,"h":256},"version":"1.0"},"frames":{"ads_malaco_tv_ads_malaco_tv_64_a_2_14.png":{"frame":{"x":1442,"y":139,"w":78,"h":92},"sourceSize":{"w":78,"h":92},"spriteSourceSize":{"x":0,"y":0,"w":78,"h":92},"rotated":false,"trimmed":false},"ads_malaco_tv_ads_malaco_tv_64_a_2_3.png":{"frame":{"x":482,"y":45,"w":78,"h":92},"sourceSize":{"w":78,"h":92},"spriteSourceSize":{"x":0,"y":0,"w":78,"h":92},"rotated":false,"trimmed":false},"ads_malaco_tv_ads_malaco_tv_64_a_4_14.png":{"frame":{"x":1202,"y":139,"w":78,"h":92},"sourceSize":{"w":78,"h":92},"spriteSourceSize":{"x":0,"y":0,"w":78,"h":92},"rotated":false,"trimmed":false},"ads_malaco_tv_ads_malaco_tv_64_a_4_2.png":{"frame":{"x":562,"y":139,"w":78,"h":92},"sourceSize":{"w":78,"h":92},"spriteSourceSize":{"x":0,"y":0,"w":78,"h":92},"rotated":false,"trimmed":false},"ads_malaco_tv_ads_malaco_tv_64_a_4_7.png":{"frame":{"x":322,"y":2,"w":78,"h":92},"sourceSize":{"w":78,"h":92},"spriteSourceSize":{"x":0,"y":0,"w":78,"h":92},"rotated":false,"trimmed":false},"ads_malaco_tv_ads_malaco_tv_64_a_2_8.png":{"frame":{"x":722,"y":45,"w":78,"h":92},"sourceSize":{"w":78,"h":92},"spriteSourceSize":{"x":0,"y":0,"w":78,"h":92},"rotated":false,"trimmed":false},"ads_malaco_tv_ads_malaco_tv_64_a_2_10.png":{"frame":{"x":1042,"y":45,"w":78,"h":92},"sourceSize":{"w":78,"h":92},"spriteSourceSize":{"x":0,"y":0,"w":78,"h":92},"rotated":false,"trimmed":false},"ads_malaco_tv_ads_malaco_tv_64_a_4_10.png":{"frame":{"x":1362,"y":139,"w":78,"h":92},"sourceSize":{"w":78,"h":92},"spriteSourceSize":{"x":0,"y":0,"w":78,"h":92},"rotated":false,"trimmed":false},"ads_malaco_tv_ads_malaco_tv_64_a_4_15.png":{"frame":{"x":802,"y":45,"w":78,"h":92},"sourceSize":{"w":78,"h":92},"spriteSourceSize":{"x":0,"y":0,"w":78,"h":92},"rotated":false,"trimmed":false},"ads_malaco_tv_ads_malaco_tv_64_a_2_4.png":{"frame":{"x":882,"y":139,"w":78,"h":92},"sourceSize":{"w":78,"h":92},"spriteSourceSize":{"x":0,"y":0,"w":78,"h":92},"rotated":false,"trimmed":false},"ads_malaco_tv_ads_malaco_tv_64_a_2_15.png":{"frame":{"x":1282,"y":45,"w":78,"h":92},"sourceSize":{"w":78,"h":92},"spriteSourceSize":{"x":0,"y":0,"w":78,"h":92},"rotated":false,"trimmed":false},"ads_malaco_tv_ads_malaco_tv_64_a_4_8.png":{"frame":{"x":642,"y":139,"w":78,"h":92},"sourceSize":{"w":78,"h":92},"spriteSourceSize":{"x":0,"y":0,"w":78,"h":92},"rotated":false,"trimmed":false},"ads_malaco_tv_ads_malaco_tv_64_a_2_9.png":{"frame":{"x":1042,"y":139,"w":78,"h":92},"sourceSize":{"w":78,"h":92},"spriteSourceSize":{"x":0,"y":0,"w":78,"h":92},"rotated":false,"trimmed":false},"ads_malaco_tv_ads_malaco_tv_64_a_2_11.png":{"frame":{"x":1202,"y":45,"w":78,"h":92},"sourceSize":{"w":78,"h":92},"spriteSourceSize":{"x":0,"y":0,"w":78,"h":92},"rotated":false,"trimmed":false},"ads_malaco_tv_ads_malaco_tv_64_a_4_3.png":{"frame":{"x":82,"y":2,"w":78,"h":92},"sourceSize":{"w":78,"h":92},"spriteSourceSize":{"x":0,"y":0,"w":78,"h":92},"rotated":false,"trimmed":false},"ads_malaco_tv_ads_malaco_tv_64_a_4_11.png":{"frame":{"x":962,"y":45,"w":78,"h":92},"sourceSize":{"w":78,"h":92},"spriteSourceSize":{"x":0,"y":0,"w":78,"h":92},"rotated":false,"trimmed":false},"ads_malaco_tv_ads_malaco_tv_64_c_2_0.png":{"frame":{"x":366,"y":96,"w":114,"h":135},"sourceSize":{"w":114,"h":135},"spriteSourceSize":{"x":0,"y":0,"w":114,"h":135},"rotated":false,"trimmed":false},"ads_malaco_tv_ads_malaco_tv_64_a_4_5.png":{"frame":{"x":2,"y":2,"w":78,"h":92},"sourceSize":{"w":78,"h":92},"spriteSourceSize":{"x":0,"y":0,"w":78,"h":92},"rotated":false,"trimmed":false},"ads_malaco_tv_ads_malaco_tv_64_b_2_0.png":{"frame":{"x":126,"y":96,"w":122,"h":135},"sourceSize":{"w":122,"h":135},"spriteSourceSize":{"x":0,"y":0,"w":122,"h":135},"rotated":false,"trimmed":false},"ads_malaco_tv_ads_malaco_tv_64_a_4_16.png":{"frame":{"x":1122,"y":139,"w":78,"h":92},"sourceSize":{"w":78,"h":92},"spriteSourceSize":{"x":0,"y":0,"w":78,"h":92},"rotated":false,"trimmed":false},"ads_malaco_tv_ads_malaco_tv_64_a_4_9.png":{"frame":{"x":242,"y":2,"w":78,"h":92},"sourceSize":{"w":78,"h":92},"spriteSourceSize":{"x":0,"y":0,"w":78,"h":92},"rotated":false,"trimmed":false},"ads_malaco_tv_ads_malaco_tv_64_a_2_16.png":{"frame":{"x":1602,"y":139,"w":78,"h":92},"sourceSize":{"w":78,"h":92},"spriteSourceSize":{"x":0,"y":0,"w":78,"h":92},"rotated":false,"trimmed":false},"ads_malaco_tv_ads_malaco_tv_64_a_4_12.png":{"frame":{"x":1282,"y":139,"w":78,"h":92},"sourceSize":{"w":78,"h":92},"spriteSourceSize":{"x":0,"y":0,"w":78,"h":92},"rotated":false,"trimmed":false},"ads_malaco_tv_ads_malaco_tv_64_a_4_4.png":{"frame":{"x":482,"y":139,"w":78,"h":92},"sourceSize":{"w":78,"h":92},"spriteSourceSize":{"x":0,"y":0,"w":78,"h":92},"rotated":false,"trimmed":false},"ads_malaco_tv_ads_malaco_tv_64_a_2_5.png":{"frame":{"x":562,"y":45,"w":78,"h":92},"sourceSize":{"w":78,"h":92},"spriteSourceSize":{"x":0,"y":0,"w":78,"h":92},"rotated":false,"trimmed":false},"ads_malaco_tv_ads_malaco_tv_64_b_4_0.png":{"frame":{"x":2,"y":96,"w":122,"h":135},"sourceSize":{"w":122,"h":135},"spriteSourceSize":{"x":0,"y":0,"w":122,"h":135},"rotated":false,"trimmed":false},"ads_malaco_tv_ads_malaco_tv_64_a_2_1.png":{"frame":{"x":802,"y":139,"w":78,"h":92},"sourceSize":{"w":78,"h":92},"spriteSourceSize":{"x":0,"y":0,"w":78,"h":92},"rotated":false,"trimmed":false},"ads_malaco_tv_ads_malaco_tv_64_a_2_12.png":{"frame":{"x":1522,"y":139,"w":78,"h":92},"sourceSize":{"w":78,"h":92},"spriteSourceSize":{"x":0,"y":0,"w":78,"h":92},"rotated":false,"trimmed":false},"ads_malaco_tv_ads_malaco_tv_64_a_4_0.png":{"frame":{"x":1682,"y":178,"w":106,"h":53},"sourceSize":{"w":106,"h":53},"spriteSourceSize":{"x":0,"y":0,"w":106,"h":53},"rotated":false,"trimmed":false},"ads_malaco_tv_ads_malaco_tv_64_a_4_1.png":{"frame":{"x":162,"y":2,"w":78,"h":92},"sourceSize":{"w":78,"h":92},"spriteSourceSize":{"x":0,"y":0,"w":78,"h":92},"rotated":false,"trimmed":false},"ads_malaco_tv_ads_malaco_tv_icon_a.png":{"frame":{"x":482,"y":12,"w":28,"h":31},"sourceSize":{"w":28,"h":31},"spriteSourceSize":{"x":0,"y":0,"w":28,"h":31},"rotated":false,"trimmed":false},"ads_malaco_tv_ads_malaco_tv_64_a_2_13.png":{"frame":{"x":1122,"y":45,"w":78,"h":92},"sourceSize":{"w":78,"h":92},"spriteSourceSize":{"x":0,"y":0,"w":78,"h":92},"rotated":false,"trimmed":false},"ads_malaco_tv_ads_malaco_tv_64_a_2_2.png":{"frame":{"x":402,"y":2,"w":78,"h":92},"sourceSize":{"w":78,"h":92},"spriteSourceSize":{"x":0,"y":0,"w":78,"h":92},"rotated":false,"trimmed":false},"ads_malaco_tv_ads_malaco_tv_64_a_2_7.png":{"frame":{"x":642,"y":45,"w":78,"h":92},"sourceSize":{"w":78,"h":92},"spriteSourceSize":{"x":0,"y":0,"w":78,"h":92},"rotated":false,"trimmed":false},"ads_malaco_tv_ads_malaco_tv_64_c_4_0.png":{"frame":{"x":250,"y":96,"w":114,"h":135},"sourceSize":{"w":114,"h":135},"spriteSourceSize":{"x":0,"y":0,"w":114,"h":135},"rotated":false,"trimmed":false},"ads_malaco_tv_ads_malaco_tv_64_a_4_6.png":{"frame":{"x":722,"y":139,"w":78,"h":92},"sourceSize":{"w":78,"h":92},"spriteSourceSize":{"x":0,"y":0,"w":78,"h":92},"rotated":false,"trimmed":false},"ads_malaco_tv_ads_malaco_tv_64_a_2_6.png":{"frame":{"x":962,"y":139,"w":78,"h":92},"sourceSize":{"w":78,"h":92},"spriteSourceSize":{"x":0,"y":0,"w":78,"h":92},"rotated":false,"trimmed":false},"ads_malaco_tv_ads_malaco_tv_64_a_4_13.png":{"frame":{"x":882,"y":45,"w":78,"h":92},"sourceSize":{"w":78,"h":92},"spriteSourceSize":{"x":0,"y":0,"w":78,"h":92},"rotated":false,"trimmed":false}}}