{"type":"furniture","name":"ads_malaco_tv","visualizationType":"furniture_animated","logicType":"furniture_multistate","spritesheet":"ads_malaco_tv_spritesheet.json","dimensions":{"x":2.4375,"y":0.2,"z":1.6563},"directions":[90,180],"assets":{"ads_malaco_tv_64_a_2_1":{"x":48,"y":44},"ads_malaco_tv_64_a_2_6":{"x":48,"y":44},"ads_malaco_tv_64_a_4_4":{"x":45,"y":46},"ads_malaco_tv_64_a_2_7":{"x":48,"y":44},"ads_malaco_tv_64_a_4_5":{"x":45,"y":46},"ads_malaco_tv_64_a_2_8":{"x":48,"y":44},"ads_malaco_tv_64_a_4_6":{"x":45,"y":46},"ads_malaco_tv_icon_a":{"x":14,"y":13},"ads_malaco_tv_64_a_2_9":{"x":48,"y":44},"ads_malaco_tv_64_a_4_7":{"x":45,"y":46},"ads_malaco_tv_64_a_2_2":{"x":48,"y":44},"ads_malaco_tv_64_a_4_0":{"x":60,"y":-14},"ads_malaco_tv_64_a_2_3":{"x":48,"y":44},"ads_malaco_tv_64_a_4_1":{"x":45,"y":46},"ads_malaco_tv_64_a_2_4":{"x":48,"y":44},"ads_malaco_tv_64_a_4_2":{"x":45,"y":46},"ads_malaco_tv_64_a_2_5":{"x":48,"y":44},"ads_malaco_tv_64_a_4_3":{"x":45,"y":46},"ads_malaco_tv_64_a_4_8":{"x":45,"y":46},"ads_malaco_tv_64_b_2_0":{"x":77,"y":66},"ads_malaco_tv_64_a_4_10":{"x":45,"y":46},"ads_malaco_tv_64_a_4_9":{"x":45,"y":46},"ads_malaco_tv_64_a_2_10":{"x":48,"y":44},"ads_malaco_tv_64_a_4_13":{"x":45,"y":46},"ads_malaco_tv_64_a_4_14":{"x":45,"y":46},"ads_malaco_tv_64_a_2_12":{"x":48,"y":44},"ads_malaco_tv_64_a_4_11":{"x":45,"y":46},"ads_malaco_tv_64_a_2_11":{"x":48,"y":44},"ads_malaco_tv_64_a_4_12":{"x":45,"y":46},"ads_malaco_tv_64_b_4_0":{"x":60,"y":68},"ads_malaco_tv_64_a_2_14":{"x":48,"y":44},"ads_malaco_tv_64_a_2_13":{"x":48,"y":44},"ads_malaco_tv_64_a_2_16":{"x":48,"y":44},"ads_malaco_tv_64_a_4_15":{"x":45,"y":46},"ads_malaco_tv_64_a_2_15":{"x":48,"y":44},"ads_malaco_tv_64_a_4_16":{"x":45,"y":46},"ads_malaco_tv_64_c_2_0":{"x":78,"y":60},"ads_malaco_tv_64_c_4_0":{"x":51,"y":62}},"visualization":{"layerCount":3,"angle":45,"layers":{"0":{"z":-2990.0},"1":{"z":-2995.0},"2":{"alpha":41,"z":-3000.0}},"directions":{"2":{},"4":{}},"animations":{"0":{"layers":{"0":{"loopCount":0,"frameRepeat":3,"frameSequences":{"0":{"frames":{"0":{"id":1},"1":{"id":2},"2":{"id":3},"3":{"id":4},"4":{"id":5},"5":{"id":6},"6":{"id":6},"7":{"id":6},"8":{"id":6},"9":{"id":6},"10":{"id":6},"11":{"id":6},"12":{"id":6},"13":{"id":7},"14":{"id":7},"15":{"id":7},"16":{"id":8},"17":{"id":8},"18":{"id":8},"19":{"id":8},"20":{"id":8},"21":{"id":8},"22":{"id":8},"23":{"id":8},"24":{"id":8},"25":{"id":8},"26":{"id":8},"27":{"id":8},"28":{"id":9},"29":{"id":9},"30":{"id":9},"31":{"id":9},"32":{"id":9},"33":{"id":9},"34":{"id":9},"35":{"id":10},"36":{"id":11},"37":{"id":12},"38":{"id":13},"39":{"id":14},"40":{"id":15},"41":{"id":15},"42":{"id":15},"43":{"id":15},"44":{"id":15},"45":{"id":15},"46":{"id":15},"47":{"id":16},"48":{"id":16},"49":{"id":16},"50":{"id":8},"51":{"id":8},"52":{"id":8},"53":{"id":8},"54":{"id":8},"55":{"id":8},"56":{"id":8},"57":{"id":8},"58":{"id":8},"59":{"id":8},"60":{"id":8},"61":{"id":8},"62":{"id":9},"63":{"id":9},"64":{"id":9},"65":{"id":9},"66":{"id":9},"67":{"id":9},"68":{"id":9}}}}},"1":{"frameSequences":{"0":{"frames":{"0":{"id":0}}}}},"2":{"frameSequences":{"0":{"frames":{"0":{"id":0}}}}}}}}}}