{"type":"furniture","name":"anc_sunset_wall","visualizationType":"furniture_animated","logicType":"furniture_multistate","spritesheet":"anc_sunset_wall_spritesheet.json","dimensions":{"x":3.0,"y":1.0,"z":3.0},"directions":[90,180],"assets":{"anc_sunset_wall_64_a_4_1":{"source":"anc_sunset_wall_64_a_2_1","x":69,"y":229,"flipH":true},"anc_sunset_wall_64_a_2_1":{"x":69,"y":229},"anc_sunset_wall_64_a_4_0":{"source":"anc_sunset_wall_64_a_2_0","x":76,"y":228,"flipH":true},"anc_sunset_wall_64_a_2_0":{"x":76,"y":228},"anc_sunset_wall_icon_a":{"x":6,"y":15}},"visualization":{"layerCount":1,"angle":45,"layers":{"0":{"z":-10100.0}},"directions":{"2":{},"4":{}},"animations":{"0":{"layers":{"0":{"frameSequences":{"0":{"frames":{"0":{"id":0}}}}}}},"1":{"layers":{"0":{"frameSequences":{"0":{"frames":{"0":{"id":1}}}}}}}}}}