{"meta":{"app":"FFConverter ~ Joopie","format":"RGBA8888","image":"ads_tv_jaapuisto.png","scale":"1.0","size":{"w":4096,"h":512},"version":"1.0"},"frames":{"ads_tv_jaapuisto_ads_tv_jaapuisto_64_c_4_28.png":{"frame":{"x":3245,"y":213,"w":139,"h":145},"sourceSize":{"w":139,"h":145},"spriteSourceSize":{"x":0,"y":0,"w":139,"h":145},"rotated":false,"trimmed":false},"ads_tv_jaapuisto_ads_tv_jaapuisto_64_c_2_3.png":{"frame":{"x":3108,"y":360,"w":139,"h":145},"sourceSize":{"w":139,"h":145},"spriteSourceSize":{"x":0,"y":0,"w":139,"h":145},"rotated":false,"trimmed":false},"ads_tv_jaapuisto_ads_tv_jaapuisto_64_b_4_2.png":{"frame":{"x":2887,"y":36,"w":174,"h":175},"sourceSize":{"w":174,"h":175},"spriteSourceSize":{"x":0,"y":0,"w":174,"h":175},"rotated":false,"trimmed":false},"ads_tv_jaapuisto_ads_tv_jaapuisto_64_c_2_10.png":{"frame":{"x":1835,"y":213,"w":139,"h":145},"sourceSize":{"w":139,"h":145},"spriteSourceSize":{"x":0,"y":0,"w":139,"h":145},"rotated":false,"trimmed":false},"ads_tv_jaapuisto_ads_tv_jaapuisto_64_c_4_10.png":{"frame":{"x":3531,"y":360,"w":139,"h":145},"sourceSize":{"w":139,"h":145},"spriteSourceSize":{"x":0,"y":0,"w":139,"h":145},"rotated":false,"trimmed":false},"ads_tv_jaapuisto_ads_tv_jaapuisto_64_c_4_7.png":{"frame":{"x":711,"y":360,"w":139,"h":145},"sourceSize":{"w":139,"h":145},"spriteSourceSize":{"x":0,"y":0,"w":139,"h":145},"rotated":false,"trimmed":false},"ads_tv_jaapuisto_ads_tv_jaapuisto_64_c_4_19.png":{"frame":{"x":1416,"y":360,"w":139,"h":145},"sourceSize":{"w":139,"h":145},"spriteSourceSize":{"x":0,"y":0,"w":139,"h":145},"rotated":false,"trimmed":false},"ads_tv_jaapuisto_ads_tv_jaapuisto_64_b_4_3.png":{"frame":{"x":3063,"y":36,"w":174,"h":175},"sourceSize":{"w":174,"h":175},"spriteSourceSize":{"x":0,"y":0,"w":174,"h":175},"rotated":false,"trimmed":false},"ads_tv_jaapuisto_ads_tv_jaapuisto_64_c_2_28.png":{"frame":{"x":989,"y":213,"w":139,"h":145},"sourceSize":{"w":139,"h":145},"spriteSourceSize":{"x":0,"y":0,"w":139,"h":145},"rotated":false,"trimmed":false},"ads_tv_jaapuisto_ads_tv_jaapuisto_64_c_2_19.png":{"frame":{"x":425,"y":66,"w":139,"h":145},"sourceSize":{"w":139,"h":145},"spriteSourceSize":{"x":0,"y":0,"w":139,"h":145},"rotated":false,"trimmed":false},"ads_tv_jaapuisto_ads_tv_jaapuisto_64_c_2_4.png":{"frame":{"x":2685,"y":360,"w":139,"h":145},"sourceSize":{"w":139,"h":145},"spriteSourceSize":{"x":0,"y":0,"w":139,"h":145},"rotated":false,"trimmed":false},"ads_tv_jaapuisto_ads_tv_jaapuisto_64_c_4_11.png":{"frame":{"x":1839,"y":360,"w":139,"h":145},"sourceSize":{"w":139,"h":145},"spriteSourceSize":{"x":0,"y":0,"w":139,"h":145},"rotated":false,"trimmed":false},"ads_tv_jaapuisto_ads_tv_jaapuisto_64_c_4_8.png":{"frame":{"x":1275,"y":360,"w":139,"h":145},"sourceSize":{"w":139,"h":145},"spriteSourceSize":{"x":0,"y":0,"w":139,"h":145},"rotated":false,"trimmed":false},"ads_tv_jaapuisto_ads_tv_jaapuisto_64_c_2_11.png":{"frame":{"x":2540,"y":213,"w":139,"h":145},"sourceSize":{"w":139,"h":145},"spriteSourceSize":{"x":0,"y":0,"w":139,"h":145},"rotated":false,"trimmed":false},"ads_tv_jaapuisto_ads_tv_jaapuisto_64_c_2_20.png":{"frame":{"x":848,"y":213,"w":139,"h":145},"sourceSize":{"w":139,"h":145},"spriteSourceSize":{"x":0,"y":0,"w":139,"h":145},"rotated":false,"trimmed":false},"ads_tv_jaapuisto_ads_tv_jaapuisto_64_b_2_0.png":{"frame":{"x":2183,"y":36,"w":174,"h":175},"sourceSize":{"w":174,"h":175},"spriteSourceSize":{"x":0,"y":0,"w":174,"h":175},"rotated":false,"trimmed":false},"ads_tv_jaapuisto_ads_tv_jaapuisto_64_c_2_12.png":{"frame":{"x":2258,"y":213,"w":139,"h":145},"sourceSize":{"w":139,"h":145},"spriteSourceSize":{"x":0,"y":0,"w":139,"h":145},"rotated":false,"trimmed":false},"ads_tv_jaapuisto_ads_tv_jaapuisto_64_c_4_20.png":{"frame":{"x":2,"y":91,"w":139,"h":145},"sourceSize":{"w":139,"h":145},"spriteSourceSize":{"x":0,"y":0,"w":139,"h":145},"rotated":false,"trimmed":false},"ads_tv_jaapuisto_ads_tv_jaapuisto_64_c_2_29.png":{"frame":{"x":1130,"y":213,"w":139,"h":145},"sourceSize":{"w":139,"h":145},"spriteSourceSize":{"x":0,"y":0,"w":139,"h":145},"rotated":false,"trimmed":false},"ads_tv_jaapuisto_ads_tv_jaapuisto_64_b_4_4.png":{"frame":{"x":3239,"y":36,"w":174,"h":175},"sourceSize":{"w":174,"h":175},"spriteSourceSize":{"x":0,"y":0,"w":174,"h":175},"rotated":false,"trimmed":false},"ads_tv_jaapuisto_ads_tv_jaapuisto_64_c_4_29.png":{"frame":{"x":2963,"y":213,"w":139,"h":145},"sourceSize":{"w":139,"h":145},"spriteSourceSize":{"x":0,"y":0,"w":139,"h":145},"rotated":false,"trimmed":false},"ads_tv_jaapuisto_ads_tv_jaapuisto_64_c_2_21.png":{"frame":{"x":707,"y":213,"w":139,"h":145},"sourceSize":{"w":139,"h":145},"spriteSourceSize":{"x":0,"y":0,"w":139,"h":145},"rotated":false,"trimmed":false},"ads_tv_jaapuisto_ads_tv_jaapuisto_64_c_4_21.png":{"frame":{"x":3950,"y":213,"w":139,"h":145},"sourceSize":{"w":139,"h":145},"spriteSourceSize":{"x":0,"y":0,"w":139,"h":145},"rotated":false,"trimmed":false},"ads_tv_jaapuisto_ads_tv_jaapuisto_64_c_4_4.png":{"frame":{"x":852,"y":360,"w":139,"h":145},"sourceSize":{"w":139,"h":145},"spriteSourceSize":{"x":0,"y":0,"w":139,"h":145},"rotated":false,"trimmed":false},"ads_tv_jaapuisto_ads_tv_jaapuisto_64_b_4_0.png":{"frame":{"x":2359,"y":36,"w":174,"h":175},"sourceSize":{"w":174,"h":175},"spriteSourceSize":{"x":0,"y":0,"w":174,"h":175},"rotated":false,"trimmed":false},"ads_tv_jaapuisto_ads_tv_jaapuisto_64_c_2_1.png":{"frame":{"x":992,"y":64,"w":140,"h":147},"sourceSize":{"w":140,"h":147},"spriteSourceSize":{"x":0,"y":0,"w":140,"h":147},"rotated":false,"trimmed":false},"ads_tv_jaapuisto_ads_tv_jaapuisto_64_d_4_0.png":{"frame":{"x":708,"y":65,"w":140,"h":146},"sourceSize":{"w":140,"h":146},"spriteSourceSize":{"x":0,"y":0,"w":140,"h":146},"rotated":false,"trimmed":false},"ads_tv_jaapuisto_ads_tv_jaapuisto_32_c_2_1.png":{"frame":{"x":11,"y":504,"w":1,"h":1},"sourceSize":{"w":1,"h":1},"spriteSourceSize":{"x":0,"y":0,"w":1,"h":1},"rotated":false,"trimmed":false},"ads_tv_jaapuisto_ads_tv_jaapuisto_64_c_2_17.png":{"frame":{"x":143,"y":91,"w":139,"h":145},"sourceSize":{"w":139,"h":145},"spriteSourceSize":{"x":0,"y":0,"w":139,"h":145},"rotated":false,"trimmed":false},"ads_tv_jaapuisto_ads_tv_jaapuisto_64_c_4_17.png":{"frame":{"x":2121,"y":360,"w":139,"h":145},"sourceSize":{"w":139,"h":145},"spriteSourceSize":{"x":0,"y":0,"w":139,"h":145},"rotated":false,"trimmed":false},"ads_tv_jaapuisto_ads_tv_jaapuisto_64_b_4_1.png":{"frame":{"x":2711,"y":36,"w":174,"h":175},"sourceSize":{"w":174,"h":175},"spriteSourceSize":{"x":0,"y":0,"w":174,"h":175},"rotated":false,"trimmed":false},"ads_tv_jaapuisto_ads_tv_jaapuisto_64_e_2_1.png":{"frame":{"x":3584,"y":2,"w":210,"h":209},"sourceSize":{"w":210,"h":209},"spriteSourceSize":{"x":0,"y":0,"w":210,"h":209},"rotated":false,"trimmed":false},"ads_tv_jaapuisto_ads_tv_jaapuisto_64_f_4_0.png":{"frame":{"x":1134,"y":36,"w":167,"h":175},"sourceSize":{"w":167,"h":175},"spriteSourceSize":{"x":0,"y":0,"w":167,"h":175},"rotated":false,"trimmed":false},"ads_tv_jaapuisto_ads_tv_jaapuisto_64_c_4_22.png":{"frame":{"x":2681,"y":213,"w":139,"h":145},"sourceSize":{"w":139,"h":145},"spriteSourceSize":{"x":0,"y":0,"w":139,"h":145},"rotated":false,"trimmed":false},"ads_tv_jaapuisto_ads_tv_jaapuisto_64_c_2_22.png":{"frame":{"x":566,"y":213,"w":139,"h":145},"sourceSize":{"w":139,"h":145},"spriteSourceSize":{"x":0,"y":0,"w":139,"h":145},"rotated":false,"trimmed":false},"ads_tv_jaapuisto_ads_tv_jaapuisto_64_c_4_6.png":{"frame":{"x":570,"y":360,"w":139,"h":145},"sourceSize":{"w":139,"h":145},"spriteSourceSize":{"x":0,"y":0,"w":139,"h":145},"rotated":false,"trimmed":false},"ads_tv_jaapuisto_ads_tv_jaapuisto_icon_a.png":{"frame":{"x":14,"y":479,"w":28,"h":26},"sourceSize":{"w":28,"h":26},"spriteSourceSize":{"x":0,"y":0,"w":28,"h":26},"rotated":false,"trimmed":false},"ads_tv_jaapuisto_ads_tv_jaapuisto_64_c_4_5.png":{"frame":{"x":993,"y":360,"w":139,"h":145},"sourceSize":{"w":139,"h":145},"spriteSourceSize":{"x":0,"y":0,"w":139,"h":145},"rotated":false,"trimmed":false},"ads_tv_jaapuisto_ads_tv_jaapuisto_64_c_2_2.png":{"frame":{"x":2967,"y":360,"w":139,"h":145},"sourceSize":{"w":139,"h":145},"spriteSourceSize":{"x":0,"y":0,"w":139,"h":145},"rotated":false,"trimmed":false},"ads_tv_jaapuisto_ads_tv_jaapuisto_64_c_2_18.png":{"frame":{"x":284,"y":66,"w":139,"h":145},"sourceSize":{"w":139,"h":145},"spriteSourceSize":{"x":0,"y":0,"w":139,"h":145},"rotated":false,"trimmed":false},"ads_tv_jaapuisto_ads_tv_jaapuisto_64_c_4_18.png":{"frame":{"x":2262,"y":360,"w":139,"h":145},"sourceSize":{"w":139,"h":145},"spriteSourceSize":{"x":0,"y":0,"w":139,"h":145},"rotated":false,"trimmed":false},"ads_tv_jaapuisto_ads_tv_jaapuisto_64_b_2_3.png":{"frame":{"x":1655,"y":36,"w":174,"h":175},"sourceSize":{"w":174,"h":175},"spriteSourceSize":{"x":0,"y":0,"w":174,"h":175},"rotated":false,"trimmed":false},"ads_tv_jaapuisto_ads_tv_jaapuisto_64_c_2_15.png":{"frame":{"x":3668,"y":213,"w":139,"h":145},"sourceSize":{"w":139,"h":145},"spriteSourceSize":{"x":0,"y":0,"w":139,"h":145},"rotated":false,"trimmed":false},"ads_tv_jaapuisto_ads_tv_jaapuisto_64_c_4_2.png":{"frame":{"x":288,"y":360,"w":139,"h":145},"sourceSize":{"w":139,"h":145},"spriteSourceSize":{"x":0,"y":0,"w":139,"h":145},"rotated":false,"trimmed":false},"ads_tv_jaapuisto_ads_tv_jaapuisto_64_e_4_1.png":{"frame":{"x":3796,"y":2,"w":210,"h":209},"sourceSize":{"w":210,"h":209},"spriteSourceSize":{"x":0,"y":0,"w":210,"h":209},"rotated":false,"trimmed":false},"ads_tv_jaapuisto_ads_tv_jaapuisto_64_c_2_23.png":{"frame":{"x":425,"y":213,"w":139,"h":145},"sourceSize":{"w":139,"h":145},"spriteSourceSize":{"x":0,"y":0,"w":139,"h":145},"rotated":false,"trimmed":false},"ads_tv_jaapuisto_ads_tv_jaapuisto_64_c_2_8.png":{"frame":{"x":3249,"y":360,"w":139,"h":145},"sourceSize":{"w":139,"h":145},"spriteSourceSize":{"x":0,"y":0,"w":139,"h":145},"rotated":false,"trimmed":false},"ads_tv_jaapuisto_ads_tv_jaapuisto_64_c_4_23.png":{"frame":{"x":2399,"y":213,"w":139,"h":145},"sourceSize":{"w":139,"h":145},"spriteSourceSize":{"x":0,"y":0,"w":139,"h":145},"rotated":false,"trimmed":false},"ads_tv_jaapuisto_ads_tv_jaapuisto_64_c_2_24.png":{"frame":{"x":284,"y":213,"w":139,"h":145},"sourceSize":{"w":139,"h":145},"spriteSourceSize":{"x":0,"y":0,"w":139,"h":145},"rotated":false,"trimmed":false},"ads_tv_jaapuisto_ads_tv_jaapuisto_64_c_2_7.png":{"frame":{"x":3813,"y":360,"w":139,"h":145},"sourceSize":{"w":139,"h":145},"spriteSourceSize":{"x":0,"y":0,"w":139,"h":145},"rotated":false,"trimmed":false},"ads_tv_jaapuisto_ads_tv_jaapuisto_64_c_4_15.png":{"frame":{"x":2403,"y":360,"w":139,"h":145},"sourceSize":{"w":139,"h":145},"spriteSourceSize":{"x":0,"y":0,"w":139,"h":145},"rotated":false,"trimmed":false},"ads_tv_jaapuisto_ads_tv_jaapuisto_64_c_4_16.png":{"frame":{"x":2544,"y":360,"w":139,"h":145},"sourceSize":{"w":139,"h":145},"spriteSourceSize":{"x":0,"y":0,"w":139,"h":145},"rotated":false,"trimmed":false},"ads_tv_jaapuisto_ads_tv_jaapuisto_64_c_4_3.png":{"frame":{"x":429,"y":360,"w":139,"h":145},"sourceSize":{"w":139,"h":145},"spriteSourceSize":{"x":0,"y":0,"w":139,"h":145},"rotated":false,"trimmed":false},"ads_tv_jaapuisto_ads_tv_jaapuisto_64_c_4_24.png":{"frame":{"x":2117,"y":213,"w":139,"h":145},"sourceSize":{"w":139,"h":145},"spriteSourceSize":{"x":0,"y":0,"w":139,"h":145},"rotated":false,"trimmed":false},"ads_tv_jaapuisto_ads_tv_jaapuisto_64_b_2_4.png":{"frame":{"x":1479,"y":36,"w":174,"h":175},"sourceSize":{"w":174,"h":175},"spriteSourceSize":{"x":0,"y":0,"w":174,"h":175},"rotated":false,"trimmed":false},"ads_tv_jaapuisto_ads_tv_jaapuisto_64_c_2_25.png":{"frame":{"x":143,"y":238,"w":139,"h":145},"sourceSize":{"w":139,"h":145},"spriteSourceSize":{"x":0,"y":0,"w":139,"h":145},"rotated":false,"trimmed":false},"ads_tv_jaapuisto_ads_tv_jaapuisto_64_c_2_9.png":{"frame":{"x":3390,"y":360,"w":139,"h":145},"sourceSize":{"w":139,"h":145},"spriteSourceSize":{"x":0,"y":0,"w":139,"h":145},"rotated":false,"trimmed":false},"ads_tv_jaapuisto_ads_tv_jaapuisto_64_c_4_25.png":{"frame":{"x":1976,"y":213,"w":139,"h":145},"sourceSize":{"w":139,"h":145},"spriteSourceSize":{"x":0,"y":0,"w":139,"h":145},"rotated":false,"trimmed":false},"ads_tv_jaapuisto_ads_tv_jaapuisto_64_b_2_5.png":{"frame":{"x":1303,"y":36,"w":174,"h":175},"sourceSize":{"w":174,"h":175},"spriteSourceSize":{"x":0,"y":0,"w":174,"h":175},"rotated":false,"trimmed":false},"ads_tv_jaapuisto_ads_tv_jaapuisto_64_c_2_16.png":{"frame":{"x":3386,"y":213,"w":139,"h":145},"sourceSize":{"w":139,"h":145},"spriteSourceSize":{"x":0,"y":0,"w":139,"h":145},"rotated":false,"trimmed":false},"ads_tv_jaapuisto_ads_tv_jaapuisto_64_c_2_26.png":{"frame":{"x":2,"y":238,"w":139,"h":145},"sourceSize":{"w":139,"h":145},"spriteSourceSize":{"x":0,"y":0,"w":139,"h":145},"rotated":false,"trimmed":false},"ads_tv_jaapuisto_ads_tv_jaapuisto_64_c_4_12.png":{"frame":{"x":1980,"y":360,"w":139,"h":145},"sourceSize":{"w":139,"h":145},"spriteSourceSize":{"x":0,"y":0,"w":139,"h":145},"rotated":false,"trimmed":false},"ads_tv_jaapuisto_ads_tv_jaapuisto_64_c_4_9.png":{"frame":{"x":1134,"y":360,"w":139,"h":145},"sourceSize":{"w":139,"h":145},"spriteSourceSize":{"x":0,"y":0,"w":139,"h":145},"rotated":false,"trimmed":false},"ads_tv_jaapuisto_ads_tv_jaapuisto_64_c_2_5.png":{"frame":{"x":2826,"y":360,"w":139,"h":145},"sourceSize":{"w":139,"h":145},"spriteSourceSize":{"x":0,"y":0,"w":139,"h":145},"rotated":false,"trimmed":false},"ads_tv_jaapuisto_ads_tv_jaapuisto_64_b_2_1.png":{"frame":{"x":2007,"y":36,"w":174,"h":175},"sourceSize":{"w":174,"h":175},"spriteSourceSize":{"x":0,"y":0,"w":174,"h":175},"rotated":false,"trimmed":false},"ads_tv_jaapuisto_ads_tv_jaapuisto_64_c_2_30.png":{"frame":{"x":1412,"y":213,"w":139,"h":145},"sourceSize":{"w":139,"h":145},"spriteSourceSize":{"x":0,"y":0,"w":139,"h":145},"rotated":false,"trimmed":false},"ads_tv_jaapuisto_ads_tv_jaapuisto_64_c_4_26.png":{"frame":{"x":3809,"y":213,"w":139,"h":145},"sourceSize":{"w":139,"h":145},"spriteSourceSize":{"x":0,"y":0,"w":139,"h":145},"rotated":false,"trimmed":false},"ads_tv_jaapuisto_ads_tv_jaapuisto_64_a_2_0.png":{"frame":{"x":166,"y":385,"w":120,"h":120},"sourceSize":{"w":120,"h":120},"spriteSourceSize":{"x":0,"y":0,"w":120,"h":120},"rotated":false,"trimmed":false},"ads_tv_jaapuisto_ads_tv_jaapuisto_64_c_2_13.png":{"frame":{"x":3104,"y":213,"w":139,"h":145},"sourceSize":{"w":139,"h":145},"spriteSourceSize":{"x":0,"y":0,"w":139,"h":145},"rotated":false,"trimmed":false},"ads_tv_jaapuisto_ads_tv_jaapuisto_64_c_4_13.png":{"frame":{"x":1557,"y":360,"w":139,"h":145},"sourceSize":{"w":139,"h":145},"spriteSourceSize":{"x":0,"y":0,"w":139,"h":145},"rotated":false,"trimmed":false},"ads_tv_jaapuisto_ads_tv_jaapuisto_64_b_4_5.png":{"frame":{"x":2535,"y":36,"w":174,"h":175},"sourceSize":{"w":174,"h":175},"spriteSourceSize":{"x":0,"y":0,"w":174,"h":175},"rotated":false,"trimmed":false},"ads_tv_jaapuisto_ads_tv_jaapuisto_64_d_2_1.png":{"frame":{"x":566,"y":65,"w":140,"h":146},"sourceSize":{"w":140,"h":146},"spriteSourceSize":{"x":0,"y":0,"w":140,"h":146},"rotated":false,"trimmed":false},"ads_tv_jaapuisto_ads_tv_jaapuisto_64_a_4_1.png":{"frame":{"x":44,"y":385,"w":120,"h":120},"sourceSize":{"w":120,"h":120},"spriteSourceSize":{"x":0,"y":0,"w":120,"h":120},"rotated":false,"trimmed":false},"ads_tv_jaapuisto_ads_tv_jaapuisto_64_c_4_30.png":{"frame":{"x":1553,"y":213,"w":139,"h":145},"sourceSize":{"w":139,"h":145},"spriteSourceSize":{"x":0,"y":0,"w":139,"h":145},"rotated":false,"trimmed":false},"ads_tv_jaapuisto_ads_tv_jaapuisto_64_f_2_0.png":{"frame":{"x":3415,"y":36,"w":167,"h":175},"sourceSize":{"w":167,"h":175},"spriteSourceSize":{"x":0,"y":0,"w":167,"h":175},"rotated":false,"trimmed":false},"ads_tv_jaapuisto_ads_tv_jaapuisto_64_c_2_14.png":{"frame":{"x":2822,"y":213,"w":139,"h":145},"sourceSize":{"w":139,"h":145},"spriteSourceSize":{"x":0,"y":0,"w":139,"h":145},"rotated":false,"trimmed":false},"ads_tv_jaapuisto_ads_tv_jaapuisto_64_c_2_27.png":{"frame":{"x":3954,"y":360,"w":139,"h":145},"sourceSize":{"w":139,"h":145},"spriteSourceSize":{"x":0,"y":0,"w":139,"h":145},"rotated":false,"trimmed":false},"ads_tv_jaapuisto_ads_tv_jaapuisto_64_c_4_1.png":{"frame":{"x":850,"y":64,"w":140,"h":147},"sourceSize":{"w":140,"h":147},"spriteSourceSize":{"x":0,"y":0,"w":140,"h":147},"rotated":false,"trimmed":false},"ads_tv_jaapuisto_ads_tv_jaapuisto_64_c_4_27.png":{"frame":{"x":3527,"y":213,"w":139,"h":145},"sourceSize":{"w":139,"h":145},"spriteSourceSize":{"x":0,"y":0,"w":139,"h":145},"rotated":false,"trimmed":false},"ads_tv_jaapuisto_ads_tv_jaapuisto_64_c_2_6.png":{"frame":{"x":3672,"y":360,"w":139,"h":145},"sourceSize":{"w":139,"h":145},"spriteSourceSize":{"x":0,"y":0,"w":139,"h":145},"rotated":false,"trimmed":false},"ads_tv_jaapuisto_ads_tv_jaapuisto_64_b_2_2.png":{"frame":{"x":1831,"y":36,"w":174,"h":175},"sourceSize":{"w":174,"h":175},"spriteSourceSize":{"x":0,"y":0,"w":174,"h":175},"rotated":false,"trimmed":false},"ads_tv_jaapuisto_ads_tv_jaapuisto_64_c_2_31.png":{"frame":{"x":1271,"y":213,"w":139,"h":145},"sourceSize":{"w":139,"h":145},"spriteSourceSize":{"x":0,"y":0,"w":139,"h":145},"rotated":false,"trimmed":false},"ads_tv_jaapuisto_ads_tv_jaapuisto_64_c_4_14.png":{"frame":{"x":1698,"y":360,"w":139,"h":145},"sourceSize":{"w":139,"h":145},"spriteSourceSize":{"x":0,"y":0,"w":139,"h":145},"rotated":false,"trimmed":false},"ads_tv_jaapuisto_ads_tv_jaapuisto_64_c_4_31.png":{"frame":{"x":1694,"y":213,"w":139,"h":145},"sourceSize":{"w":139,"h":145},"spriteSourceSize":{"x":0,"y":0,"w":139,"h":145},"rotated":false,"trimmed":false}}}