{"type":"furniture","name":"ads_tv_jaapuisto","visualizationType":"furniture_animated","logicType":"furniture_multistate","spritesheet":"ads_tv_jaapuisto_spritesheet.json","dimensions":{"x":3.75,"y":0.2,"z":1.875},"directions":[90,180],"assets":{"ads_tv_jaapuisto_icon_a":{"x":14,"y":13},"ads_tv_jaapuisto_64_c_2_29":{"x":69,"y":70},"ads_tv_jaapuisto_64_c_2_28":{"x":69,"y":70},"ads_tv_jaapuisto_64_c_2_27":{"x":69,"y":70},"ads_tv_jaapuisto_64_c_2_26":{"x":69,"y":70},"ads_tv_jaapuisto_64_c_2_25":{"x":69,"y":70},"ads_tv_jaapuisto_64_c_2_24":{"x":69,"y":70},"ads_tv_jaapuisto_64_c_2_23":{"x":69,"y":70},"ads_tv_jaapuisto_64_c_2_22":{"x":69,"y":70},"ads_tv_jaapuisto_64_c_2_21":{"x":69,"y":70},"ads_tv_jaapuisto_64_c_2_20":{"x":69,"y":70},"ads_tv_jaapuisto_64_a_4_1":{"x":39,"y":38},"ads_tv_jaapuisto_64_c_4_19":{"x":68,"y":70},"ads_tv_jaapuisto_64_c_4_18":{"x":68,"y":70},"ads_tv_jaapuisto_64_c_4_17":{"x":68,"y":70},"ads_tv_jaapuisto_64_c_4_16":{"x":68,"y":70},"ads_tv_jaapuisto_64_c_4_15":{"x":68,"y":70},"ads_tv_jaapuisto_64_c_4_14":{"x":68,"y":70},"ads_tv_jaapuisto_64_c_4_13":{"x":68,"y":70},"ads_tv_jaapuisto_64_c_4_12":{"x":68,"y":70},"ads_tv_jaapuisto_64_b_2_4":{"x":92,"y":86},"ads_tv_jaapuisto_64_c_2_31":{"x":69,"y":70},"ads_tv_jaapuisto_64_b_4_2":{"x":80,"y":86},"ads_tv_jaapuisto_64_c_4_11":{"x":68,"y":70},"ads_tv_jaapuisto_64_b_2_5":{"x":92,"y":86},"ads_tv_jaapuisto_64_c_2_30":{"x":69,"y":70},"ads_tv_jaapuisto_64_b_4_3":{"x":80,"y":86},"ads_tv_jaapuisto_64_c_4_10":{"x":68,"y":70},"ads_tv_jaapuisto_64_b_2_2":{"x":92,"y":86},"ads_tv_jaapuisto_64_b_4_0":{"x":80,"y":86},"ads_tv_jaapuisto_64_b_2_3":{"x":92,"y":86},"ads_tv_jaapuisto_64_b_4_1":{"x":80,"y":86},"ads_tv_jaapuisto_64_b_4_4":{"x":80,"y":86},"ads_tv_jaapuisto_64_b_4_5":{"x":80,"y":86},"ads_tv_jaapuisto_64_c_2_0":{"source":"ads_tv_jaapuisto_32_c_2_1","x":-78,"y":86},"ads_tv_jaapuisto_64_c_2_2":{"x":69,"y":70},"ads_tv_jaapuisto_64_c_4_0":{"source":"ads_tv_jaapuisto_32_c_2_1","x":77,"y":86},"ads_tv_jaapuisto_64_c_2_1":{"x":69,"y":71},"ads_tv_jaapuisto_64_c_2_4":{"x":69,"y":70},"ads_tv_jaapuisto_64_c_4_2":{"x":68,"y":70},"ads_tv_jaapuisto_64_c_2_3":{"x":69,"y":70},"ads_tv_jaapuisto_64_c_4_1":{"x":69,"y":71},"ads_tv_jaapuisto_64_c_2_6":{"x":69,"y":70},"ads_tv_jaapuisto_64_c_4_4":{"x":68,"y":70},"ads_tv_jaapuisto_64_c_2_5":{"x":69,"y":70},"ads_tv_jaapuisto_64_c_4_3":{"x":68,"y":70},"ads_tv_jaapuisto_64_c_2_8":{"x":69,"y":70},"ads_tv_jaapuisto_64_c_4_6":{"x":68,"y":70},"ads_tv_jaapuisto_64_c_2_7":{"x":69,"y":70},"ads_tv_jaapuisto_64_c_4_5":{"x":68,"y":70},"ads_tv_jaapuisto_64_c_4_8":{"x":68,"y":70},"ads_tv_jaapuisto_64_c_2_9":{"x":69,"y":70},"ads_tv_jaapuisto_64_c_4_29":{"x":68,"y":70},"ads_tv_jaapuisto_64_c_4_7":{"x":68,"y":70},"ads_tv_jaapuisto_64_c_4_28":{"x":68,"y":70},"ads_tv_jaapuisto_64_c_4_27":{"x":68,"y":70},"ads_tv_jaapuisto_64_c_4_9":{"x":68,"y":70},"ads_tv_jaapuisto_64_b_2_0":{"x":92,"y":86},"ads_tv_jaapuisto_64_c_4_26":{"x":68,"y":70},"ads_tv_jaapuisto_64_d_4_1":{"source":"ads_tv_jaapuisto_64_d_4_0","x":69,"y":70},"ads_tv_jaapuisto_64_b_2_1":{"x":92,"y":86},"ads_tv_jaapuisto_64_c_4_25":{"x":68,"y":70},"ads_tv_jaapuisto_64_d_4_0":{"x":69,"y":70},"ads_tv_jaapuisto_64_d_2_1":{"x":69,"y":70},"ads_tv_jaapuisto_64_c_4_24":{"x":68,"y":70},"ads_tv_jaapuisto_64_d_2_0":{"source":"ads_tv_jaapuisto_64_d_2_1","x":69,"y":70},"ads_tv_jaapuisto_64_c_4_23":{"x":68,"y":70},"ads_tv_jaapuisto_64_c_4_22":{"x":68,"y":70},"ads_tv_jaapuisto_64_c_4_21":{"x":68,"y":70},"ads_tv_jaapuisto_64_c_4_20":{"x":68,"y":70},"ads_tv_jaapuisto_64_a_2_0":{"x":79,"y":38},"ads_tv_jaapuisto_64_e_4_1":{"x":139,"y":70},"ads_tv_jaapuisto_64_a_2_1":{"source":"ads_tv_jaapuisto_64_a_2_0","x":79,"y":38},"ads_tv_jaapuisto_64_a_4_0":{"source":"ads_tv_jaapuisto_64_a_4_1","x":39,"y":38},"ads_tv_jaapuisto_64_e_2_0":{"source":"ads_tv_jaapuisto_32_c_2_1","x":-78,"y":86},"ads_tv_jaapuisto_64_e_4_0":{"source":"ads_tv_jaapuisto_32_c_2_1","x":77,"y":86},"ads_tv_jaapuisto_64_e_2_1":{"x":69,"y":70},"ads_tv_jaapuisto_64_c_2_19":{"x":69,"y":70},"ads_tv_jaapuisto_64_c_2_18":{"x":69,"y":70},"ads_tv_jaapuisto_64_c_2_17":{"x":69,"y":70},"ads_tv_jaapuisto_64_f_2_1":{"source":"ads_tv_jaapuisto_64_f_2_0","x":95,"y":87},"ads_tv_jaapuisto_64_c_2_16":{"x":69,"y":70},"ads_tv_jaapuisto_64_f_2_0":{"x":95,"y":87},"ads_tv_jaapuisto_64_c_2_15":{"x":69,"y":70},"ads_tv_jaapuisto_64_c_2_14":{"x":69,"y":70},"ads_tv_jaapuisto_64_c_2_13":{"x":69,"y":70},"ads_tv_jaapuisto_64_c_2_12":{"x":69,"y":70},"ads_tv_jaapuisto_64_c_2_11":{"x":69,"y":70},"ads_tv_jaapuisto_64_f_4_1":{"source":"ads_tv_jaapuisto_64_f_4_0","x":70,"y":87},"ads_tv_jaapuisto_64_c_2_10":{"x":69,"y":70},"ads_tv_jaapuisto_64_f_4_0":{"x":70,"y":87},"ads_tv_jaapuisto_64_c_4_31":{"x":68,"y":70},"ads_tv_jaapuisto_64_c_4_30":{"x":68,"y":70}},"visualization":{"layerCount":6,"angle":45,"layers":{"0":{"alpha":0,"z":-3000.0},"1":{"z":-2995.0},"2":{"z":-2990.0},"3":{"z":-2985.0,"ink":"ADD","ignoreMouse":true},"4":{"z":-2980.0,"ink":"ADD","ignoreMouse":true},"5":{"alpha":41,"z":-3000.0}},"directions":{"2":{},"4":{}},"animations":{"0":{"layers":{"0":{"frameSequences":{"0":{"frames":{"0":{"id":0}}}}},"1":{"frameSequences":{"0":{"frames":{"0":{"id":0}}}}},"2":{"frameSequences":{"0":{"frames":{"0":{"id":0}}}}},"3":{"frameSequences":{"0":{"frames":{"0":{"id":0}}}}},"4":{"frameSequences":{"0":{"frames":{"0":{"id":0}}}}},"5":{"frameSequences":{"0":{"frames":{"0":{"id":0}}}}}}},"1":{"layers":{"1":{"frameSequences":{"0":{"frames":{"0":{"id":1},"1":{"id":2},"2":{"id":3},"3":{"id":4},"4":{"id":5}}}}},"2":{"loopCount":0,"frameRepeat":2,"frameSequences":{"0":{"frames":{"0":{"id":2},"1":{"id":3},"2":{"id":4},"3":{"id":5},"4":{"id":6},"5":{"id":7},"6":{"id":8},"7":{"id":9},"8":{"id":10},"9":{"id":11},"10":{"id":12},"11":{"id":13},"12":{"id":14},"13":{"id":15},"14":{"id":16},"15":{"id":17},"16":{"id":18},"17":{"id":19},"18":{"id":20},"19":{"id":21},"20":{"id":22},"21":{"id":23},"22":{"id":24},"23":{"id":25},"24":{"id":26},"25":{"id":27},"26":{"id":28},"27":{"id":29},"28":{"id":30},"29":{"id":31}}}}},"4":{"frameSequences":{"0":{"frames":{"0":{"id":1}}}}}}}}}}