{"type":"furniture","name":"african_stage","visualizationType":"furniture_static","logicType":"furniture_basic","spritesheet":"african_stage_spritesheet.json","dimensions":{"x":2.0,"y":2.0,"z":0.9},"directions":[0,90],"assets":{"african_stage_64_d_2_0":{"source":"african_stage_64_d_0_0","x":63,"y":32,"flipH":true},"african_stage_64_d_0_0":{"x":63,"y":32},"african_stage_64_a_0_0":{"x":34,"y":41},"african_stage_64_b_2_0":{"source":"african_stage_64_b_0_0","x":33,"y":58,"flipH":true},"african_stage_64_e_0_0":{"x":31,"y":-32},"african_stage_icon_a":{"x":14,"y":13},"african_stage_64_c_0_0":{"x":64,"y":25},"african_stage_64_e_2_0":{"source":"african_stage_64_e_0_0","x":31,"y":-32,"flipH":true},"african_stage_64_c_2_0":{"source":"african_stage_64_c_0_0","x":64,"y":25,"flipH":true},"african_stage_64_a_2_0":{"source":"african_stage_64_a_0_0","x":34,"y":41,"flipH":true},"african_stage_64_b_0_0":{"x":33,"y":58},"african_stage_64_f_2_0":{"source":"african_stage_64_f_0_0","x":31,"y":16,"flipH":true},"african_stage_64_f_0_0":{"x":31,"y":16}},"visualization":{"layerCount":6,"angle":45,"layers":{"0":{"z":-1200.0},"1":{},"2":{"z":-200.0},"3":{"z":1000.0},"4":{"z":-200.0},"5":{"z":2000.0}},"directions":{"0":{},"2":{}},"animations":{"0":{"layers":{"0":{"frameSequences":{"0":{"frames":{"0":{"id":0}}}}},"1":{"frameSequences":{"0":{"frames":{"0":{"id":0}}}}},"2":{"frameSequences":{"0":{"frames":{"0":{"id":0}}}}},"3":{"frameSequences":{"0":{"frames":{"0":{"id":0}}}}},"4":{"frameSequences":{"0":{"frames":{"0":{"id":0}}}}},"5":{"frameSequences":{"0":{"frames":{"0":{"id":0}}}}}}}}}}