{"meta":{"app":"FFConverter ~ Joopie","format":"RGBA8888","image":"african_stage.png","scale":"1.0","size":{"w":512,"h":128},"version":"1.0"},"frames":{"african_stage_african_stage_64_e_0_0.png":{"frame":{"x":324,"y":85,"w":62,"h":14},"sourceSize":{"w":62,"h":14},"spriteSourceSize":{"x":0,"y":0,"w":62,"h":14},"rotated":false,"trimmed":false},"african_stage_african_stage_64_a_0_0.png":{"frame":{"x":324,"y":101,"w":68,"h":16},"sourceSize":{"w":68,"h":16},"spriteSourceSize":{"x":0,"y":0,"w":68,"h":16},"rotated":false,"trimmed":false},"african_stage_african_stage_icon_a.png":{"frame":{"x":70,"y":26,"w":30,"h":26},"sourceSize":{"w":30,"h":26},"spriteSourceSize":{"x":0,"y":0,"w":30,"h":26},"rotated":false,"trimmed":false},"african_stage_african_stage_64_f_0_0.png":{"frame":{"x":260,"y":56,"w":62,"h":61},"sourceSize":{"w":62,"h":61},"spriteSourceSize":{"x":0,"y":0,"w":62,"h":61},"rotated":false,"trimmed":false},"african_stage_african_stage_64_c_0_0.png":{"frame":{"x":130,"y":60,"w":128,"h":57},"sourceSize":{"w":128,"h":57},"spriteSourceSize":{"x":0,"y":0,"w":128,"h":57},"rotated":false,"trimmed":false},"african_stage_african_stage_64_d_0_0.png":{"frame":{"x":2,"y":54,"w":126,"h":63},"sourceSize":{"w":126,"h":63},"spriteSourceSize":{"x":0,"y":0,"w":126,"h":63},"rotated":false,"trimmed":false},"african_stage_african_stage_64_b_0_0.png":{"frame":{"x":2,"y":2,"w":66,"h":50},"sourceSize":{"w":66,"h":50},"spriteSourceSize":{"x":0,"y":0,"w":66,"h":50},"rotated":false,"trimmed":false}}}