{"meta":{"app":"FFConverter ~ Joopie","format":"RGBA8888","image":"ads_campguitar.png","scale":"1.0","size":{"w":256,"h":128},"version":"1.0"},"frames":{"ads_campguitar_ads_campguitar_64_b_2_0.png":{"frame":{"x":81,"y":67,"w":76,"h":34},"sourceSize":{"w":76,"h":34},"spriteSourceSize":{"x":0,"y":0,"w":76,"h":34},"rotated":false,"trimmed":false},"ads_campguitar_ads_campguitar_64_a_2_0.png":{"frame":{"x":2,"y":2,"w":77,"h":99},"sourceSize":{"w":77,"h":99},"spriteSourceSize":{"x":0,"y":0,"w":77,"h":99},"rotated":false,"trimmed":false},"ads_campguitar_ads_campguitar_icon_a.png":{"frame":{"x":81,"y":37,"w":28,"h":28},"sourceSize":{"w":28,"h":28},"spriteSourceSize":{"x":0,"y":0,"w":28,"h":28},"rotated":false,"trimmed":false}}}