{"type":"furniture","name":"ads_campguitar","visualizationType":"furniture_animated","logicType":"furniture_multistate","spritesheet":"ads_campguitar_spritesheet.json","dimensions":{"x":2.4063,"y":0.2,"z":1.9063},"directions":[90,180],"assets":{"ads_campguitar_64_b_4_0":{"source":"ads_campguitar_64_b_2_0","x":35,"y":-20,"flipH":true},"ads_campguitar_64_b_2_0":{"x":35,"y":-20},"ads_campguitar_icon_a":{"x":14,"y":13},"ads_campguitar_64_a_2_0":{"x":38,"y":49},"ads_campguitar_64_a_4_0":{"source":"ads_campguitar_64_a_2_0","x":38,"y":49,"flipH":true}},"visualization":{"layerCount":2,"angle":45,"layers":{"0":{"z":-3000.0},"1":{"alpha":41,"z":-3000.0}},"directions":{"2":{},"4":{}},"animations":{"0":{"layers":{"0":{"frameSequences":{"0":{"frames":{"0":{"id":0}}}}},"1":{"frameSequences":{"0":{"frames":{"0":{"id":0}}}}}}}}}}