{"type":"furniture","name":"africa_c15_table","visualizationType":"furniture_static","logicType":"furniture_basic","spritesheet":"africa_c15_table_spritesheet.json","dimensions":{"x":2.0,"y":1.0,"z":0.7},"directions":[90,0],"assets":{"africa_c15_table_64_sd_2_0":{"x":64,"y":16},"africa_c15_table_icon_a":{"x":14,"y":9},"africa_c15_table_64_sd_0_0":{"source":"africa_c15_table_64_sd_2_0","x":64,"y":16,"flipH":true},"africa_c15_table_64_b_0_0":{"source":"africa_c15_table_64_b_2_0","x":64,"y":21,"flipH":true},"africa_c15_table_64_a_2_0":{"x":31,"y":37},"africa_c15_table_64_b_2_0":{"x":64,"y":21},"africa_c15_table_64_a_0_0":{"source":"africa_c15_table_64_a_2_0","x":31,"y":37,"flipH":true}},"visualization":{"layerCount":2,"angle":45,"layers":{"0":{},"1":{"z":1000.0}},"directions":{"0":{},"2":{}}}}