{"meta":{"app":"FFConverter ~ Joopie","format":"RGBA8888","image":"africa_c15_table.png","scale":"1.0","size":{"w":512,"h":64},"version":"1.0"},"frames":{"africa_c15_table_africa_c15_table_64_sd_2_0.png":{"frame":{"x":2,"y":4,"w":96,"h":49},"sourceSize":{"w":96,"h":49},"spriteSourceSize":{"x":0,"y":0,"w":96,"h":49},"rotated":false,"trimmed":false},"africa_c15_table_africa_c15_table_icon_a.png":{"frame":{"x":232,"y":32,"w":30,"h":21},"sourceSize":{"w":30,"h":21},"spriteSourceSize":{"x":0,"y":0,"w":30,"h":21},"rotated":false,"trimmed":false},"africa_c15_table_africa_c15_table_64_b_2_0.png":{"frame":{"x":100,"y":2,"w":65,"h":51},"sourceSize":{"w":65,"h":51},"spriteSourceSize":{"x":0,"y":0,"w":65,"h":51},"rotated":false,"trimmed":false},"africa_c15_table_africa_c15_table_64_a_2_0.png":{"frame":{"x":167,"y":12,"w":63,"h":41},"sourceSize":{"w":63,"h":41},"spriteSourceSize":{"x":0,"y":0,"w":63,"h":41},"rotated":false,"trimmed":false}}}