{"type":"furniture","name":"ads_igorevilb","visualizationType":"furniture_animated","logicType":"furniture_multistate","spritesheet":"ads_igorevilb_spritesheet.json","dimensions":{"x":1.5,"y":0.2,"z":1.5625},"directions":[90,180],"assets":{"ads_igorevilb_64_b_4_1":{"source":"ads_igorevilb_64_b_2_1","x":23,"y":41,"flipH":true},"ads_igorevilb_64_a_4_1":{"source":"ads_igorevilb_64_a_2_1","x":24,"y":31,"flipH":true},"ads_igorevilb_64_a_2_1":{"x":24,"y":31},"ads_igorevilb_64_a_4_0":{"source":"ads_igorevilb_64_a_2_0","x":24,"y":31,"flipH":true},"ads_igorevilb_64_b_2_0":{"x":16,"y":6},"ads_igorevilb_icon_a":{"x":11,"y":15},"ads_igorevilb_64_a_2_0":{"x":24,"y":31},"ads_igorevilb_64_b_2_1":{"x":23,"y":41}},"visualization":{"layerCount":2,"angle":45,"layers":{"0":{"z":-3000.0},"1":{"z":-2700.0,"ink":"ADD","ignoreMouse":true}},"directions":{"2":{},"4":{}},"animations":{"0":{"layers":{"0":{"frameSequences":{"0":{"frames":{"0":{"id":0}}}}},"1":{"frameSequences":{"0":{"frames":{"0":{"id":0}}}}}}},"1":{"layers":{"0":{"frameSequences":{"0":{"frames":{"0":{"id":1}}}}},"1":{"frameSequences":{"0":{"frames":{"0":{"id":1}}}}}}}}}}