{"meta":{"app":"FFConverter ~ Joopie","format":"RGBA8888","image":"ads_igorevilb.png","scale":"1.0","size":{"w":256,"h":128},"version":"1.0"},"frames":{"ads_igorevilb_ads_igorevilb_64_a_2_0.png":{"frame":{"x":83,"y":37,"w":48,"h":63},"sourceSize":{"w":48,"h":63},"spriteSourceSize":{"x":0,"y":0,"w":48,"h":63},"rotated":false,"trimmed":false},"ads_igorevilb_ads_igorevilb_64_b_2_1.png":{"frame":{"x":2,"y":5,"w":79,"h":95},"sourceSize":{"w":79,"h":95},"spriteSourceSize":{"x":0,"y":0,"w":79,"h":95},"rotated":false,"trimmed":false},"ads_igorevilb_ads_igorevilb_icon_a.png":{"frame":{"x":83,"y":5,"w":23,"h":30},"sourceSize":{"w":23,"h":30},"spriteSourceSize":{"x":0,"y":0,"w":23,"h":30},"rotated":false,"trimmed":false},"ads_igorevilb_ads_igorevilb_64_b_2_0.png":{"frame":{"x":2,"y":2,"w":1,"h":1},"sourceSize":{"w":1,"h":1},"spriteSourceSize":{"x":0,"y":0,"w":1,"h":1},"rotated":false,"trimmed":false},"ads_igorevilb_ads_igorevilb_64_a_2_1.png":{"frame":{"x":133,"y":37,"w":48,"h":63},"sourceSize":{"w":48,"h":63},"spriteSourceSize":{"x":0,"y":0,"w":48,"h":63},"rotated":false,"trimmed":false}}}