{"meta":{"app":"FFConverter ~ Joopie","format":"RGBA8888","image":"ads_idol_chmpgn.png","scale":"1.0","size":{"w":256,"h":64},"version":"1.0"},"frames":{"ads_idol_chmpgn_ads_idol_chmpgn_64_sd_0_0.png":{"frame":{"x":2,"y":2,"w":15,"h":11},"sourceSize":{"w":15,"h":11},"spriteSourceSize":{"x":0,"y":0,"w":15,"h":11},"rotated":false,"trimmed":false},"ads_idol_chmpgn_ads_idol_chmpgn_64_sd_6_0.png":{"frame":{"x":84,"y":40,"w":39,"h":22},"sourceSize":{"w":39,"h":22},"spriteSourceSize":{"x":0,"y":0,"w":39,"h":22},"rotated":false,"trimmed":false},"ads_idol_chmpgn_ads_idol_chmpgn_icon_a.png":{"frame":{"x":106,"y":7,"w":18,"h":31},"sourceSize":{"w":18,"h":31},"spriteSourceSize":{"x":0,"y":0,"w":18,"h":31},"rotated":false,"trimmed":false},"ads_idol_chmpgn_ads_idol_chmpgn_64_a_4_0.png":{"frame":{"x":48,"y":20,"w":34,"h":42},"sourceSize":{"w":34,"h":42},"spriteSourceSize":{"x":0,"y":0,"w":34,"h":42},"rotated":false,"trimmed":false},"ads_idol_chmpgn_ads_idol_chmpgn_64_a_0_0.png":{"frame":{"x":84,"y":2,"w":20,"h":36},"sourceSize":{"w":20,"h":36},"spriteSourceSize":{"x":0,"y":0,"w":20,"h":36},"rotated":false,"trimmed":false},"ads_idol_chmpgn_ads_idol_chmpgn_64_a_2_0.png":{"frame":{"x":126,"y":23,"w":19,"h":39},"sourceSize":{"w":19,"h":39},"spriteSourceSize":{"x":0,"y":0,"w":19,"h":39},"rotated":false,"trimmed":false},"ads_idol_chmpgn_ads_idol_chmpgn_64_sd_4_0.png":{"frame":{"x":48,"y":2,"w":33,"h":16},"sourceSize":{"w":33,"h":16},"spriteSourceSize":{"x":0,"y":0,"w":33,"h":16},"rotated":false,"trimmed":false},"ads_idol_chmpgn_ads_idol_chmpgn_64_a_6_0.png":{"frame":{"x":2,"y":15,"w":44,"h":47},"sourceSize":{"w":44,"h":47},"spriteSourceSize":{"x":0,"y":0,"w":44,"h":47},"rotated":false,"trimmed":false}}}