{"type":"furniture","name":"ads_idol_chmpgn","visualizationType":"furniture_static","logicType":"furniture_basic","spritesheet":"ads_idol_chmpgn_spritesheet.json","dimensions":{"x":1.0,"y":1.0,"z":0.0},"directions":[0,90,180,270],"assets":{"ads_idol_chmpgn_64_sd_2_0":{"source":"ads_idol_chmpgn_64_sd_0_0","x":8,"y":4},"ads_idol_chmpgn_64_a_0_0":{"x":10,"y":31},"ads_idol_chmpgn_64_sd_0_0":{"x":8,"y":4},"ads_idol_chmpgn_64_a_2_0":{"x":10,"y":34},"ads_idol_chmpgn_64_a_4_0":{"x":17,"y":32},"ads_idol_chmpgn_64_a_6_0":{"x":21,"y":39},"ads_idol_chmpgn_64_sd_6_0":{"x":19,"y":12},"ads_idol_chmpgn_64_sd_4_0":{"x":15,"y":5},"ads_idol_chmpgn_icon_a":{"x":9,"y":15}},"visualization":{"layerCount":1,"angle":45,"directions":{"0":{},"2":{},"4":{},"6":{}}}}