{"meta":{"app":"FFConverter ~ Joopie","format":"RGBA8888","image":"africa_c15_bongos.png","scale":"1.0","size":{"w":128,"h":64},"version":"1.0"},"frames":{"africa_c15_bongos_africa_c15_bongos_64_a_4_0.png":{"frame":{"x":38,"y":3,"w":34,"h":52},"sourceSize":{"w":34,"h":52},"spriteSourceSize":{"x":0,"y":0,"w":34,"h":52},"rotated":false,"trimmed":false},"africa_c15_bongos_africa_c15_bongos_64_sd_4_0.png":{"frame":{"x":74,"y":34,"w":34,"h":21},"sourceSize":{"w":34,"h":21},"spriteSourceSize":{"x":0,"y":0,"w":34,"h":21},"rotated":false,"trimmed":false},"africa_c15_bongos_africa_c15_bongos_64_a_4_1.png":{"frame":{"x":2,"y":3,"w":34,"h":52},"sourceSize":{"w":34,"h":52},"spriteSourceSize":{"x":0,"y":0,"w":34,"h":52},"rotated":false,"trimmed":false},"africa_c15_bongos_africa_c15_bongos_icon_a.png":{"frame":{"x":74,"y":2,"w":21,"h":30},"sourceSize":{"w":21,"h":30},"spriteSourceSize":{"x":0,"y":0,"w":21,"h":30},"rotated":false,"trimmed":false}}}