{"type":"furniture","name":"africa_c15_bongos","visualizationType":"furniture_animated","logicType":"furniture_multistate","spritesheet":"africa_c15_bongos_spritesheet.json","dimensions":{"x":1.0,"y":1.0,"z":1.7},"directions":[0,90,180,270],"assets":{"africa_c15_bongos_64_sd_6_0":{"source":"africa_c15_bongos_64_sd_4_0","x":17,"y":10},"africa_c15_bongos_64_a_4_0":{"x":17,"y":46},"africa_c15_bongos_64_a_4_1":{"x":17,"y":46},"africa_c15_bongos_icon_a":{"x":9,"y":14},"africa_c15_bongos_64_sd_4_0":{"x":17,"y":10},"africa_c15_bongos_64_a_2_0":{"source":"africa_c15_bongos_64_a_4_0","x":17,"y":46},"africa_c15_bongos_64_a_2_1":{"source":"africa_c15_bongos_64_a_4_1","x":17,"y":46},"africa_c15_bongos_64_a_0_0":{"source":"africa_c15_bongos_64_a_4_0","x":17,"y":46},"africa_c15_bongos_64_a_0_1":{"source":"africa_c15_bongos_64_a_4_1","x":17,"y":46},"africa_c15_bongos_64_sd_2_0":{"source":"africa_c15_bongos_64_sd_4_0","x":17,"y":10},"africa_c15_bongos_64_sd_0_0":{"source":"africa_c15_bongos_64_sd_4_0","x":17,"y":10},"africa_c15_bongos_64_a_6_0":{"source":"africa_c15_bongos_64_a_4_0","x":17,"y":46},"africa_c15_bongos_64_a_6_1":{"source":"africa_c15_bongos_64_a_4_1","x":17,"y":46}},"visualization":{"layerCount":1,"angle":45,"directions":{"0":{},"2":{},"4":{},"6":{}},"animations":{"0":{"layers":{"0":{"frameSequences":{"0":{"frames":{"0":{"id":0}}}}}}},"1":{"layers":{"0":{"frameSequences":{"0":{"frames":{"0":{"id":1}}}}}}}}}}