{"type":"furniture","name":"ads_tv_chocapic_02","visualizationType":"furniture_animated","logicType":"furniture_multistate","spritesheet":"ads_tv_chocapic_02_spritesheet.json","dimensions":{"x":3.75,"y":0.2,"z":1.875},"directions":[90,180],"assets":{"ads_tv_chocapic_02_64_c_2_3":{"x":69,"y":70},"ads_tv_chocapic_02_64_c_4_1":{"x":69,"y":71},"ads_tv_chocapic_02_64_c_2_2":{"x":69,"y":70},"ads_tv_chocapic_02_64_c_4_0":{"source":"ads_tv_chocapic_02_64_e_4_0","x":0,"y":0},"ads_tv_chocapic_02_64_c_2_1":{"x":69,"y":71},"ads_tv_chocapic_02_64_c_2_0":{"source":"ads_tv_chocapic_02_64_e_4_0","x":0,"y":0},"ads_tv_chocapic_02_64_c_2_7":{"x":69,"y":70},"ads_tv_chocapic_02_64_c_4_5":{"x":69,"y":72},"ads_tv_chocapic_02_64_c_2_6":{"x":69,"y":70},"ads_tv_chocapic_02_64_c_4_4":{"x":69,"y":72},"ads_tv_chocapic_02_64_c_2_5":{"x":69,"y":70},"ads_tv_chocapic_02_64_c_4_3":{"x":69,"y":72},"ads_tv_chocapic_02_64_c_2_4":{"x":69,"y":70},"ads_tv_chocapic_02_64_c_4_2":{"x":69,"y":72},"ads_tv_chocapic_02_64_c_4_7":{"x":69,"y":72},"ads_tv_chocapic_02_64_c_4_6":{"x":69,"y":72},"ads_tv_chocapic_02_64_b_2_2":{"x":92,"y":86},"ads_tv_chocapic_02_64_b_4_0":{"x":80,"y":86},"ads_tv_chocapic_02_64_b_2_1":{"x":92,"y":86},"ads_tv_chocapic_02_64_b_2_4":{"x":92,"y":86},"ads_tv_chocapic_02_64_b_4_2":{"x":80,"y":86},"ads_tv_chocapic_02_64_b_2_3":{"x":92,"y":86},"ads_tv_chocapic_02_64_b_4_1":{"x":80,"y":86},"ads_tv_chocapic_02_64_b_2_0":{"x":92,"y":86},"ads_tv_chocapic_02_64_b_4_4":{"x":80,"y":86},"ads_tv_chocapic_02_64_b_2_5":{"x":92,"y":86},"ads_tv_chocapic_02_64_b_4_3":{"x":80,"y":86},"ads_tv_chocapic_02_64_b_4_5":{"x":80,"y":86},"ads_tv_chocapic_02_64_a_4_1":{"source":"ads_tv_chocapic_02_64_a_4_0","x":39,"y":38},"ads_tv_chocapic_02_64_a_4_0":{"x":39,"y":38},"ads_tv_chocapic_02_64_a_2_1":{"source":"ads_tv_chocapic_02_64_a_2_0","x":79,"y":38},"ads_tv_chocapic_02_64_f_4_0":{"source":"ads_tv_chocapic_02_64_f_4_1","x":70,"y":87},"ads_tv_chocapic_02_64_a_2_0":{"x":79,"y":38},"ads_tv_chocapic_02_64_f_2_1":{"x":95,"y":87},"ads_tv_chocapic_02_64_f_4_1":{"x":70,"y":87},"ads_tv_chocapic_02_64_f_2_0":{"source":"ads_tv_chocapic_02_64_f_2_1","x":95,"y":87},"ads_tv_chocapic_02_icon_a":{"x":13,"y":10},"ads_tv_chocapic_02_64_d_2_0":{"source":"ads_tv_chocapic_02_64_d_2_1","x":69,"y":70},"ads_tv_chocapic_02_64_d_4_0":{"source":"ads_tv_chocapic_02_64_d_4_1","x":69,"y":70},"ads_tv_chocapic_02_64_e_4_1":{"x":139,"y":70},"ads_tv_chocapic_02_64_d_2_1":{"x":69,"y":70},"ads_tv_chocapic_02_64_e_4_0":{"x":0,"y":0},"ads_tv_chocapic_02_64_e_2_1":{"x":69,"y":70},"ads_tv_chocapic_02_64_e_2_0":{"source":"ads_tv_chocapic_02_64_e_4_0","x":0,"y":0},"ads_tv_chocapic_02_64_d_4_1":{"x":69,"y":70}},"visualization":{"layerCount":6,"angle":45,"layers":{"0":{"alpha":0,"z":-3000.0},"1":{"z":-2995.0},"2":{"z":-2990.0},"3":{"alpha":179,"z":-2985.0,"ink":"ADD","ignoreMouse":true},"4":{"z":-2980.0,"ink":"ADD","ignoreMouse":true},"5":{"alpha":41,"z":-3000.0}},"directions":{"2":{},"4":{}},"animations":{"0":{"layers":{"0":{"frameSequences":{"0":{"frames":{"0":{"id":0}}}}},"1":{"frameSequences":{"0":{"frames":{"0":{"id":0}}}}},"2":{"frameSequences":{"0":{"frames":{"0":{"id":0}}}}},"3":{"frameSequences":{"0":{"frames":{"0":{"id":0}}}}},"4":{"frameSequences":{"0":{"frames":{"0":{"id":0}}}}},"5":{"frameSequences":{"0":{"frames":{"0":{"id":0}}}}}}},"1":{"layers":{"1":{"frameSequences":{"0":{"frames":{"0":{"id":1},"1":{"id":2},"2":{"id":3},"3":{"id":4},"4":{"id":5}}}}},"2":{"loopCount":0,"frameRepeat":50,"frameSequences":{"0":{"frames":{"0":{"id":2},"1":{"id":2},"2":{"id":3},"3":{"id":3},"4":{"id":4},"5":{"id":4},"6":{"id":5},"7":{"id":5},"8":{"id":6},"9":{"id":6},"10":{"id":7},"11":{"id":7}}}}},"4":{"frameSequences":{"0":{"frames":{"0":{"id":1}}}}}}}}}}