{"type":"furniture","name":"ads_calip_parasol","visualizationType":"furniture_animated","logicType":"furniture_multistate","spritesheet":"ads_calip_parasol_spritesheet.json","dimensions":{"x":1.0,"y":1.0,"z":1.0},"directions":[0],"assets":{"ads_calip_parasol_64_a_0_0":{"x":12,"y":80},"ads_calip_parasol_64_a_0_1":{"x":42,"y":86},"ads_calip_parasol_64_b_0_0":{"x":11,"y":5},"ads_calip_parasol_64_b_0_1":{"x":39,"y":21},"ads_calip_parasol_icon_a":{"x":14,"y":15},"ads_calip_parasol_64_d_0_0":{"source":"ads_calip_parasol_32_e_0_1","x":0,"y":-1},"ads_calip_parasol_64_c_0_0":{"source":"ads_calip_parasol_32_e_0_1","x":0,"y":-1},"ads_calip_parasol_64_d_0_1":{"x":48,"y":91},"ads_calip_parasol_64_c_0_1":{"x":42,"y":91},"ads_calip_parasol_64_e_0_1":{"source":"ads_calip_parasol_32_e_0_1","x":0,"y":-1},"ads_calip_parasol_64_e_0_0":{"source":"ads_calip_parasol_32_e_0_1","x":0,"y":-1}},"visualization":{"layerCount":5,"angle":45,"layers":{"0":{"z":5.0},"1":{"alpha":41,"z":-3000.0},"2":{"alpha":179,"z":1004.0},"3":{"z":1004.0},"4":{"z":1010.0}},"directions":{"0":{}},"animations":{"0":{"layers":{"0":{"frameSequences":{"0":{"frames":{"0":{"id":0}}}}},"1":{"frameSequences":{"0":{"frames":{"0":{"id":0}}}}},"2":{"frameSequences":{"0":{"frames":{"0":{"id":0}}}}},"3":{"frameSequences":{"0":{"frames":{"0":{"id":0}}}}},"4":{"frameSequences":{"0":{"frames":{"0":{"id":0}}}}}}},"1":{"layers":{"0":{"frameSequences":{"0":{"frames":{"0":{"id":1}}}}},"1":{"frameSequences":{"0":{"frames":{"0":{"id":1}}}}},"2":{"frameSequences":{"0":{"frames":{"0":{"id":1}}}}},"3":{"frameSequences":{"0":{"frames":{"0":{"id":1}}}}},"4":{"frameSequences":{"0":{"frames":{"0":{"id":1}}}}}}}}}}