{"meta":{"app":"FFConverter ~ Joopie","format":"RGBA8888","image":"ads_calip_parasol.png","scale":"1.0","size":{"w":128,"h":256},"version":"1.0"},"frames":{"ads_calip_parasol_ads_calip_parasol_64_a_0_1.png":{"frame":{"x":2,"y":160,"w":90,"h":88},"sourceSize":{"w":90,"h":88},"spriteSourceSize":{"x":0,"y":0,"w":90,"h":88},"rotated":false,"trimmed":false},"ads_calip_parasol_ads_calip_parasol_32_e_0_1.png":{"frame":{"x":121,"y":247,"w":1,"h":1},"sourceSize":{"w":1,"h":1},"spriteSourceSize":{"x":0,"y":0,"w":1,"h":1},"rotated":false,"trimmed":false},"ads_calip_parasol_ads_calip_parasol_64_c_0_1.png":{"frame":{"x":2,"y":51,"w":91,"h":52},"sourceSize":{"w":91,"h":52},"spriteSourceSize":{"x":0,"y":0,"w":91,"h":52},"rotated":false,"trimmed":false},"ads_calip_parasol_ads_calip_parasol_64_b_0_0.png":{"frame":{"x":83,"y":6,"w":23,"h":11},"sourceSize":{"w":23,"h":11},"spriteSourceSize":{"x":0,"y":0,"w":23,"h":11},"rotated":false,"trimmed":false},"ads_calip_parasol_ads_calip_parasol_64_d_0_1.png":{"frame":{"x":2,"y":105,"w":97,"h":53},"sourceSize":{"w":97,"h":53},"spriteSourceSize":{"x":0,"y":0,"w":97,"h":53},"rotated":false,"trimmed":false},"ads_calip_parasol_ads_calip_parasol_64_b_0_1.png":{"frame":{"x":2,"y":5,"w":79,"h":44},"sourceSize":{"w":79,"h":44},"spriteSourceSize":{"x":0,"y":0,"w":79,"h":44},"rotated":false,"trimmed":false},"ads_calip_parasol_ads_calip_parasol_64_a_0_0.png":{"frame":{"x":94,"y":166,"w":25,"h":82},"sourceSize":{"w":25,"h":82},"spriteSourceSize":{"x":0,"y":0,"w":25,"h":82},"rotated":false,"trimmed":false},"ads_calip_parasol_ads_calip_parasol_icon_a.png":{"frame":{"x":83,"y":19,"w":29,"h":30},"sourceSize":{"w":29,"h":30},"spriteSourceSize":{"x":0,"y":0,"w":29,"h":30},"rotated":false,"trimmed":false}}}