{"type":"furniture","name":"ads_idol_wall","visualizationType":"furniture_animated","logicType":"furniture_multistate","spritesheet":"ads_idol_wall_spritesheet.json","dimensions":{"x":1.9688,"y":0.2,"z":3.375},"directions":[90,180],"assets":{"ads_idol_wall_64_b_4_4":{"x":32,"y":75},"ads_idol_wall_icon_a":{"x":8,"y":13},"ads_idol_wall_64_b_2_2":{"x":35,"y":75},"ads_idol_wall_64_b_4_0":{"source":"ads_idol_wall_64_b_2_0","x":35,"y":75,"flipH":true},"ads_idol_wall_64_b_2_3":{"x":35,"y":75},"ads_idol_wall_64_b_4_1":{"source":"ads_idol_wall_64_b_2_1","x":35,"y":75,"flipH":true},"ads_idol_wall_64_b_2_4":{"x":35,"y":75},"ads_idol_wall_64_b_4_2":{"source":"ads_idol_wall_64_b_2_2","x":35,"y":75,"flipH":true},"ads_idol_wall_64_b_4_3":{"source":"ads_idol_wall_64_b_2_3","x":35,"y":75,"flipH":true},"ads_idol_wall_64_b_2_0":{"x":35,"y":75},"ads_idol_wall_64_b_2_1":{"x":35,"y":75},"ads_idol_wall_64_a_4_0":{"source":"ads_idol_wall_64_a_2_0","x":33,"y":72,"flipH":true},"ads_idol_wall_64_a_2_0":{"x":33,"y":72}},"visualization":{"layerCount":2,"angle":45,"layers":{"0":{"z":-3000.0},"1":{"z":1000.0}},"directions":{"2":{},"4":{}},"animations":{"0":{"layers":{"0":{"frameSequences":{"0":{"frames":{"0":{"id":0}}}}},"1":{"frameSequences":{"0":{"frames":{"0":{"id":0}}}}}}},"1":{"layers":{"1":{"frameSequences":{"0":{"frames":{"0":{"id":1}}}}}}},"2":{"layers":{"1":{"frameSequences":{"0":{"frames":{"0":{"id":2}}}}}}},"3":{"layers":{"1":{"frameSequences":{"0":{"frames":{"0":{"id":3}}}}}}},"4":{"layers":{"1":{"frameSequences":{"0":{"frames":{"0":{"id":4}}}}}}}}}}