{"meta":{"app":"FFConverter ~ Joopie","format":"RGBA8888","image":"ads_idol_wall.png","scale":"1.0","size":{"w":512,"h":256},"version":"1.0"},"frames":{"ads_idol_wall_ads_idol_wall_64_b_2_0.png":{"frame":{"x":347,"y":35,"w":67,"h":144},"sourceSize":{"w":67,"h":144},"spriteSourceSize":{"x":0,"y":0,"w":67,"h":144},"rotated":false,"trimmed":false},"ads_idol_wall_ads_idol_wall_64_b_2_2.png":{"frame":{"x":209,"y":35,"w":67,"h":144},"sourceSize":{"w":67,"h":144},"spriteSourceSize":{"x":0,"y":0,"w":67,"h":144},"rotated":false,"trimmed":false},"ads_idol_wall_ads_idol_wall_64_a_2_0.png":{"frame":{"x":416,"y":41,"w":63,"h":138},"sourceSize":{"w":63,"h":138},"spriteSourceSize":{"x":0,"y":0,"w":63,"h":138},"rotated":false,"trimmed":false},"ads_idol_wall_ads_idol_wall_64_b_2_1.png":{"frame":{"x":140,"y":35,"w":67,"h":144},"sourceSize":{"w":67,"h":144},"spriteSourceSize":{"x":0,"y":0,"w":67,"h":144},"rotated":false,"trimmed":false},"ads_idol_wall_ads_idol_wall_64_b_4_4.png":{"frame":{"x":278,"y":35,"w":67,"h":144},"sourceSize":{"w":67,"h":144},"spriteSourceSize":{"x":0,"y":0,"w":67,"h":144},"rotated":false,"trimmed":false},"ads_idol_wall_ads_idol_wall_icon_a.png":{"frame":{"x":2,"y":2,"w":14,"h":31},"sourceSize":{"w":14,"h":31},"spriteSourceSize":{"x":0,"y":0,"w":14,"h":31},"rotated":false,"trimmed":false},"ads_idol_wall_ads_idol_wall_64_b_2_3.png":{"frame":{"x":2,"y":35,"w":67,"h":144},"sourceSize":{"w":67,"h":144},"spriteSourceSize":{"x":0,"y":0,"w":67,"h":144},"rotated":false,"trimmed":false},"ads_idol_wall_ads_idol_wall_64_b_2_4.png":{"frame":{"x":71,"y":35,"w":67,"h":144},"sourceSize":{"w":67,"h":144},"spriteSourceSize":{"x":0,"y":0,"w":67,"h":144},"rotated":false,"trimmed":false}}}