{"meta":{"app":"FFConverter ~ Joopie","format":"RGBA8888","image":"ads_antena3_floor.png","scale":"1.0","size":{"w":512,"h":128},"version":"1.0"},"frames":{"ads_antena3_floor_ads_antena3_floor_64_a_2_0.png":{"frame":{"x":131,"y":34,"w":127,"h":64},"sourceSize":{"w":127,"h":64},"spriteSourceSize":{"x":0,"y":0,"w":127,"h":64},"rotated":false,"trimmed":false},"ads_antena3_floor_ads_antena3_floor_64_a_4_0.png":{"frame":{"x":2,"y":33,"w":127,"h":65},"sourceSize":{"w":127,"h":65},"spriteSourceSize":{"x":0,"y":0,"w":127,"h":65},"rotated":false,"trimmed":false},"ads_antena3_floor_ads_antena3_floor_icon_a.png":{"frame":{"x":2,"y":2,"w":30,"h":29},"sourceSize":{"w":30,"h":29},"spriteSourceSize":{"x":0,"y":0,"w":30,"h":29},"rotated":false,"trimmed":false}}}