{"type":"furniture","name":"ads_dtlrare","visualizationType":"furniture_animated","logicType":"furniture_multistate","spritesheet":"ads_dtlrare_spritesheet.json","dimensions":{"x":1.0,"y":1.0,"z":1.0},"directions":[90,180],"assets":{"ads_dtlrare_64_sd_2_0":{"x":30,"y":14},"ads_dtlrare_64_a_4_0":{"x":35,"y":98},"ads_dtlrare_64_a_4_1":{"x":35,"y":98},"ads_dtlrare_icon_a":{"x":9,"y":14},"ads_dtlrare_64_sd_4_0":{"x":34,"y":14},"ads_dtlrare_64_a_2_1":{"x":30,"y":98},"ads_dtlrare_64_a_2_0":{"x":30,"y":98}},"visualization":{"layerCount":1,"angle":45,"directions":{"2":{},"4":{}},"animations":{"1":{"layers":{"0":{"loopCount":0,"frameSequences":{"0":{"frames":{"0":{"id":1}}}}}}}}}}