{"meta":{"app":"FFConverter ~ Joopie","format":"RGBA8888","image":"ads_mpu_300.png","scale":"1.0","size":{"w":1024,"h":512},"version":"1.0"},"frames":{"ads_mpu_300_ads_mpu_300_64_b_4_0.png":{"frame":{"x":316,"y":143,"w":300,"h":250},"sourceSize":{"w":300,"h":250},"spriteSourceSize":{"x":0,"y":0,"w":300,"h":250},"rotated":false,"trimmed":false},"ads_mpu_300_ads_mpu_300_icon_a.png":{"frame":{"x":2,"y":2,"w":28,"h":24},"sourceSize":{"w":28,"h":24},"spriteSourceSize":{"x":0,"y":0,"w":28,"h":24},"rotated":false,"trimmed":false},"ads_mpu_300_ads_mpu_300_64_a_4_0.png":{"frame":{"x":2,"y":28,"w":312,"h":365},"sourceSize":{"w":312,"h":365},"spriteSourceSize":{"x":0,"y":0,"w":312,"h":365},"rotated":false,"trimmed":false}}}