{"meta":{"app":"FFConverter ~ Joopie","format":"RGBA8888","image":"ads_igor_flask.png","scale":"1.0","size":{"w":64,"h":256},"version":"1.0"},"frames":{"ads_igor_flask_ads_igor_flask_64_b_0_1.png":{"frame":{"x":2,"y":106,"w":57,"h":61},"sourceSize":{"w":57,"h":61},"spriteSourceSize":{"x":0,"y":0,"w":57,"h":61},"rotated":false,"trimmed":false},"ads_igor_flask_ads_igor_flask_64_c_0_1.png":{"frame":{"x":61,"y":223,"w":1,"h":1},"sourceSize":{"w":1,"h":1},"spriteSourceSize":{"x":0,"y":0,"w":1,"h":1},"rotated":false,"trimmed":false},"ads_igor_flask_ads_igor_flask_64_sd_0_0.png":{"frame":{"x":2,"y":2,"w":26,"h":7},"sourceSize":{"w":26,"h":7},"spriteSourceSize":{"x":0,"y":0,"w":26,"h":7},"rotated":false,"trimmed":false},"ads_igor_flask_ads_igor_flask_32_c_0_0.png":{"frame":{"x":61,"y":229,"w":1,"h":1},"sourceSize":{"w":1,"h":1},"spriteSourceSize":{"x":0,"y":0,"w":1,"h":1},"rotated":false,"trimmed":false},"ads_igor_flask_ads_igor_flask_64_b_0_3.png":{"frame":{"x":2,"y":43,"w":57,"h":61},"sourceSize":{"w":57,"h":61},"spriteSourceSize":{"x":0,"y":0,"w":57,"h":61},"rotated":false,"trimmed":false},"ads_igor_flask_ads_igor_flask_64_b_0_2.png":{"frame":{"x":2,"y":169,"w":57,"h":61},"sourceSize":{"w":57,"h":61},"spriteSourceSize":{"x":0,"y":0,"w":57,"h":61},"rotated":false,"trimmed":false},"ads_igor_flask_ads_igor_flask_32_b_0_0.png":{"frame":{"x":61,"y":226,"w":1,"h":1},"sourceSize":{"w":1,"h":1},"spriteSourceSize":{"x":0,"y":0,"w":1,"h":1},"rotated":false,"trimmed":false},"ads_igor_flask_ads_igor_flask_icon_a.png":{"frame":{"x":2,"y":11,"w":26,"h":30},"sourceSize":{"w":26,"h":30},"spriteSourceSize":{"x":0,"y":0,"w":26,"h":30},"rotated":false,"trimmed":false}}}