{"type":"furniture","name":"ads_igor_flask","visualizationType":"furniture_animated","logicType":"furniture_multistate","spritesheet":"ads_igor_flask_spritesheet.json","dimensions":{"x":1.0,"y":1.0,"z":0.4375},"directions":[0],"assets":{"ads_igor_flask_64_b_0_4":{"source":"ads_igor_flask_64_b_0_2","x":30,"y":40},"ads_igor_flask_64_c_0_1":{"x":6,"y":-4},"ads_igor_flask_64_b_0_2":{"x":30,"y":40},"ads_igor_flask_64_b_0_3":{"x":30,"y":40},"s_ads_igor_flask_graphics":{"x":102,"y":90},"ads_igor_flask_icon_a":{"x":12,"y":16},"ads_igor_flask_64_sd_0_0":{"x":15,"y":0},"ads_igor_flask_64_a_0_0":{"source":"ads_igor_flask_icon_a","x":15,"y":25},"ads_igor_flask_64_b_0_0":{"source":"ads_igor_flask_32_b_0_0","x":32,"y":0},"ads_igor_flask_64_b_0_1":{"x":30,"y":40},"ads_igor_flask_graffat":{"x":118,"y":90},"ads_igor_flask_64_c_0_0":{"source":"ads_igor_flask_32_c_0_0","x":2,"y":25}},"visualization":{"layerCount":3,"angle":45,"layers":{"1":{"ink":"ADD","ignoreMouse":true}},"directions":{"0":{}},"animations":{"0":{"layers":{"0":{"frameSequences":{"0":{"frames":{"0":{"id":0}}}}},"1":{"frameSequences":{"0":{"frames":{"0":{"id":0}}}}},"2":{"frameSequences":{"0":{"frames":{"0":{"id":0}}}}}}},"1":{"layers":{"1":{"loopCount":0,"frameRepeat":6,"frameSequences":{"0":{"frames":{"0":{"id":1},"1":{"id":2},"2":{"id":3},"3":{"id":4}}}}},"2":{"frameSequences":{"0":{"frames":{"0":{"id":1}}}}}}}}}}