{"meta":{"app":"FFConverter ~ Joopie","format":"RGBA8888","image":"ads_mad3_edit.png","scale":"1.0","size":{"w":128,"h":256},"version":"1.0"},"frames":{"ads_mad3_edit_ads_mad3_edit_64_a_4_0.png":{"frame":{"x":2,"y":32,"w":44,"h":126},"sourceSize":{"w":44,"h":126},"spriteSourceSize":{"x":0,"y":0,"w":44,"h":126},"rotated":false,"trimmed":false},"ads_mad3_edit_ads_mad3_edit_64_a_2_0.png":{"frame":{"x":48,"y":32,"w":44,"h":126},"sourceSize":{"w":44,"h":126},"spriteSourceSize":{"x":0,"y":0,"w":44,"h":126},"rotated":false,"trimmed":false},"ads_mad3_edit_ads_mad3_edit_icon_a.png":{"frame":{"x":2,"y":2,"w":30,"h":28},"sourceSize":{"w":30,"h":28},"spriteSourceSize":{"x":0,"y":0,"w":30,"h":28},"rotated":false,"trimmed":false}}}