{"type":"furniture","name":"ads_twi_bwall2","visualizationType":"furniture_animated","logicType":"furniture_multistate","spritesheet":"ads_twi_bwall2_spritesheet.json","dimensions":{"x":4.0313,"y":0.2,"z":2.8438},"directions":[90,180],"assets":{"ads_twi_bwall2_64_b_2_0":{"x":70,"y":162},"ads_twi_bwall2_64_b_2_1":{"x":70,"y":162},"ads_twi_bwall2_icon_a":{"x":10,"y":15},"ads_twi_bwall2_64_a_2_0":{"x":68,"y":58},"ads_twi_bwall2_64_b_4_0":{"source":"ads_twi_bwall2_64_b_2_0","x":70,"y":162,"flipH":true},"ads_twi_bwall2_64_a_4_0":{"source":"ads_twi_bwall2_64_a_2_0","x":68,"y":58,"flipH":true},"ads_twi_bwall2_64_b_4_1":{"source":"ads_twi_bwall2_64_b_2_1","x":70,"y":162,"flipH":true}},"visualization":{"layerCount":2,"angle":45,"layers":{"0":{"z":-1900.0},"1":{"z":-3000.0}},"directions":{"2":{},"4":{}},"animations":{"0":{"layers":{"0":{"frameSequences":{"0":{"frames":{"0":{"id":0}}}}},"1":{"frameSequences":{"0":{"frames":{"0":{"id":0}}}}}}},"1":{"layers":{"1":{"frameSequences":{"0":{"frames":{"0":{"id":1}}}}}}}}}}