{"meta":{"app":"FFConverter ~ Joopie","format":"RGBA8888","image":"ads_twi_bwall2.png","scale":"1.0","size":{"w":256,"h":1024},"version":"1.0"},"frames":{"ads_twi_bwall2_ads_twi_bwall2_icon_a.png":{"frame":{"x":139,"y":661,"w":20,"h":30},"sourceSize":{"w":20,"h":30},"spriteSourceSize":{"x":0,"y":0,"w":20,"h":30},"rotated":false,"trimmed":false},"ads_twi_bwall2_ads_twi_bwall2_64_a_2_0.png":{"frame":{"x":2,"y":2,"w":129,"h":155},"sourceSize":{"w":129,"h":155},"spriteSourceSize":{"x":0,"y":0,"w":129,"h":155},"rotated":false,"trimmed":false},"ads_twi_bwall2_ads_twi_bwall2_64_b_2_1.png":{"frame":{"x":2,"y":159,"w":135,"h":265},"sourceSize":{"w":135,"h":265},"spriteSourceSize":{"x":0,"y":0,"w":135,"h":265},"rotated":false,"trimmed":false},"ads_twi_bwall2_ads_twi_bwall2_64_b_2_0.png":{"frame":{"x":2,"y":426,"w":135,"h":265},"sourceSize":{"w":135,"h":265},"spriteSourceSize":{"x":0,"y":0,"w":135,"h":265},"rotated":false,"trimmed":false}}}