{"type":"furniture","name":"ads_wwe_poster","visualizationType":"furniture_animated","logicType":"furniture_multistate","spritesheet":"ads_wwe_poster_spritesheet.json","dimensions":{"x":1.0,"y":1.0,"z":1.0},"directions":[90,180],"assets":{"ads_wwe_poster_64_b_2_0":{"x":24,"y":44},"ads_wwe_poster_icon_a":{"x":10,"y":15},"ads_wwe_poster_64_a_2_0":{"x":24,"y":48},"ads_wwe_poster_64_a_4_0":{"x":28,"y":48},"ads_wwe_poster_64_b_4_0":{"x":28,"y":44}},"visualization":{"layerCount":2,"angle":45,"layers":{"0":{"z":-2990.0},"1":{"alpha":41,"z":-3000.0}},"directions":{"2":{},"4":{}},"animations":{"0":{"layers":{"0":{"frameSequences":{"0":{"frames":{"0":{"id":0}}}}},"1":{"frameSequences":{"0":{"frames":{"0":{"id":0}}}}}}}}}}