{"meta":{"app":"FFConverter ~ Joopie","format":"RGBA8888","image":"ads_wwe_poster.png","scale":"1.0","size":{"w":256,"h":128},"version":"1.0"},"frames":{"ads_wwe_poster_ads_wwe_poster_64_a_4_0.png":{"frame":{"x":2,"y":2,"w":56,"h":96},"sourceSize":{"w":56,"h":96},"spriteSourceSize":{"x":0,"y":0,"w":56,"h":96},"rotated":false,"trimmed":false},"ads_wwe_poster_ads_wwe_poster_64_b_4_0.png":{"frame":{"x":176,"y":5,"w":56,"h":93},"sourceSize":{"w":56,"h":93},"spriteSourceSize":{"x":0,"y":0,"w":56,"h":93},"rotated":false,"trimmed":false},"ads_wwe_poster_ads_wwe_poster_64_b_2_0.png":{"frame":{"x":118,"y":5,"w":56,"h":93},"sourceSize":{"w":56,"h":93},"spriteSourceSize":{"x":0,"y":0,"w":56,"h":93},"rotated":false,"trimmed":false},"ads_wwe_poster_ads_wwe_poster_icon_a.png":{"frame":{"x":234,"y":68,"w":18,"h":30},"sourceSize":{"w":18,"h":30},"spriteSourceSize":{"x":0,"y":0,"w":18,"h":30},"rotated":false,"trimmed":false},"ads_wwe_poster_ads_wwe_poster_64_a_2_0.png":{"frame":{"x":60,"y":2,"w":56,"h":96},"sourceSize":{"w":56,"h":96},"spriteSourceSize":{"x":0,"y":0,"w":56,"h":96},"rotated":false,"trimmed":false}}}