{"meta":{"app":"FFConverter ~ Joopie","format":"RGBA8888","image":"ads_idol_tblCloth.png","scale":"1.0","size":{"w":128,"h":128},"version":"1.0"},"frames":{"ads_idol_tblCloth_ads_idol_tblCloth_64_a_0_0.png":{"frame":{"x":2,"y":49,"w":92,"h":72},"sourceSize":{"w":92,"h":72},"spriteSourceSize":{"x":0,"y":0,"w":92,"h":72},"rotated":false,"trimmed":false},"ads_idol_tblCloth_ads_idol_tblCloth_64_sd_0_0.png":{"frame":{"x":2,"y":2,"w":90,"h":45},"sourceSize":{"w":90,"h":45},"spriteSourceSize":{"x":0,"y":0,"w":90,"h":45},"rotated":false,"trimmed":false},"ads_idol_tblCloth_ads_idol_tblCloth_icon_a.png":{"frame":{"x":96,"y":98,"w":26,"h":23},"sourceSize":{"w":26,"h":23},"spriteSourceSize":{"x":0,"y":0,"w":26,"h":23},"rotated":false,"trimmed":false}}}