{"meta":{"app":"FFConverter ~ Joopie","format":"RGBA8888","image":"ads_mtvtrophy_silver.png","scale":"1.0","size":{"w":64,"h":256},"version":"1.0"},"frames":{"ads_mtvtrophy_silver_ads_mtvtrophy_silver_64_a_4_0.png":{"frame":{"x":2,"y":110,"w":45,"h":76},"sourceSize":{"w":45,"h":76},"spriteSourceSize":{"x":0,"y":0,"w":45,"h":76},"rotated":false,"trimmed":false},"ads_mtvtrophy_silver_ads_mtvtrophy_silver_64_a_2_0.png":{"frame":{"x":2,"y":35,"w":40,"h":73},"sourceSize":{"w":40,"h":73},"spriteSourceSize":{"x":0,"y":0,"w":40,"h":73},"rotated":false,"trimmed":false},"ads_mtvtrophy_silver_ads_mtvtrophy_silver_icon_a.png":{"frame":{"x":2,"y":2,"w":21,"h":19},"sourceSize":{"w":21,"h":19},"spriteSourceSize":{"x":0,"y":0,"w":21,"h":19},"rotated":false,"trimmed":false},"ads_mtvtrophy_silver_ads_mtvtrophy_silver_64_sd_0_0.png":{"frame":{"x":2,"y":23,"w":31,"h":10},"sourceSize":{"w":31,"h":10},"spriteSourceSize":{"x":0,"y":0,"w":31,"h":10},"rotated":false,"trimmed":false}}}