{"meta":{"app":"FFConverter ~ Joopie","format":"RGBA8888","image":"ads_mtv_tv2.png","scale":"1.0","size":{"w":512,"h":128},"version":"1.0"},"frames":{"ads_mtv_tv2_ads_mtv_tv2_64_c_2_4.png":{"frame":{"x":362,"y":7,"w":42,"h":55},"sourceSize":{"w":42,"h":55},"spriteSourceSize":{"x":0,"y":0,"w":42,"h":55},"rotated":false,"trimmed":false},"ads_mtv_tv2_ads_mtv_tv2_64_c_4_3.png":{"frame":{"x":362,"y":64,"w":42,"h":55},"sourceSize":{"w":42,"h":55},"spriteSourceSize":{"x":0,"y":0,"w":42,"h":55},"rotated":false,"trimmed":false},"ads_mtv_tv2_ads_mtv_tv2_64_c_4_1.png":{"frame":{"x":318,"y":64,"w":42,"h":55},"sourceSize":{"w":42,"h":55},"spriteSourceSize":{"x":0,"y":0,"w":42,"h":55},"rotated":false,"trimmed":false},"ads_mtv_tv2_ads_mtv_tv2_icon_a.png":{"frame":{"x":2,"y":5,"w":25,"h":30},"sourceSize":{"w":25,"h":30},"spriteSourceSize":{"x":0,"y":0,"w":25,"h":30},"rotated":false,"trimmed":false},"ads_mtv_tv2_ads_mtv_tv2_64_c_2_1.png":{"frame":{"x":450,"y":64,"w":42,"h":55},"sourceSize":{"w":42,"h":55},"spriteSourceSize":{"x":0,"y":0,"w":42,"h":55},"rotated":false,"trimmed":false},"ads_mtv_tv2_ads_mtv_tv2_64_b_2_1.png":{"frame":{"x":2,"y":37,"w":72,"h":82},"sourceSize":{"w":72,"h":82},"spriteSourceSize":{"x":0,"y":0,"w":72,"h":82},"rotated":false,"trimmed":false},"ads_mtv_tv2_ads_mtv_tv2_64_c_4_6.png":{"frame":{"x":318,"y":7,"w":42,"h":55},"sourceSize":{"w":42,"h":55},"spriteSourceSize":{"x":0,"y":0,"w":42,"h":55},"rotated":false,"trimmed":false},"ads_mtv_tv2_ads_mtv_tv2_64_c_4_4.png":{"frame":{"x":274,"y":7,"w":42,"h":55},"sourceSize":{"w":42,"h":55},"spriteSourceSize":{"x":0,"y":0,"w":42,"h":55},"rotated":false,"trimmed":false},"ads_mtv_tv2_ads_mtv_tv2_32_c_2_0.png":{"frame":{"x":2,"y":2,"w":1,"h":1},"sourceSize":{"w":1,"h":1},"spriteSourceSize":{"x":0,"y":0,"w":1,"h":1},"rotated":false,"trimmed":false},"ads_mtv_tv2_ads_mtv_tv2_64_a_4_0.png":{"frame":{"x":212,"y":41,"w":60,"h":78},"sourceSize":{"w":60,"h":78},"spriteSourceSize":{"x":0,"y":0,"w":60,"h":78},"rotated":false,"trimmed":false},"ads_mtv_tv2_ads_mtv_tv2_64_c_2_5.png":{"frame":{"x":406,"y":7,"w":42,"h":55},"sourceSize":{"w":42,"h":55},"spriteSourceSize":{"x":0,"y":0,"w":42,"h":55},"rotated":false,"trimmed":false},"ads_mtv_tv2_ads_mtv_tv2_64_a_2_0.png":{"frame":{"x":150,"y":41,"w":60,"h":78},"sourceSize":{"w":60,"h":78},"spriteSourceSize":{"x":0,"y":0,"w":60,"h":78},"rotated":false,"trimmed":false},"ads_mtv_tv2_ads_mtv_tv2_64_c_4_5.png":{"frame":{"x":406,"y":64,"w":42,"h":55},"sourceSize":{"w":42,"h":55},"spriteSourceSize":{"x":0,"y":0,"w":42,"h":55},"rotated":false,"trimmed":false},"ads_mtv_tv2_ads_mtv_tv2_64_c_2_6.png":{"frame":{"x":274,"y":64,"w":42,"h":55},"sourceSize":{"w":42,"h":55},"spriteSourceSize":{"x":0,"y":0,"w":42,"h":55},"rotated":false,"trimmed":false},"ads_mtv_tv2_ads_mtv_tv2_64_b_4_1.png":{"frame":{"x":76,"y":37,"w":72,"h":82},"sourceSize":{"w":72,"h":82},"spriteSourceSize":{"x":0,"y":0,"w":72,"h":82},"rotated":false,"trimmed":false}}}