{"type":"furniture","name":"ads_mtv_tv2","visualizationType":"furniture_animated","logicType":"furniture_multistate","spritesheet":"ads_mtv_tv2_spritesheet.json","dimensions":{"x":1.875,"y":0.2,"z":1.5},"directions":[90,180],"assets":{"ads_mtv_tv2_64_c_2_5":{"x":19,"y":28},"ads_mtv_tv2_64_c_4_3":{"x":23,"y":28},"ads_mtv_tv2_64_c_2_4":{"x":19,"y":28},"ads_mtv_tv2_64_c_4_2":{"source":"ads_mtv_tv2_64_c_4_3","x":23,"y":28},"ads_mtv_tv2_64_c_4_5":{"x":23,"y":28},"ads_mtv_tv2_64_c_2_6":{"x":19,"y":28},"ads_mtv_tv2_64_c_4_4":{"x":23,"y":28},"ads_mtv_tv2_64_c_4_6":{"x":23,"y":28},"ads_mtv_tv2_64_a_4_0":{"x":30,"y":39},"ads_mtv_tv2_64_c_2_1":{"x":19,"y":28},"ads_mtv_tv2_64_c_2_0":{"source":"ads_mtv_tv2_32_c_2_0","x":0,"y":1},"ads_mtv_tv2_64_c_2_3":{"source":"ads_mtv_tv2_64_c_2_1","x":19,"y":28},"ads_mtv_tv2_64_c_4_1":{"x":23,"y":28},"ads_mtv_tv2_64_a_2_0":{"x":30,"y":39},"ads_mtv_tv2_64_c_2_2":{"source":"ads_mtv_tv2_64_c_2_1","x":19,"y":28},"ads_mtv_tv2_64_c_4_0":{"source":"ads_mtv_tv2_32_c_2_0","x":0,"y":1},"ads_mtv_tv2_64_b_2_0":{"source":"ads_mtv_tv2_32_c_2_0","x":0,"y":1},"ads_mtv_tv2_64_b_4_1":{"x":52,"y":29},"ads_mtv_tv2_icon_a":{"x":12,"y":15},"ads_mtv_tv2_64_b_4_0":{"source":"ads_mtv_tv2_32_c_2_0","x":0,"y":1},"ads_mtv_tv2_64_b_2_1":{"x":20,"y":29}},"visualization":{"layerCount":3,"angle":45,"layers":{"0":{"z":-3000.0},"1":{"alpha":102,"z":-2000.0,"ink":"ADD","ignoreMouse":true},"2":{"z":-1000.0}},"directions":{"2":{},"4":{}},"animations":{"0":{"layers":{"0":{"frameSequences":{"0":{"frames":{"0":{"id":0}}}}},"1":{"frameSequences":{"0":{"frames":{"0":{"id":1}}}}},"2":{"loopCount":0,"frameRepeat":6,"frameSequences":{"0":{"frames":{"0":{"id":1},"1":{"id":1},"2":{"id":1},"3":{"id":1},"4":{"id":1},"5":{"id":1},"6":{"id":1},"7":{"id":1},"8":{"id":1},"9":{"id":1},"10":{"id":1},"11":{"id":1},"12":{"id":1},"13":{"id":1},"14":{"id":1},"15":{"id":2},"16":{"id":3},"17":{"id":4},"18":{"id":4},"19":{"id":4},"20":{"id":4},"21":{"id":4},"22":{"id":4},"23":{"id":4},"24":{"id":4},"25":{"id":4},"26":{"id":4},"27":{"id":5},"28":{"id":5},"29":{"id":5},"30":{"id":5},"31":{"id":5},"32":{"id":5},"33":{"id":5},"34":{"id":5},"35":{"id":5},"36":{"id":5},"37":{"id":6},"38":{"id":6},"39":{"id":6},"40":{"id":6},"41":{"id":6},"42":{"id":6},"43":{"id":6},"44":{"id":6},"45":{"id":6},"46":{"id":6}}}}}}},"1":{"layers":{"1":{"frameSequences":{"0":{"frames":{"0":{"id":0}}}}},"2":{"frameSequences":{"0":{"frames":{"0":{"id":0}}}}}}}}}}