{"meta":{"app":"FFConverter ~ Joopie","format":"RGBA8888","image":"ads_calip_chair.png","scale":"1.0","size":{"w":512,"h":128},"version":"1.0"},"frames":{"ads_calip_chair_ads_calip_chair_64_d_2_0.png":{"frame":{"x":301,"y":100,"w":44,"h":25},"sourceSize":{"w":44,"h":25},"spriteSourceSize":{"x":0,"y":0,"w":44,"h":25},"rotated":false,"trimmed":false},"ads_calip_chair_ads_calip_chair_64_sd_0_0.png":{"frame":{"x":152,"y":23,"w":73,"h":37},"sourceSize":{"w":73,"h":37},"spriteSourceSize":{"x":0,"y":0,"w":73,"h":37},"rotated":false,"trimmed":false},"ads_calip_chair_ads_calip_chair_64_c_2_0.png":{"frame":{"x":76,"y":61,"w":74,"h":64},"sourceSize":{"w":74,"h":64},"spriteSourceSize":{"x":0,"y":0,"w":74,"h":64},"rotated":false,"trimmed":false},"ads_calip_chair_ads_calip_chair_icon_a.png":{"frame":{"x":301,"y":67,"w":30,"h":31},"sourceSize":{"w":30,"h":31},"spriteSourceSize":{"x":0,"y":0,"w":30,"h":31},"rotated":false,"trimmed":false},"ads_calip_chair_ads_calip_chair_64_e_2_0.png":{"frame":{"x":228,"y":59,"w":71,"h":66},"sourceSize":{"w":71,"h":66},"spriteSourceSize":{"x":0,"y":0,"w":71,"h":66},"rotated":false,"trimmed":false},"ads_calip_chair_ads_calip_chair_64_b_2_0.png":{"frame":{"x":2,"y":58,"w":72,"h":67},"sourceSize":{"w":72,"h":67},"spriteSourceSize":{"x":0,"y":0,"w":72,"h":67},"rotated":false,"trimmed":false},"ads_calip_chair_ads_calip_chair_64_b_0_0.png":{"frame":{"x":347,"y":106,"w":27,"h":19},"sourceSize":{"w":27,"h":19},"spriteSourceSize":{"x":0,"y":0,"w":27,"h":19},"rotated":false,"trimmed":false},"ads_calip_chair_ads_calip_chair_64_e_0_0.png":{"frame":{"x":376,"y":108,"w":27,"h":17},"sourceSize":{"w":27,"h":17},"spriteSourceSize":{"x":0,"y":0,"w":27,"h":17},"rotated":false,"trimmed":false},"ads_calip_chair_ads_calip_chair_64_d_0_0.png":{"frame":{"x":2,"y":2,"w":72,"h":54},"sourceSize":{"w":72,"h":54},"spriteSourceSize":{"x":0,"y":0,"w":72,"h":54},"rotated":false,"trimmed":false},"ads_calip_chair_ads_calip_chair_64_c_0_0.png":{"frame":{"x":152,"y":62,"w":74,"h":63},"sourceSize":{"w":74,"h":63},"spriteSourceSize":{"x":0,"y":0,"w":74,"h":63},"rotated":false,"trimmed":false},"ads_calip_chair_ads_calip_chair_64_a_2_0.png":{"frame":{"x":76,"y":18,"w":74,"h":41},"sourceSize":{"w":74,"h":41},"spriteSourceSize":{"x":0,"y":0,"w":74,"h":41},"rotated":false,"trimmed":false}}}