{"type":"furniture","name":"ads_calip_chair","visualizationType":"furniture_static","logicType":"furniture_basic","spritesheet":"ads_calip_chair_spritesheet.json","dimensions":{"x":1.0,"y":1.0,"z":1.0},"directions":[0,90,180,270],"assets":{"ads_calip_chair_64_e_0_0":{"x":11,"y":42},"ads_calip_chair_64_e_2_0":{"x":35,"y":59},"ads_calip_chair_64_a_6_0":{"source":"ads_calip_chair_64_a_2_0","x":37,"y":25},"ads_calip_chair_64_e_4_0":{"source":"ads_calip_chair_64_e_2_0","x":35,"y":59,"flipH":true},"ads_calip_chair_64_a_4_0":{"source":"ads_calip_chair_64_a_2_0","x":37,"y":25},"ads_calip_chair_64_e_6_0":{"source":"ads_calip_chair_64_e_0_0","x":11,"y":42,"flipH":true},"ads_calip_chair_64_a_2_0":{"x":37,"y":25},"ads_calip_chair_64_sd_0_0":{"x":36,"y":20},"ads_calip_chair_64_a_0_0":{"source":"ads_calip_chair_64_a_2_0","x":37,"y":25},"ads_calip_chair_64_sd_2_0":{"source":"ads_calip_chair_64_sd_0_0","x":36,"y":20},"ads_calip_chair_64_sd_4_0":{"source":"ads_calip_chair_64_sd_0_0","x":36,"y":20},"ads_calip_chair_64_sd_6_0":{"source":"ads_calip_chair_64_sd_0_0","x":36,"y":20},"ads_calip_chair_64_d_2_0":{"x":36,"y":26},"ads_calip_chair_64_d_0_0":{"x":36,"y":46},"ads_calip_chair_64_d_6_0":{"source":"ads_calip_chair_64_d_0_0","x":36,"y":46,"flipH":true},"ads_calip_chair_icon_a":{"x":-8,"y":-7},"ads_calip_chair_64_d_4_0":{"source":"ads_calip_chair_64_d_2_0","x":36,"y":26,"flipH":true},"ads_calip_chair_64_c_4_0":{"source":"ads_calip_chair_64_c_2_0","x":37,"y":60,"flipH":true},"ads_calip_chair_64_c_2_0":{"x":37,"y":60},"ads_calip_chair_64_c_6_0":{"source":"ads_calip_chair_64_c_0_0","x":37,"y":47,"flipH":true},"ads_calip_chair_64_c_0_0":{"x":37,"y":47},"ads_calip_chair_64_b_6_0":{"source":"ads_calip_chair_64_b_0_0","x":11,"y":41,"flipH":true},"ads_calip_chair_64_b_2_0":{"x":36,"y":59},"ads_calip_chair_64_b_4_0":{"source":"ads_calip_chair_64_b_2_0","x":36,"y":59,"flipH":true},"ads_calip_chair_64_b_0_0":{"x":11,"y":41}},"visualization":{"layerCount":5,"angle":45,"layers":{"1":{"alpha":191},"3":{"alpha":191,"z":50.0}},"directions":{"0":{"layers":{"2":{"z":500.0}}},"2":{},"4":{},"6":{"layers":{"2":{"z":500.0}}}}}}