{"meta":{"app":"FFConverter ~ Joopie","format":"RGBA8888","image":"ads_spang_sleep.png","scale":"1.0","size":{"w":256,"h":128},"version":"1.0"},"frames":{"ads_spang_sleep_ads_spang_sleep_64_a_0_0.png":{"frame":{"x":2,"y":49,"w":75,"h":75},"sourceSize":{"w":75,"h":75},"spriteSourceSize":{"x":0,"y":0,"w":75,"h":75},"rotated":false,"trimmed":false},"ads_spang_sleep_ads_spang_sleep_64_e_0_0.png":{"frame":{"x":156,"y":84,"w":59,"h":40},"sourceSize":{"w":59,"h":40},"spriteSourceSize":{"x":0,"y":0,"w":59,"h":40},"rotated":false,"trimmed":false},"ads_spang_sleep_ads_spang_sleep_64_f_0_0.png":{"frame":{"x":2,"y":2,"w":70,"h":45},"sourceSize":{"w":70,"h":45},"spriteSourceSize":{"x":0,"y":0,"w":70,"h":45},"rotated":false,"trimmed":false},"ads_spang_sleep_ads_spang_sleep_64_b_0_0.png":{"frame":{"x":74,"y":31,"w":47,"h":16},"sourceSize":{"w":47,"h":16},"spriteSourceSize":{"x":0,"y":0,"w":47,"h":16},"rotated":false,"trimmed":false},"ads_spang_sleep_ads_spang_sleep_64_c_0_0.png":{"frame":{"x":156,"y":62,"w":32,"h":20},"sourceSize":{"w":32,"h":20},"spriteSourceSize":{"x":0,"y":0,"w":32,"h":20},"rotated":false,"trimmed":false},"ads_spang_sleep_ads_spang_sleep_icon_a.png":{"frame":{"x":217,"y":103,"w":30,"h":21},"sourceSize":{"w":30,"h":21},"spriteSourceSize":{"x":0,"y":0,"w":30,"h":21},"rotated":false,"trimmed":false},"ads_spang_sleep_ads_spang_sleep_64_a_2_0.png":{"frame":{"x":79,"y":49,"w":75,"h":75},"sourceSize":{"w":75,"h":75},"spriteSourceSize":{"x":0,"y":0,"w":75,"h":75},"rotated":false,"trimmed":false},"ads_spang_sleep_ads_spang_sleep_64_d_0_0.png":{"frame":{"x":74,"y":15,"w":26,"h":14},"sourceSize":{"w":26,"h":14},"spriteSourceSize":{"x":0,"y":0,"w":26,"h":14},"rotated":false,"trimmed":false},"ads_spang_sleep_ads_spang_sleep_64_g_0_0.png":{"frame":{"x":123,"y":46,"w":1,"h":1},"sourceSize":{"w":1,"h":1},"spriteSourceSize":{"x":0,"y":0,"w":1,"h":1},"rotated":false,"trimmed":false}}}