{"type":"furniture","name":"ads_spang_sleep","visualizationType":"furniture_static","logicType":"furniture_basic","spritesheet":"ads_spang_sleep_spritesheet.json","dimensions":{"x":1.0,"y":3.0,"z":0.8},"directions":[0,90],"assets":{"ads_spang_sleep_64_b_0_0":{"x":36,"y":7},"ads_spang_sleep_64_g_2_0":{"source":"ads_spang_sleep_64_g_0_0","x":0,"y":34},"ads_spang_sleep_64_b_2_0":{"source":"ads_spang_sleep_64_b_0_0","x":36,"y":7,"flipH":true},"ads_spang_sleep_64_g_0_0":{"x":20,"y":38},"ads_spang_sleep_64_d_0_0":{"x":18,"y":-4},"ads_spang_sleep_64_e_2_0":{"source":"ads_spang_sleep_64_e_0_0","x":99,"y":-9,"flipH":true},"ads_spang_sleep_icon_a":{"x":14,"y":11},"ads_spang_sleep_64_a_2_0":{"x":30,"y":38},"ads_spang_sleep_64_f_0_0":{"x":86,"y":3},"ads_spang_sleep_64_a_0_0":{"x":45,"y":38},"ads_spang_sleep_64_c_2_0":{"source":"ads_spang_sleep_64_c_0_0","x":74,"y":13,"flipH":true},"ads_spang_sleep_64_f_2_0":{"source":"ads_spang_sleep_64_f_0_0","x":86,"y":3,"flipH":true},"ads_spang_sleep_64_c_0_0":{"x":74,"y":13},"ads_spang_sleep_64_d_2_0":{"source":"ads_spang_sleep_64_d_0_0","x":18,"y":-4,"flipH":true},"ads_spang_sleep_64_e_0_0":{"x":99,"y":-9}},"visualization":{"layerCount":7,"angle":45,"layers":{"0":{"z":-99.0},"1":{"z":-100.0},"2":{"z":1896.0},"4":{"z":1896.0},"5":{"z":1895.0},"6":{"z":-99.0}},"directions":{"0":{},"2":{}}}}