{"meta":{"app":"FFConverter ~ Joopie","format":"RGBA8888","image":"anc_ele_rock.png","scale":"1.0","size":{"w":2048,"h":128},"version":"1.0"},"frames":{"anc_ele_rock_anc_ele_rock_64_a_4_0.png":{"frame":{"x":1847,"y":95,"w":65,"h":31},"sourceSize":{"w":65,"h":31},"spriteSourceSize":{"x":0,"y":0,"w":65,"h":31},"rotated":false,"trimmed":false},"anc_ele_rock_anc_ele_rock_64_b_0_1.png":{"frame":{"x":1370,"y":79,"w":67,"h":47},"sourceSize":{"w":67,"h":47},"spriteSourceSize":{"x":0,"y":0,"w":67,"h":47},"rotated":false,"trimmed":false},"anc_ele_rock_anc_ele_rock_64_b_6_4.png":{"frame":{"x":142,"y":32,"w":68,"h":94},"sourceSize":{"w":68,"h":94},"spriteSourceSize":{"x":0,"y":0,"w":68,"h":94},"rotated":false,"trimmed":false},"anc_ele_rock_anc_ele_rock_64_a_0_1.png":{"frame":{"x":1573,"y":81,"w":65,"h":45},"sourceSize":{"w":65,"h":45},"spriteSourceSize":{"x":0,"y":0,"w":65,"h":45},"rotated":false,"trimmed":false},"anc_ele_rock_anc_ele_rock_64_b_4_4.png":{"frame":{"x":2,"y":29,"w":68,"h":97},"sourceSize":{"w":68,"h":97},"spriteSourceSize":{"x":0,"y":0,"w":68,"h":97},"rotated":false,"trimmed":false},"anc_ele_rock_anc_ele_rock_64_b_4_0.png":{"frame":{"x":1640,"y":93,"w":67,"h":33},"sourceSize":{"w":67,"h":33},"spriteSourceSize":{"x":0,"y":0,"w":67,"h":33},"rotated":false,"trimmed":false},"anc_ele_rock_anc_ele_rock_64_b_0_2.png":{"frame":{"x":962,"y":62,"w":67,"h":64},"sourceSize":{"w":67,"h":64},"spriteSourceSize":{"x":0,"y":0,"w":67,"h":64},"rotated":false,"trimmed":false},"anc_ele_rock_anc_ele_rock_64_a_6_4.png":{"frame":{"x":348,"y":34,"w":66,"h":92},"sourceSize":{"w":66,"h":92},"spriteSourceSize":{"x":0,"y":0,"w":66,"h":92},"rotated":false,"trimmed":false},"anc_ele_rock_anc_ele_rock_64_b_6_0.png":{"frame":{"x":1709,"y":94,"w":67,"h":32},"sourceSize":{"w":67,"h":32},"spriteSourceSize":{"x":0,"y":0,"w":67,"h":32},"rotated":false,"trimmed":false},"anc_ele_rock_anc_ele_rock_64_b_0_0.png":{"frame":{"x":1778,"y":94,"w":67,"h":32},"sourceSize":{"w":67,"h":32},"spriteSourceSize":{"x":0,"y":0,"w":67,"h":32},"rotated":false,"trimmed":false},"anc_ele_rock_anc_ele_rock_64_a_4_1.png":{"frame":{"x":1439,"y":80,"w":65,"h":46},"sourceSize":{"w":65,"h":46},"spriteSourceSize":{"x":0,"y":0,"w":65,"h":46},"rotated":false,"trimmed":false},"anc_ele_rock_anc_ele_rock_64_a_6_0.png":{"frame":{"x":348,"y":2,"w":65,"h":30},"sourceSize":{"w":65,"h":30},"spriteSourceSize":{"x":0,"y":0,"w":65,"h":30},"rotated":false,"trimmed":false},"anc_ele_rock_anc_ele_rock_64_a_0_3.png":{"frame":{"x":757,"y":48,"w":65,"h":78},"sourceSize":{"w":65,"h":78},"spriteSourceSize":{"x":0,"y":0,"w":65,"h":78},"rotated":false,"trimmed":false},"anc_ele_rock_anc_ele_rock_64_b_4_1.png":{"frame":{"x":1232,"y":78,"w":67,"h":48},"sourceSize":{"w":67,"h":48},"spriteSourceSize":{"x":0,"y":0,"w":67,"h":48},"rotated":false,"trimmed":false},"anc_ele_rock_anc_ele_rock_64_a_0_0.png":{"frame":{"x":415,"y":2,"w":65,"h":30},"sourceSize":{"w":65,"h":30},"spriteSourceSize":{"x":0,"y":0,"w":65,"h":30},"rotated":false,"trimmed":false},"anc_ele_rock_anc_ele_rock_64_b_0_3.png":{"frame":{"x":554,"y":46,"w":67,"h":80},"sourceSize":{"w":67,"h":80},"spriteSourceSize":{"x":0,"y":0,"w":67,"h":80},"rotated":false,"trimmed":false},"anc_ele_rock_anc_ele_rock_64_a_6_1.png":{"frame":{"x":1506,"y":81,"w":65,"h":45},"sourceSize":{"w":65,"h":45},"spriteSourceSize":{"x":0,"y":0,"w":65,"h":45},"rotated":false,"trimmed":false},"anc_ele_rock_anc_ele_rock_64_a_4_2.png":{"frame":{"x":1031,"y":63,"w":65,"h":63},"sourceSize":{"w":65,"h":63},"spriteSourceSize":{"x":0,"y":0,"w":65,"h":63},"rotated":false,"trimmed":false},"anc_ele_rock_anc_ele_rock_64_b_4_2.png":{"frame":{"x":824,"y":61,"w":67,"h":65},"sourceSize":{"w":67,"h":65},"spriteSourceSize":{"x":0,"y":0,"w":67,"h":65},"rotated":false,"trimmed":false},"anc_ele_rock_anc_ele_rock_icon_a.png":{"frame":{"x":1914,"y":97,"w":29,"h":29},"sourceSize":{"w":29,"h":29},"spriteSourceSize":{"x":0,"y":0,"w":29,"h":29},"rotated":false,"trimmed":false},"anc_ele_rock_anc_ele_rock_64_a_0_4.png":{"frame":{"x":280,"y":32,"w":66,"h":94},"sourceSize":{"w":66,"h":94},"spriteSourceSize":{"x":0,"y":0,"w":66,"h":94},"rotated":false,"trimmed":false},"anc_ele_rock_anc_ele_rock_64_b_0_4.png":{"frame":{"x":72,"y":30,"w":68,"h":96},"sourceSize":{"w":68,"h":96},"spriteSourceSize":{"x":0,"y":0,"w":68,"h":96},"rotated":false,"trimmed":false},"anc_ele_rock_anc_ele_rock_64_b_6_1.png":{"frame":{"x":1301,"y":79,"w":67,"h":47},"sourceSize":{"w":67,"h":47},"spriteSourceSize":{"x":0,"y":0,"w":67,"h":47},"rotated":false,"trimmed":false},"anc_ele_rock_anc_ele_rock_64_a_4_3.png":{"frame":{"x":623,"y":47,"w":65,"h":79},"sourceSize":{"w":65,"h":79},"spriteSourceSize":{"x":0,"y":0,"w":65,"h":79},"rotated":false,"trimmed":false},"anc_ele_rock_anc_ele_rock_64_a_6_2.png":{"frame":{"x":1098,"y":64,"w":65,"h":62},"sourceSize":{"w":65,"h":62},"spriteSourceSize":{"x":0,"y":0,"w":65,"h":62},"rotated":false,"trimmed":false},"anc_ele_rock_anc_ele_rock_64_b_6_2.png":{"frame":{"x":893,"y":62,"w":67,"h":64},"sourceSize":{"w":67,"h":64},"spriteSourceSize":{"x":0,"y":0,"w":67,"h":64},"rotated":false,"trimmed":false},"anc_ele_rock_anc_ele_rock_64_b_4_3.png":{"frame":{"x":416,"y":45,"w":67,"h":81},"sourceSize":{"w":67,"h":81},"spriteSourceSize":{"x":0,"y":0,"w":67,"h":81},"rotated":false,"trimmed":false},"anc_ele_rock_anc_ele_rock_64_a_0_2.png":{"frame":{"x":1165,"y":64,"w":65,"h":62},"sourceSize":{"w":65,"h":62},"spriteSourceSize":{"x":0,"y":0,"w":65,"h":62},"rotated":false,"trimmed":false},"anc_ele_rock_anc_ele_rock_64_b_6_3.png":{"frame":{"x":485,"y":46,"w":67,"h":80},"sourceSize":{"w":67,"h":80},"spriteSourceSize":{"x":0,"y":0,"w":67,"h":80},"rotated":false,"trimmed":false},"anc_ele_rock_anc_ele_rock_64_a_6_3.png":{"frame":{"x":690,"y":48,"w":65,"h":78},"sourceSize":{"w":65,"h":78},"spriteSourceSize":{"x":0,"y":0,"w":65,"h":78},"rotated":false,"trimmed":false},"anc_ele_rock_anc_ele_rock_64_a_4_4.png":{"frame":{"x":212,"y":31,"w":66,"h":95},"sourceSize":{"w":66,"h":95},"spriteSourceSize":{"x":0,"y":0,"w":66,"h":95},"rotated":false,"trimmed":false}}}