{"type":"furniture","name":"anc_ele_rock","visualizationType":"furniture_animated","logicType":"furniture_multiheight","spritesheet":"anc_ele_rock_spritesheet.json","dimensions":{"x":1.0,"y":1.0,"z":0.0},"directions":[180,0,270],"assets":{"anc_ele_rock_64_b_4_4":{"x":34,"y":80},"anc_ele_rock_64_b_6_2":{"x":33,"y":47},"anc_ele_rock_64_b_4_3":{"x":33,"y":64},"anc_ele_rock_64_b_6_1":{"x":33,"y":30},"anc_ele_rock_64_b_4_2":{"x":33,"y":48},"anc_ele_rock_64_b_6_0":{"x":33,"y":15},"anc_ele_rock_64_b_4_1":{"x":33,"y":31},"anc_ele_rock_64_b_6_4":{"x":34,"y":77},"anc_ele_rock_64_b_6_3":{"x":33,"y":63},"anc_ele_rock_64_b_0_0":{"x":33,"y":15},"anc_ele_rock_64_b_4_0":{"x":33,"y":16},"anc_ele_rock_64_b_0_4":{"x":34,"y":79},"anc_ele_rock_64_b_0_3":{"x":33,"y":63},"anc_ele_rock_64_b_0_2":{"x":33,"y":47},"anc_ele_rock_64_b_0_1":{"x":33,"y":30},"anc_ele_rock_64_a_6_4":{"x":33,"y":76},"anc_ele_rock_64_a_4_3":{"x":32,"y":63},"anc_ele_rock_64_a_6_1":{"x":32,"y":29},"anc_ele_rock_64_a_4_2":{"x":32,"y":47},"anc_ele_rock_64_a_6_0":{"x":32,"y":14},"anc_ele_rock_64_a_6_3":{"x":32,"y":62},"anc_ele_rock_64_a_4_4":{"x":33,"y":79},"anc_ele_rock_64_a_6_2":{"x":32,"y":46},"anc_ele_rock_64_a_0_3":{"x":32,"y":62},"anc_ele_rock_64_a_0_2":{"x":32,"y":46},"anc_ele_rock_64_a_4_1":{"x":32,"y":30},"anc_ele_rock_64_a_4_0":{"x":32,"y":15},"anc_ele_rock_64_a_0_4":{"x":33,"y":78},"anc_ele_rock_64_a_0_1":{"x":32,"y":29},"anc_ele_rock_64_a_0_0":{"x":32,"y":14},"anc_ele_rock_icon_a":{"x":13,"y":18}},"visualization":{"layerCount":2,"angle":45,"layers":{"0":{"z":-100.0},"1":{"z":-1110.0}},"directions":{"0":{},"4":{},"6":{}},"animations":{"0":{"layers":{"0":{"frameSequences":{"0":{"frames":{"0":{"id":0}}}}},"1":{"frameSequences":{"0":{"frames":{"0":{"id":0}}}}}}},"1":{"layers":{"0":{"frameSequences":{"0":{"frames":{"0":{"id":1}}}}},"1":{"frameSequences":{"0":{"frames":{"0":{"id":1}}}}}}},"2":{"layers":{"0":{"frameSequences":{"0":{"frames":{"0":{"id":2}}}}},"1":{"frameSequences":{"0":{"frames":{"0":{"id":2}}}}}}},"3":{"layers":{"0":{"frameSequences":{"0":{"frames":{"0":{"id":3}}}}},"1":{"frameSequences":{"0":{"frames":{"0":{"id":3}}}}}}},"4":{"layers":{"0":{"frameSequences":{"0":{"frames":{"0":{"id":4}}}}},"1":{"frameSequences":{"0":{"frames":{"0":{"id":4}}}}}}}}}}