{"type":"furniture","name":"ads_idol_clRack","visualizationType":"furniture_static","logicType":"furniture_basic","spritesheet":"ads_idol_clRack_spritesheet.json","dimensions":{"x":3.0,"y":1.0,"z":2.7},"directions":[0,90,180,270],"assets":{"ads_idol_clRack_64_b_6_0":{"source":"ads_idol_clRack_64_b_0_0","x":0,"y":70,"flipH":true},"ads_idol_clRack_64_sd_6_0":{"source":"ads_idol_clRack_64_sd_0_0","x":23,"y":9,"flipH":true},"ads_idol_clRack_64_sd_4_0":{"source":"ads_idol_clRack_64_sd_0_0","x":23,"y":9},"ads_idol_clRack_64_a_6_0":{"source":"ads_idol_clRack_64_a_0_0","x":30,"y":79,"flipH":true},"ads_idol_clRack_64_c_0_0":{"x":-32,"y":57},"ads_idol_clRack_64_a_4_0":{"source":"ads_idol_clRack_64_a_2_0","x":0,"y":79,"flipH":true},"ads_idol_clRack_64_a_2_0":{"x":0,"y":79},"ads_idol_clRack_64_c_4_0":{"source":"ads_idol_clRack_64_c_2_0","x":88,"y":55,"flipH":true},"ads_idol_clRack_64_a_0_0":{"x":30,"y":79},"ads_idol_clRack_64_c_2_0":{"x":88,"y":55},"ads_idol_clRack_icon_a":{"x":15,"y":14},"ads_idol_clRack_64_c_6_0":{"source":"ads_idol_clRack_64_c_0_0","x":-32,"y":57,"flipH":true},"ads_idol_clRack_64_b_2_0":{"x":32,"y":70},"ads_idol_clRack_64_sd_0_0":{"x":23,"y":9},"ads_idol_clRack_64_b_4_0":{"source":"ads_idol_clRack_64_b_2_0","x":32,"y":70,"flipH":true},"ads_idol_clRack_64_sd_2_0":{"source":"ads_idol_clRack_64_sd_0_0","x":23,"y":9,"flipH":true},"ads_idol_clRack_64_b_0_0":{"x":0,"y":70}},"visualization":{"layerCount":3,"angle":45,"layers":{"0":{"z":-1.0},"1":{"z":200.0},"2":{"z":1900.0}},"directions":{"0":{},"2":{},"4":{},"6":{}}}}