{"meta":{"app":"FFConverter ~ Joopie","format":"RGBA8888","image":"ads_idol_clRack.png","scale":"1.0","size":{"w":512,"h":128},"version":"1.0"},"frames":{"ads_idol_clRack_ads_idol_clRack_64_a_2_0.png":{"frame":{"x":294,"y":25,"w":30,"h":81},"sourceSize":{"w":30,"h":81},"spriteSourceSize":{"x":0,"y":0,"w":30,"h":81},"rotated":false,"trimmed":false},"ads_idol_clRack_ads_idol_clRack_64_sd_0_0.png":{"frame":{"x":60,"y":53,"w":106,"h":53},"sourceSize":{"w":106,"h":53},"spriteSourceSize":{"x":0,"y":0,"w":106,"h":53},"rotated":false,"trimmed":false},"ads_idol_clRack_ads_idol_clRack_64_c_0_0.png":{"frame":{"x":2,"y":2,"w":56,"h":104},"sourceSize":{"w":56,"h":104},"spriteSourceSize":{"x":0,"y":0,"w":56,"h":104},"rotated":false,"trimmed":false},"ads_idol_clRack_ads_idol_clRack_64_c_2_0.png":{"frame":{"x":168,"y":4,"w":56,"h":102},"sourceSize":{"w":56,"h":102},"spriteSourceSize":{"x":0,"y":0,"w":56,"h":102},"rotated":false,"trimmed":false},"ads_idol_clRack_ads_idol_clRack_64_a_0_0.png":{"frame":{"x":326,"y":25,"w":30,"h":81},"sourceSize":{"w":30,"h":81},"spriteSourceSize":{"x":0,"y":0,"w":30,"h":81},"rotated":false,"trimmed":false},"ads_idol_clRack_ads_idol_clRack_icon_a.png":{"frame":{"x":60,"y":21,"w":30,"h":30},"sourceSize":{"w":30,"h":30},"spriteSourceSize":{"x":0,"y":0,"w":30,"h":30},"rotated":false,"trimmed":false},"ads_idol_clRack_ads_idol_clRack_64_b_0_0.png":{"frame":{"x":226,"y":23,"w":32,"h":83},"sourceSize":{"w":32,"h":83},"spriteSourceSize":{"x":0,"y":0,"w":32,"h":83},"rotated":false,"trimmed":false},"ads_idol_clRack_ads_idol_clRack_64_b_2_0.png":{"frame":{"x":260,"y":23,"w":32,"h":83},"sourceSize":{"w":32,"h":83},"spriteSourceSize":{"x":0,"y":0,"w":32,"h":83},"rotated":false,"trimmed":false}}}