{"meta":{"app":"FFConverter ~ Joopie","format":"RGBA8888","image":"ads_pepsi0.png","scale":"1.0","size":{"w":512,"h":256},"version":"1.0"},"frames":{"ads_pepsi0_ads_pepsi0_64_sd_2_0.png":{"frame":{"x":270,"y":164,"w":66,"h":20},"sourceSize":{"w":66,"h":20},"spriteSourceSize":{"x":0,"y":0,"w":66,"h":20},"rotated":false,"trimmed":false},"ads_pepsi0_ads_pepsi0_icon_a.png":{"frame":{"x":2,"y":2,"w":18,"h":30},"sourceSize":{"w":18,"h":30},"spriteSourceSize":{"x":0,"y":0,"w":18,"h":30},"rotated":false,"trimmed":false},"ads_pepsi0_ads_pepsi0_64_a_2_0.png":{"frame":{"x":136,"y":56,"w":65,"h":128},"sourceSize":{"w":65,"h":128},"spriteSourceSize":{"x":0,"y":0,"w":65,"h":128},"rotated":false,"trimmed":false},"ads_pepsi0_ads_pepsi0_64_a_4_0.png":{"frame":{"x":2,"y":56,"w":65,"h":128},"sourceSize":{"w":65,"h":128},"spriteSourceSize":{"x":0,"y":0,"w":65,"h":128},"rotated":false,"trimmed":false},"ads_pepsi0_ads_pepsi0_64_a_4_1.png":{"frame":{"x":69,"y":56,"w":65,"h":128},"sourceSize":{"w":65,"h":128},"spriteSourceSize":{"x":0,"y":0,"w":65,"h":128},"rotated":false,"trimmed":false},"ads_pepsi0_ads_pepsi0_64_a_2_1.png":{"frame":{"x":203,"y":56,"w":65,"h":128},"sourceSize":{"w":65,"h":128},"spriteSourceSize":{"x":0,"y":0,"w":65,"h":128},"rotated":false,"trimmed":false},"ads_pepsi0_ads_pepsi0_64_sd_4_0.png":{"frame":{"x":2,"y":34,"w":66,"h":20},"sourceSize":{"w":66,"h":20},"spriteSourceSize":{"x":0,"y":0,"w":66,"h":20},"rotated":false,"trimmed":false}}}