{"type":"furniture","name":"ads_pepsi0","visualizationType":"furniture_animated","logicType":"furniture_multistate","spritesheet":"ads_pepsi0_spritesheet.json","dimensions":{"x":1.0,"y":1.0,"z":1.0},"directions":[90,180],"assets":{"ads_pepsi0_64_a_2_0":{"x":32,"y":116},"ads_pepsi0_64_a_4_0":{"x":32,"y":116},"ads_pepsi0_64_a_2_1":{"x":32,"y":116},"ads_pepsi0_icon_a":{"x":10,"y":15},"ads_pepsi0_64_sd_4_0":{"x":32,"y":5},"ads_pepsi0_64_sd_2_0":{"x":33,"y":5},"ads_pepsi0_64_a_4_1":{"x":32,"y":116}},"visualization":{"layerCount":1,"angle":45,"directions":{"2":{},"4":{}},"animations":{"0":{"layers":{"0":{"frameSequences":{"0":{"frames":{"0":{"id":0}}}}}}},"1":{"layers":{"0":{"frameSequences":{"0":{"frames":{"0":{"id":1}}}}}}}}}}