{"type":"furniture","name":"ads_twi_chair","visualizationType":"furniture_static","logicType":"furniture_basic","spritesheet":"ads_twi_chair_spritesheet.json","dimensions":{"x":1.0,"y":1.0,"z":1.35},"directions":[0,90,180,270],"assets":{"ads_twi_chair_64_sd_2_0":{"source":"ads_twi_chair_64_sd_0_0","x":29,"y":14},"ads_twi_chair_64_sd_4_0":{"source":"ads_twi_chair_64_sd_0_0","x":29,"y":14},"ads_twi_chair_64_a_2_0":{"source":"ads_twi_chair_64_a_4_0","x":5,"y":95,"flipH":true},"ads_twi_chair_64_sd_0_0":{"x":29,"y":14},"ads_twi_chair_64_a_0_0":{"source":"ads_twi_chair_64_a_6_0","x":26,"y":34,"flipH":true},"ads_twi_chair_64_a_6_0":{"x":26,"y":34},"ads_twi_chair_64_a_4_0":{"x":5,"y":95},"ads_twi_chair_64_sd_6_0":{"source":"ads_twi_chair_64_sd_0_0","x":29,"y":14},"ads_twi_chair_64_c_6_0":{"x":37,"y":98},"ads_twi_chair_64_b_0_0":{"source":"ads_twi_chair_64_b_6_0","x":-5,"y":20,"flipH":true},"ads_twi_chair_64_c_4_0":{"x":11,"y":93},"ads_twi_chair_64_b_2_0":{"source":"ads_twi_chair_64_b_4_0","x":39,"y":113,"flipH":true},"ads_twi_chair_icon_a":{"x":10,"y":16},"ads_twi_chair_64_c_2_0":{"source":"ads_twi_chair_64_c_4_0","x":11,"y":93,"flipH":true},"ads_twi_chair_64_b_4_0":{"x":39,"y":113},"ads_twi_chair_64_c_0_0":{"source":"ads_twi_chair_64_c_6_0","x":37,"y":98,"flipH":true},"ads_twi_chair_64_b_6_0":{"x":-5,"y":20}},"visualization":{"layerCount":3,"angle":45,"layers":{"2":{"z":700.0}},"directions":{"0":{},"2":{},"4":{},"6":{}}}}