{"meta":{"app":"FFConverter ~ Joopie","format":"RGBA8888","image":"ads_twi_chair.png","scale":"1.0","size":{"w":512,"h":128},"version":"1.0"},"frames":{"ads_twi_chair_ads_twi_chair_64_sd_0_0.png":{"frame":{"x":227,"y":90,"w":58,"h":29},"sourceSize":{"w":58,"h":29},"spriteSourceSize":{"x":0,"y":0,"w":58,"h":29},"rotated":false,"trimmed":false},"ads_twi_chair_ads_twi_chair_64_a_6_0.png":{"frame":{"x":227,"y":60,"w":24,"h":28},"sourceSize":{"w":24,"h":28},"spriteSourceSize":{"x":0,"y":0,"w":24,"h":28},"rotated":false,"trimmed":false},"ads_twi_chair_ads_twi_chair_64_b_6_0.png":{"frame":{"x":287,"y":104,"w":19,"h":15},"sourceSize":{"w":19,"h":15},"spriteSourceSize":{"x":0,"y":0,"w":19,"h":15},"rotated":false,"trimmed":false},"ads_twi_chair_ads_twi_chair_64_c_4_0.png":{"frame":{"x":144,"y":10,"w":43,"h":109},"sourceSize":{"w":43,"h":109},"spriteSourceSize":{"x":0,"y":0,"w":43,"h":109},"rotated":false,"trimmed":false},"ads_twi_chair_ads_twi_chair_icon_a.png":{"frame":{"x":227,"y":27,"w":19,"h":31},"sourceSize":{"w":19,"h":31},"spriteSourceSize":{"x":0,"y":0,"w":19,"h":31},"rotated":false,"trimmed":false},"ads_twi_chair_ads_twi_chair_64_c_6_0.png":{"frame":{"x":73,"y":5,"w":69,"h":114},"sourceSize":{"w":69,"h":114},"spriteSourceSize":{"x":0,"y":0,"w":69,"h":114},"rotated":false,"trimmed":false},"ads_twi_chair_ads_twi_chair_64_b_4_0.png":{"frame":{"x":2,"y":2,"w":69,"h":117},"sourceSize":{"w":69,"h":117},"spriteSourceSize":{"x":0,"y":0,"w":69,"h":117},"rotated":false,"trimmed":false},"ads_twi_chair_ads_twi_chair_64_a_4_0.png":{"frame":{"x":189,"y":21,"w":36,"h":98},"sourceSize":{"w":36,"h":98},"spriteSourceSize":{"x":0,"y":0,"w":36,"h":98},"rotated":false,"trimmed":false}}}