{"meta":{"app":"FFConverter ~ Joopie","format":"RGBA8888","image":"ads_cl_sofa.png","scale":"1.0","size":{"w":256,"h":128},"version":"1.0"},"frames":{"ads_cl_sofa_ads_cl_sofa_64_a_2_0.png":{"frame":{"x":2,"y":57,"w":57,"h":69},"sourceSize":{"w":57,"h":69},"spriteSourceSize":{"x":0,"y":0,"w":57,"h":69},"rotated":false,"trimmed":false},"ads_cl_sofa_ads_cl_sofa_64_sd_2_0.png":{"frame":{"x":120,"y":93,"w":91,"h":33},"sourceSize":{"w":91,"h":33},"spriteSourceSize":{"x":0,"y":0,"w":91,"h":33},"rotated":false,"trimmed":false},"ads_cl_sofa_ads_cl_sofa_icon_a.png":{"frame":{"x":213,"y":99,"w":30,"h":27},"sourceSize":{"w":30,"h":27},"spriteSourceSize":{"x":0,"y":0,"w":30,"h":27},"rotated":false,"trimmed":false},"ads_cl_sofa_ads_cl_sofa_64_c_6_0.png":{"frame":{"x":120,"y":35,"w":61,"h":56},"sourceSize":{"w":61,"h":56},"spriteSourceSize":{"x":0,"y":0,"w":61,"h":56},"rotated":false,"trimmed":false},"ads_cl_sofa_ads_cl_sofa_64_b_2_0.png":{"frame":{"x":61,"y":58,"w":57,"h":68},"sourceSize":{"w":57,"h":68},"spriteSourceSize":{"x":0,"y":0,"w":57,"h":68},"rotated":false,"trimmed":false},"ads_cl_sofa_ads_cl_sofa_64_c_2_0.png":{"frame":{"x":2,"y":2,"w":31,"h":53},"sourceSize":{"w":31,"h":53},"spriteSourceSize":{"x":0,"y":0,"w":31,"h":53},"rotated":false,"trimmed":false},"ads_cl_sofa_ads_cl_sofa_64_b_6_0.png":{"frame":{"x":61,"y":32,"w":49,"h":24},"sourceSize":{"w":49,"h":24},"spriteSourceSize":{"x":0,"y":0,"w":49,"h":24},"rotated":false,"trimmed":false},"ads_cl_sofa_ads_cl_sofa_64_a_6_0.png":{"frame":{"x":217,"y":86,"w":25,"h":11},"sourceSize":{"w":25,"h":11},"spriteSourceSize":{"x":0,"y":0,"w":25,"h":11},"rotated":false,"trimmed":false},"ads_cl_sofa_ads_cl_sofa_64_p_4_0.png":{"frame":{"x":245,"y":125,"w":1,"h":1},"sourceSize":{"w":1,"h":1},"spriteSourceSize":{"x":0,"y":0,"w":1,"h":1},"rotated":false,"trimmed":false},"ads_cl_sofa_ads_cl_sofa_64_d_6_0.png":{"frame":{"x":183,"y":36,"w":32,"h":55},"sourceSize":{"w":32,"h":55},"spriteSourceSize":{"x":0,"y":0,"w":32,"h":55},"rotated":false,"trimmed":false}}}