{"type":"furniture","name":"ads_cl_sofa","visualizationType":"furniture_static","logicType":"furniture_basic","spritesheet":"ads_cl_sofa_spritesheet.json","dimensions":{"x":2.0,"y":1.0,"z":1.0},"directions":[0,90,180,270],"assets":{"ads_cl_sofa_64_b_0_0":{"source":"ads_cl_sofa_64_b_6_0","x":21,"y":43,"flipH":true},"ads_cl_sofa_64_b_2_0":{"x":27,"y":50},"ads_cl_sofa_64_d_0_0":{"source":"ads_cl_sofa_64_d_6_0","x":2,"y":39,"flipH":true},"ads_cl_sofa_icon_a":{"x":15,"y":13},"ads_cl_sofa_64_d_2_0":{"source":"ads_cl_sofa_64_p_4_0","x":32,"y":0},"ads_cl_sofa_64_d_4_0":{"source":"ads_cl_sofa_64_p_4_0","x":32,"y":0},"ads_cl_sofa_64_b_4_0":{"source":"ads_cl_sofa_64_b_2_0","x":27,"y":50,"flipH":true},"ads_cl_sofa_64_d_6_0":{"x":2,"y":39},"ads_cl_sofa_64_b_6_0":{"x":21,"y":43},"ads_cl_sofa_64_a_4_0":{"source":"ads_cl_sofa_64_a_2_0","x":59,"y":38,"flipH":true},"ads_cl_sofa_64_sd_6_0":{"source":"ads_cl_sofa_64_sd_2_0","x":60,"y":-1},"ads_cl_sofa_64_a_2_0":{"x":59,"y":38},"ads_cl_sofa_64_a_0_0":{"source":"ads_cl_sofa_64_a_6_0","x":41,"y":21,"flipH":true},"ads_cl_sofa_64_c_2_0":{"x":60,"y":21},"ads_cl_sofa_64_c_0_0":{"source":"ads_cl_sofa_64_c_6_0","x":60,"y":24,"flipH":true},"ads_cl_sofa_64_c_6_0":{"x":60,"y":24},"ads_cl_sofa_64_c_4_0":{"source":"ads_cl_sofa_64_c_2_0","x":60,"y":21,"flipH":true},"ads_cl_sofa_64_sd_0_0":{"source":"ads_cl_sofa_64_sd_2_0","x":60,"y":-1,"flipH":true},"ads_cl_sofa_64_p_4_0":{"x":32,"y":0},"ads_cl_sofa_64_sd_2_0":{"x":60,"y":-1},"ads_cl_sofa_64_a_6_0":{"x":41,"y":21},"ads_cl_sofa_64_sd_4_0":{"source":"ads_cl_sofa_64_sd_2_0","x":60,"y":-1,"flipH":true}},"visualization":{"layerCount":4,"angle":45,"directions":{"0":{"layers":{"0":{"z":-200.0},"1":{"z":-200.0},"2":{"z":1230.0},"3":{"z":100.0}}},"2":{"layers":{"0":{"z":200.0},"1":{"z":-200.0},"2":{"z":1230.0}}},"4":{"layers":{"0":{"z":200.0},"1":{"z":-200.0},"2":{"z":1230.0}}},"6":{"layers":{"0":{"z":-200.0},"1":{"z":-200.0},"2":{"z":1230.0},"3":{"z":100.0}}}}}}