{"meta":{"app":"FFConverter ~ Joopie","format":"RGBA8888","image":"ads_chocapic.png","scale":"1.0","size":{"w":256,"h":128},"version":"1.0"},"frames":{"ads_chocapic_ads_chocapic_64_a_2_0.png":{"frame":{"x":110,"y":25,"w":44,"h":76},"sourceSize":{"w":44,"h":76},"spriteSourceSize":{"x":0,"y":0,"w":44,"h":76},"rotated":false,"trimmed":false},"ads_chocapic_ads_chocapic_64_a_4_1.png":{"frame":{"x":56,"y":18,"w":52,"h":83},"sourceSize":{"w":52,"h":83},"spriteSourceSize":{"x":0,"y":0,"w":52,"h":83},"rotated":false,"trimmed":false},"ads_chocapic_ads_chocapic_icon_a.png":{"frame":{"x":2,"y":2,"w":15,"h":14},"sourceSize":{"w":15,"h":14},"spriteSourceSize":{"x":0,"y":0,"w":15,"h":14},"rotated":false,"trimmed":false},"ads_chocapic_ads_chocapic_64_a_4_0.png":{"frame":{"x":156,"y":25,"w":44,"h":76},"sourceSize":{"w":44,"h":76},"spriteSourceSize":{"x":0,"y":0,"w":44,"h":76},"rotated":false,"trimmed":false},"ads_chocapic_ads_chocapic_64_a_2_1.png":{"frame":{"x":2,"y":18,"w":52,"h":83},"sourceSize":{"w":52,"h":83},"spriteSourceSize":{"x":0,"y":0,"w":52,"h":83},"rotated":false,"trimmed":false}}}