{"type":"furniture","name":"ads_chocapic","visualizationType":"furniture_animated","logicType":"furniture_multistate","spritesheet":"ads_chocapic_spritesheet.json","dimensions":{"x":1.0,"y":1.0,"z":1.0},"directions":[90,180],"assets":{"ads_chocapic_64_a_4_0":{"x":22,"y":65},"ads_chocapic_64_a_4_1":{"x":27,"y":72},"ads_chocapic_64_a_2_0":{"x":22,"y":65},"ads_chocapic_icon_a":{"x":7,"y":7},"ads_chocapic_64_a_2_1":{"x":25,"y":72}},"visualization":{"layerCount":1,"angle":45,"directions":{"2":{},"4":{}},"animations":{"0":{"layers":{"0":{"frameSequences":{"0":{"frames":{"0":{"id":0}}}}}}},"1":{"layers":{"0":{"frameSequences":{"0":{"frames":{"0":{"id":1}}}}}}}}}}