{"type":"furniture","name":"ads_puffet_tv","visualizationType":"furniture_animated","logicType":"furniture_multistate","spritesheet":"ads_puffet_tv_spritesheet.json","dimensions":{"x":-3.7813,"y":0.2,"z":-1.625},"directions":[90,180],"assets":{"ads_puffet_tv_64_a_2_3":{"x":77,"y":44},"ads_puffet_tv_64_a_4_1":{"x":45,"y":46},"ads_puffet_tv_64_a_2_4":{"x":77,"y":44},"ads_puffet_tv_64_a_4_2":{"x":45,"y":46},"ads_puffet_tv_64_a_2_5":{"x":77,"y":44},"ads_puffet_tv_64_a_4_3":{"x":45,"y":46},"ads_puffet_tv_64_c_2_0":{"x":78,"y":60},"ads_puffet_tv_64_a_4_4":{"x":45,"y":46},"ads_puffet_tv_64_a_4_5":{"x":45,"y":46},"ads_puffet_tv_64_a_2_0":{"x":77,"y":-16},"ads_puffet_tv_64_c_4_0":{"x":51,"y":62},"ads_puffet_tv_64_a_2_1":{"x":77,"y":44},"ads_puffet_tv_64_a_2_2":{"x":77,"y":44},"ads_puffet_tv_64_a_4_0":{"x":60,"y":-14},"ads_puffet_tv_64_b_2_0":{"x":70,"y":66},"ads_puffet_tv_icon_a":{"x":14,"y":15},"ads_puffet_tv_64_b_4_0":{"x":60,"y":68}},"visualization":{"layerCount":3,"angle":45,"layers":{"0":{"z":-2990.0},"1":{"z":-2995.0},"2":{"alpha":41,"z":-3000.0}},"directions":{"2":{},"4":{}},"animations":{"0":{"layers":{"0":{"loopCount":0,"frameRepeat":4,"frameSequences":{"0":{"frames":{"0":{"id":1},"1":{"id":1},"2":{"id":1},"3":{"id":1},"4":{"id":1},"5":{"id":1},"6":{"id":1},"7":{"id":1},"8":{"id":1},"9":{"id":1},"10":{"id":1},"11":{"id":1},"12":{"id":1},"13":{"id":1},"14":{"id":1},"15":{"id":1},"16":{"id":1},"17":{"id":1},"18":{"id":1},"19":{"id":1},"20":{"id":1},"21":{"id":1},"22":{"id":1},"23":{"id":1},"24":{"id":1},"25":{"id":1},"26":{"id":1},"27":{"id":1},"28":{"id":1},"29":{"id":2},"30":{"id":3},"31":{"id":4},"32":{"id":5},"33":{"id":5},"34":{"id":5},"35":{"id":5},"36":{"id":5},"37":{"id":5},"38":{"id":5},"39":{"id":5},"40":{"id":5},"41":{"id":5},"42":{"id":5},"43":{"id":5},"44":{"id":5},"45":{"id":5},"46":{"id":5},"47":{"id":5},"48":{"id":5},"49":{"id":5},"50":{"id":5},"51":{"id":5},"52":{"id":5},"53":{"id":5},"54":{"id":5},"55":{"id":5},"56":{"id":5},"57":{"id":5},"58":{"id":5},"59":{"id":5},"60":{"id":5},"61":{"id":4},"62":{"id":3},"63":{"id":2}}}}},"1":{"frameSequences":{"0":{"frames":{"0":{"id":0}}}}},"2":{"frameSequences":{"0":{"frames":{"0":{"id":0}}}}}}}}}}