{"meta":{"app":"FFConverter ~ Joopie","format":"RGBA8888","image":"ads_puffet_tv.png","scale":"1.0","size":{"w":1024,"h":256},"version":"1.0"},"frames":{"ads_puffet_tv_ads_puffet_tv_64_c_4_0.png":{"frame":{"x":243,"y":110,"w":114,"h":135},"sourceSize":{"w":114,"h":135},"spriteSourceSize":{"x":0,"y":0,"w":114,"h":135},"rotated":false,"trimmed":false},"ads_puffet_tv_ads_puffet_tv_64_a_2_4.png":{"frame":{"x":2,"y":2,"w":107,"h":106},"sourceSize":{"w":107,"h":106},"spriteSourceSize":{"x":0,"y":0,"w":107,"h":106},"rotated":false,"trimmed":false},"ads_puffet_tv_ads_puffet_tv_64_a_4_3.png":{"frame":{"x":693,"y":139,"w":107,"h":106},"sourceSize":{"w":107,"h":106},"spriteSourceSize":{"x":0,"y":0,"w":107,"h":106},"rotated":false,"trimmed":false},"ads_puffet_tv_ads_puffet_tv_64_b_4_0.png":{"frame":{"x":2,"y":110,"w":122,"h":135},"sourceSize":{"w":122,"h":135},"spriteSourceSize":{"x":0,"y":0,"w":122,"h":135},"rotated":false,"trimmed":false},"ads_puffet_tv_ads_puffet_tv_64_a_2_2.png":{"frame":{"x":111,"y":2,"w":107,"h":106},"sourceSize":{"w":107,"h":106},"spriteSourceSize":{"x":0,"y":0,"w":107,"h":106},"rotated":false,"trimmed":false},"ads_puffet_tv_ads_puffet_tv_64_a_4_5.png":{"frame":{"x":911,"y":139,"w":107,"h":106},"sourceSize":{"w":107,"h":106},"spriteSourceSize":{"x":0,"y":0,"w":107,"h":106},"rotated":false,"trimmed":false},"ads_puffet_tv_ads_puffet_tv_64_a_4_1.png":{"frame":{"x":802,"y":139,"w":107,"h":106},"sourceSize":{"w":107,"h":106},"spriteSourceSize":{"x":0,"y":0,"w":107,"h":106},"rotated":false,"trimmed":false},"ads_puffet_tv_ads_puffet_tv_64_a_2_0.png":{"frame":{"x":475,"y":84,"w":122,"h":53},"sourceSize":{"w":122,"h":53},"spriteSourceSize":{"x":0,"y":0,"w":122,"h":53},"rotated":false,"trimmed":false},"ads_puffet_tv_ads_puffet_tv_64_b_2_0.png":{"frame":{"x":126,"y":110,"w":115,"h":135},"sourceSize":{"w":115,"h":135},"spriteSourceSize":{"x":0,"y":0,"w":115,"h":135},"rotated":false,"trimmed":false},"ads_puffet_tv_ads_puffet_tv_64_a_4_2.png":{"frame":{"x":329,"y":2,"w":107,"h":106},"sourceSize":{"w":107,"h":106},"spriteSourceSize":{"x":0,"y":0,"w":107,"h":106},"rotated":false,"trimmed":false},"ads_puffet_tv_ads_puffet_tv_64_a_2_5.png":{"frame":{"x":475,"y":139,"w":107,"h":106},"sourceSize":{"w":107,"h":106},"spriteSourceSize":{"x":0,"y":0,"w":107,"h":106},"rotated":false,"trimmed":false},"ads_puffet_tv_ads_puffet_tv_64_a_4_4.png":{"frame":{"x":722,"y":31,"w":107,"h":106},"sourceSize":{"w":107,"h":106},"spriteSourceSize":{"x":0,"y":0,"w":107,"h":106},"rotated":false,"trimmed":false},"ads_puffet_tv_ads_puffet_tv_64_a_4_0.png":{"frame":{"x":599,"y":84,"w":121,"h":53},"sourceSize":{"w":121,"h":53},"spriteSourceSize":{"x":0,"y":0,"w":121,"h":53},"rotated":false,"trimmed":false},"ads_puffet_tv_ads_puffet_tv_icon_a.png":{"frame":{"x":438,"y":78,"w":28,"h":30},"sourceSize":{"w":28,"h":30},"spriteSourceSize":{"x":0,"y":0,"w":28,"h":30},"rotated":false,"trimmed":false},"ads_puffet_tv_ads_puffet_tv_64_c_2_0.png":{"frame":{"x":359,"y":110,"w":114,"h":135},"sourceSize":{"w":114,"h":135},"spriteSourceSize":{"x":0,"y":0,"w":114,"h":135},"rotated":false,"trimmed":false},"ads_puffet_tv_ads_puffet_tv_64_a_2_3.png":{"frame":{"x":584,"y":139,"w":107,"h":106},"sourceSize":{"w":107,"h":106},"spriteSourceSize":{"x":0,"y":0,"w":107,"h":106},"rotated":false,"trimmed":false},"ads_puffet_tv_ads_puffet_tv_64_a_2_1.png":{"frame":{"x":220,"y":2,"w":107,"h":106},"sourceSize":{"w":107,"h":106},"spriteSourceSize":{"x":0,"y":0,"w":107,"h":106},"rotated":false,"trimmed":false}}}