{"type":"furniture","name":"ads_idol_ichair","visualizationType":"furniture_animated","logicType":"furniture_multistate","spritesheet":"ads_idol_ichair_spritesheet.json","dimensions":{"x":1.0,"y":1.0,"z":1.37},"directions":[0,90,180,270],"assets":{"ads_idol_ichair_64_sd_4_0":{"source":"ads_idol_ichair_64_sd_0_0","x":17,"y":11,"flipH":true},"ads_idol_ichair_64_sd_6_0":{"source":"ads_idol_ichair_64_sd_0_0","x":17,"y":11,"flipH":true},"ads_idol_ichair_64_a_6_0":{"source":"ads_idol_ichair_64_a_0_0","x":13,"y":13,"flipH":true},"ads_idol_ichair_64_sd_0_0":{"x":17,"y":11},"ads_idol_ichair_64_a_4_0":{"source":"ads_idol_ichair_64_a_0_0","x":13,"y":13,"flipH":true},"ads_idol_ichair_64_sd_2_0":{"source":"ads_idol_ichair_64_sd_0_0","x":17,"y":11},"ads_idol_ichair_64_a_2_0":{"source":"ads_idol_ichair_64_a_0_0","x":13,"y":13},"ads_idol_ichair_64_a_0_0":{"x":13,"y":13},"ads_idol_ichair_icon_a":{"x":8,"y":14},"ads_idol_ichair_64_d_0_1":{"x":25,"y":20},"ads_idol_ichair_64_d_0_0":{"x":2,"y":14},"ads_idol_ichair_64_d_2_1":{"source":"ads_idol_ichair_64_d_0_1","x":25,"y":20},"ads_idol_ichair_64_d_2_0":{"source":"ads_idol_ichair_64_d_0_0","x":2,"y":14},"ads_idol_ichair_64_d_4_1":{"source":"ads_idol_ichair_64_d_0_1","x":25,"y":20,"flipH":true},"ads_idol_ichair_64_d_4_0":{"source":"ads_idol_ichair_64_d_0_0","x":2,"y":14,"flipH":true},"ads_idol_ichair_64_d_6_1":{"source":"ads_idol_ichair_64_d_0_1","x":25,"y":20,"flipH":true},"ads_idol_ichair_64_d_6_0":{"source":"ads_idol_ichair_64_d_0_0","x":2,"y":14,"flipH":true},"ads_idol_ichair_64_b_0_0":{"x":16,"y":44},"ads_idol_ichair_64_c_4_0":{"source":"ads_idol_ichair_64_c_2_0","x":17,"y":42,"flipH":true},"ads_idol_ichair_64_c_2_0":{"x":17,"y":42},"ads_idol_ichair_64_c_6_0":{"source":"ads_idol_ichair_64_c_0_0","x":17,"y":41,"flipH":true},"ads_idol_ichair_64_c_0_0":{"x":17,"y":41},"ads_idol_ichair_64_b_6_0":{"source":"ads_idol_ichair_64_b_0_0","x":16,"y":44,"flipH":true},"ads_idol_ichair_64_b_2_0":{"x":15,"y":47},"ads_idol_ichair_64_b_4_0":{"source":"ads_idol_ichair_64_b_2_0","x":15,"y":47,"flipH":true}},"visualization":{"layerCount":4,"angle":45,"layers":{"0":{"z":-10.0},"1":{"z":-8.0},"2":{"z":500.0},"3":{"z":-9.0,"ink":"ADD","ignoreMouse":true}},"directions":{"0":{},"2":{},"4":{},"6":{}},"animations":{"0":{"layers":{"0":{"frameSequences":{"0":{"frames":{"0":{"id":0}}}}},"1":{"frameSequences":{"0":{"frames":{"0":{"id":0}}}}},"2":{"frameSequences":{"0":{"frames":{"0":{"id":0}}}}},"3":{"frameSequences":{"0":{"frames":{"0":{"id":0}}}}}}},"1":{"layers":{"3":{"frameSequences":{"0":{"frames":{"0":{"id":1}}}}}}}}}}