{"meta":{"app":"FFConverter ~ Joopie","format":"RGBA8888","image":"ads_idol_ichair.png","scale":"1.0","size":{"w":128,"h":64},"version":"1.0"},"frames":{"ads_idol_ichair_ads_idol_ichair_64_c_0_0.png":{"frame":{"x":35,"y":5,"w":27,"h":28},"sourceSize":{"w":27,"h":28},"spriteSourceSize":{"x":0,"y":0,"w":27,"h":28},"rotated":false,"trimmed":false},"ads_idol_ichair_ads_idol_ichair_64_d_0_1.png":{"frame":{"x":2,"y":35,"w":49,"h":27},"sourceSize":{"w":49,"h":27},"spriteSourceSize":{"x":0,"y":0,"w":49,"h":27},"rotated":false,"trimmed":false},"ads_idol_ichair_ads_idol_ichair_64_sd_0_0.png":{"frame":{"x":53,"y":40,"w":32,"h":22},"sourceSize":{"w":32,"h":22},"spriteSourceSize":{"x":0,"y":0,"w":32,"h":22},"rotated":false,"trimmed":false},"ads_idol_ichair_ads_idol_ichair_64_b_0_0.png":{"frame":{"x":2,"y":5,"w":31,"h":28},"sourceSize":{"w":31,"h":28},"spriteSourceSize":{"x":0,"y":0,"w":31,"h":28},"rotated":false,"trimmed":false},"ads_idol_ichair_ads_idol_ichair_64_c_2_0.png":{"frame":{"x":113,"y":35,"w":9,"h":27},"sourceSize":{"w":9,"h":27},"spriteSourceSize":{"x":0,"y":0,"w":9,"h":27},"rotated":false,"trimmed":false},"ads_idol_ichair_ads_idol_ichair_icon_a.png":{"frame":{"x":96,"y":4,"w":17,"h":29},"sourceSize":{"w":17,"h":29},"spriteSourceSize":{"x":0,"y":0,"w":17,"h":29},"rotated":false,"trimmed":false},"ads_idol_ichair_ads_idol_ichair_64_b_2_0.png":{"frame":{"x":64,"y":4,"w":30,"h":34},"sourceSize":{"w":30,"h":34},"spriteSourceSize":{"x":0,"y":0,"w":30,"h":34},"rotated":false,"trimmed":false},"ads_idol_ichair_ads_idol_ichair_64_a_0_0.png":{"frame":{"x":87,"y":41,"w":24,"h":21},"sourceSize":{"w":24,"h":21},"spriteSourceSize":{"x":0,"y":0,"w":24,"h":21},"rotated":false,"trimmed":false},"ads_idol_ichair_ads_idol_ichair_64_d_0_0.png":{"frame":{"x":2,"y":2,"w":1,"h":1},"sourceSize":{"w":1,"h":1},"spriteSourceSize":{"x":0,"y":0,"w":1,"h":1},"rotated":false,"trimmed":false}}}