{"meta":{"app":"FFConverter ~ Joopie","format":"RGBA8888","image":"ads_idol_l_logo.png","scale":"1.0","size":{"w":256,"h":256},"version":"1.0"},"frames":{"ads_idol_l_logo_ads_idol_l_logo_32_d_4_0.png":{"frame":{"x":92,"y":149,"w":1,"h":1},"sourceSize":{"w":1,"h":1},"spriteSourceSize":{"x":0,"y":0,"w":1,"h":1},"rotated":false,"trimmed":false},"ads_idol_l_logo_ads_idol_l_logo_64_d_2_1.png":{"frame":{"x":2,"y":158,"w":91,"h":86},"sourceSize":{"w":91,"h":86},"spriteSourceSize":{"x":0,"y":0,"w":91,"h":86},"rotated":false,"trimmed":false},"ads_idol_l_logo_ads_idol_l_logo_64_a_4_0.png":{"frame":{"x":170,"y":174,"w":73,"h":70},"sourceSize":{"w":73,"h":70},"spriteSourceSize":{"x":0,"y":0,"w":73,"h":70},"rotated":false,"trimmed":false},"ads_idol_l_logo_ads_idol_l_logo_64_c_4_0.png":{"frame":{"x":92,"y":155,"w":1,"h":1},"sourceSize":{"w":1,"h":1},"spriteSourceSize":{"x":0,"y":0,"w":1,"h":1},"rotated":false,"trimmed":false},"ads_idol_l_logo_ads_idol_l_logo_64_d_4_1.png":{"frame":{"x":2,"y":74,"w":88,"h":82},"sourceSize":{"w":88,"h":82},"spriteSourceSize":{"x":0,"y":0,"w":88,"h":82},"rotated":false,"trimmed":false},"ads_idol_l_logo_ads_idol_l_logo_64_a_2_0.png":{"frame":{"x":92,"y":30,"w":73,"h":70},"sourceSize":{"w":73,"h":70},"spriteSourceSize":{"x":0,"y":0,"w":73,"h":70},"rotated":false,"trimmed":false},"ads_idol_l_logo_ads_idol_l_logo_64_c_2_1.png":{"frame":{"x":95,"y":102,"w":73,"h":70},"sourceSize":{"w":73,"h":70},"spriteSourceSize":{"x":0,"y":0,"w":73,"h":70},"rotated":false,"trimmed":false},"ads_idol_l_logo_ads_idol_l_logo_64_b_4_0.png":{"frame":{"x":95,"y":174,"w":73,"h":70},"sourceSize":{"w":73,"h":70},"spriteSourceSize":{"x":0,"y":0,"w":73,"h":70},"rotated":false,"trimmed":false},"ads_idol_l_logo_ads_idol_l_logo_64_c_4_1.png":{"frame":{"x":2,"y":2,"w":73,"h":70},"sourceSize":{"w":73,"h":70},"spriteSourceSize":{"x":0,"y":0,"w":73,"h":70},"rotated":false,"trimmed":false},"ads_idol_l_logo_ads_idol_l_logo_64_b_2_0.png":{"frame":{"x":170,"y":102,"w":73,"h":70},"sourceSize":{"w":73,"h":70},"spriteSourceSize":{"x":0,"y":0,"w":73,"h":70},"rotated":false,"trimmed":false},"ads_idol_l_logo_ads_idol_l_logo_icon_a.png":{"frame":{"x":167,"y":74,"w":30,"h":26},"sourceSize":{"w":30,"h":26},"spriteSourceSize":{"x":0,"y":0,"w":30,"h":26},"rotated":false,"trimmed":false}}}