{"type":"furniture","name":"ads_idol_l_logo","visualizationType":"furniture_animated","logicType":"furniture_multistate","spritesheet":"ads_idol_l_logo_spritesheet.json","dimensions":{"x":2.2813,"y":0.2,"z":1.0625},"directions":[90,180],"assets":{"ads_idol_l_logo_64_c_2_1":{"x":36,"y":35},"ads_idol_l_logo_64_c_4_0":{"x":-35,"y":-9},"ads_idol_l_logo_64_c_4_1":{"x":37,"y":35},"ads_idol_l_logo_64_b_2_0":{"x":36,"y":35},"ads_idol_l_logo_64_d_4_0":{"source":"ads_idol_l_logo_32_d_4_0","x":-35,"y":-9},"ads_idol_l_logo_64_d_4_1":{"x":45,"y":41},"ads_idol_l_logo_64_d_2_0":{"source":"ads_idol_l_logo_32_d_4_0","x":36,"y":-9},"ads_idol_l_logo_64_d_2_1":{"x":45,"y":43},"ads_idol_l_logo_64_a_2_0":{"x":38,"y":36},"ads_idol_l_logo_64_b_4_0":{"x":37,"y":35},"ads_idol_l_logo_64_a_4_0":{"x":35,"y":36},"ads_idol_l_logo_icon_a":{"x":15,"y":13},"ads_idol_l_logo_64_c_2_0":{"source":"ads_idol_l_logo_64_c_4_0","x":36,"y":-9}},"visualization":{"layerCount":4,"angle":45,"layers":{"0":{"alpha":51,"z":-3000.0},"1":{"z":-2980.0},"2":{"z":-2960.0},"3":{"z":-2940.0,"ink":"ADD"}},"directions":{"2":{},"4":{}},"animations":{"0":{"layers":{"0":{"frameSequences":{"0":{"frames":{"0":{"id":0}}}}},"1":{"frameSequences":{"0":{"frames":{"0":{"id":0}}}}},"2":{"frameSequences":{"0":{"frames":{"0":{"id":0}}}}},"3":{"frameSequences":{"0":{"frames":{"0":{"id":0}}}}}}},"1":{"layers":{"2":{"loopCount":0,"frameRepeat":4,"frameSequences":{"0":{"frames":{"0":{"id":1},"1":{"id":1},"2":{"id":1},"3":{"id":1},"4":{"id":1},"5":{"id":1},"6":{"id":1},"7":{"id":1},"8":{"id":1},"9":{"id":1},"10":{"id":0},"11":{"id":0},"12":{"id":0},"13":{"id":0},"14":{"id":0},"15":{"id":0},"16":{"id":0},"17":{"id":0},"18":{"id":0},"19":{"id":0}}}}},"3":{"loopCount":0,"frameRepeat":4,"frameSequences":{"0":{"frames":{"0":{"id":1},"1":{"id":1},"2":{"id":1},"3":{"id":1},"4":{"id":1},"5":{"id":1},"6":{"id":1},"7":{"id":1},"8":{"id":1},"9":{"id":1},"10":{"id":0},"11":{"id":0},"12":{"id":0},"13":{"id":0},"14":{"id":0},"15":{"id":0},"16":{"id":0},"17":{"id":0},"18":{"id":0},"19":{"id":0}}}}}}},"2":{"layers":{"2":{"frameSequences":{"0":{"frames":{"0":{"id":1}}}}},"3":{"frameSequences":{"0":{"frames":{"0":{"id":1}}}}}}}}}}