{"type":"furniture","name":"ads_igorraygun","visualizationType":"furniture_animated","logicType":"furniture_multistate","spritesheet":"ads_igorraygun_spritesheet.json","dimensions":{"x":1.0,"y":2.0,"z":1.0},"directions":[0,90,180,270],"assets":{"ads_igorraygun_64_sd_0_0":{"x":56,"y":7},"ads_igorraygun_64_sd_4_0":{"source":"ads_igorraygun_64_sd_2_0","x":24,"y":-2,"flipH":true},"ads_igorraygun_64_a_6_0":{"source":"ads_igorraygun_64_a_0_0","x":23,"y":60,"flipH":true},"ads_igorraygun_64_sd_2_0":{"x":24,"y":-2},"ads_igorraygun_64_a_4_0":{"source":"ads_igorraygun_64_a_2_0","x":-8,"y":57,"flipH":true},"ads_igorraygun_64_a_2_0":{"x":-8,"y":57},"ads_igorraygun_64_sd_6_0":{"source":"ads_igorraygun_64_sd_0_0","x":56,"y":7,"flipH":true},"ads_igorraygun_64_a_0_0":{"x":23,"y":60},"ads_igorraygun_icon_a":{"x":12,"y":12},"ads_igorraygun_64_c_0_2":{"x":-10,"y":86},"ads_igorraygun_64_c_2_0":{"source":"ads_igorraygun_32_c_0_0","x":10,"y":20},"ads_igorraygun_64_c_0_1":{"x":-10,"y":86},"ads_igorraygun_64_c_0_0":{"source":"ads_igorraygun_32_c_0_0","x":10,"y":20},"ads_igorraygun_64_b_0_0":{"x":61,"y":55},"ads_igorraygun_64_b_2_0":{"x":32,"y":68},"ads_igorraygun_64_b_4_0":{"source":"ads_igorraygun_64_b_2_0","x":32,"y":68,"flipH":true},"ads_igorraygun_64_b_6_0":{"source":"ads_igorraygun_64_b_0_0","x":61,"y":55,"flipH":true},"ads_igorraygun_64_c_6_8":{"source":"ads_igorraygun_64_c_0_8","x":-10,"y":86,"flipH":true},"ads_igorraygun_64_c_6_7":{"source":"ads_igorraygun_64_c_0_7","x":-10,"y":86,"flipH":true},"ads_igorraygun_64_c_4_8":{"source":"ads_igorraygun_64_c_2_8","x":-42,"y":25,"flipH":true},"ads_igorraygun_64_c_6_6":{"source":"ads_igorraygun_64_c_0_6","x":-10,"y":86,"flipH":true},"ads_igorraygun_64_c_4_7":{"source":"ads_igorraygun_64_c_2_7","x":-42,"y":25,"flipH":true},"ads_igorraygun_64_c_6_5":{"source":"ads_igorraygun_64_c_0_5","x":-10,"y":86,"flipH":true},"ads_igorraygun_64_c_0_6":{"x":-10,"y":86},"ads_igorraygun_64_c_2_4":{"x":-42,"y":25},"ads_igorraygun_64_c_4_2":{"source":"ads_igorraygun_64_c_2_2","x":-42,"y":25,"flipH":true},"ads_igorraygun_64_c_6_0":{"source":"ads_igorraygun_32_c_0_0","x":10,"y":20,"flipH":true},"ads_igorraygun_64_c_0_5":{"x":-10,"y":86},"ads_igorraygun_64_c_2_3":{"x":-42,"y":25},"ads_igorraygun_64_c_4_1":{"source":"ads_igorraygun_64_c_2_1","x":-42,"y":25,"flipH":true},"ads_igorraygun_64_c_0_4":{"x":-10,"y":86},"ads_igorraygun_64_c_2_2":{"x":-42,"y":25},"ads_igorraygun_64_c_4_0":{"source":"ads_igorraygun_32_c_0_0","x":10,"y":20,"flipH":true},"ads_igorraygun_64_c_0_3":{"x":-10,"y":86},"ads_igorraygun_64_c_2_1":{"x":-42,"y":25},"ads_igorraygun_64_c_2_8":{"x":-42,"y":25},"ads_igorraygun_64_c_4_6":{"source":"ads_igorraygun_64_c_2_6","x":-42,"y":25,"flipH":true},"ads_igorraygun_64_c_6_4":{"source":"ads_igorraygun_64_c_0_4","x":-10,"y":86,"flipH":true},"ads_igorraygun_64_c_2_7":{"x":-42,"y":25},"ads_igorraygun_64_c_4_5":{"source":"ads_igorraygun_64_c_2_5","x":-42,"y":25,"flipH":true},"ads_igorraygun_64_c_6_3":{"source":"ads_igorraygun_64_c_0_3","x":-10,"y":86,"flipH":true},"ads_igorraygun_64_c_0_8":{"x":-10,"y":86},"ads_igorraygun_64_c_2_6":{"x":-42,"y":25},"ads_igorraygun_64_c_4_4":{"source":"ads_igorraygun_64_c_2_4","x":-42,"y":25,"flipH":true},"ads_igorraygun_64_c_6_2":{"source":"ads_igorraygun_64_c_0_2","x":-10,"y":86,"flipH":true},"ads_igorraygun_64_c_0_7":{"x":-10,"y":86},"ads_igorraygun_64_c_2_5":{"x":-42,"y":25},"ads_igorraygun_64_c_4_3":{"source":"ads_igorraygun_64_c_2_3","x":-42,"y":25,"flipH":true},"ads_igorraygun_64_c_6_1":{"source":"ads_igorraygun_64_c_0_1","x":-10,"y":86,"flipH":true}},"visualization":{"layerCount":3,"angle":45,"layers":{"2":{"ink":"ADD"}},"directions":{"0":{"layers":{"1":{"z":1000.0}}},"2":{"layers":{"0":{"z":1000.0},"2":{"z":1000.0}}},"4":{"layers":{"0":{"z":1000.0},"2":{"z":1000.0}}},"6":{"layers":{"1":{"z":1000.0}}}},"animations":{"0":{"layers":{"0":{"frameSequences":{"0":{"frames":{"0":{"id":0}}}}},"1":{"frameSequences":{"0":{"frames":{"0":{"id":0}}}}},"2":{"frameSequences":{"0":{"frames":{"0":{"id":0}}}}}}},"1":{"layers":{"2":{"loopCount":0,"frameSequences":{"0":{"frames":{"0":{"id":1},"1":{"id":2},"2":{"id":3},"3":{"id":4},"4":{"id":5},"5":{"id":6},"6":{"id":7},"7":{"id":8}}}}}}}}}}