{"meta":{"app":"FFConverter ~ Joopie","format":"RGBA8888","image":"ads_igorraygun.png","scale":"1.0","size":{"w":1024,"h":128},"version":"1.0"},"frames":{"ads_igorraygun_ads_igorraygun_64_c_0_1.png":{"frame":{"x":615,"y":78,"w":69,"h":48},"sourceSize":{"w":69,"h":48},"spriteSourceSize":{"x":0,"y":0,"w":69,"h":48},"rotated":false,"trimmed":false},"ads_igorraygun_ads_igorraygun_64_c_0_6.png":{"frame":{"x":189,"y":78,"w":69,"h":48},"sourceSize":{"w":69,"h":48},"spriteSourceSize":{"x":0,"y":0,"w":69,"h":48},"rotated":false,"trimmed":false},"ads_igorraygun_ads_igorraygun_64_c_2_5.png":{"frame":{"x":828,"y":78,"w":69,"h":48},"sourceSize":{"w":69,"h":48},"spriteSourceSize":{"x":0,"y":0,"w":69,"h":48},"rotated":false,"trimmed":false},"ads_igorraygun_ads_igorraygun_64_c_0_8.png":{"frame":{"x":118,"y":78,"w":69,"h":48},"sourceSize":{"w":69,"h":48},"spriteSourceSize":{"x":0,"y":0,"w":69,"h":48},"rotated":false,"trimmed":false},"ads_igorraygun_ads_igorraygun_64_sd_2_0.png":{"frame":{"x":472,"y":55,"w":68,"h":21},"sourceSize":{"w":68,"h":21},"spriteSourceSize":{"x":0,"y":0,"w":68,"h":21},"rotated":false,"trimmed":false},"ads_igorraygun_ads_igorraygun_64_c_2_8.png":{"frame":{"x":260,"y":28,"w":69,"h":48},"sourceSize":{"w":69,"h":48},"spriteSourceSize":{"x":0,"y":0,"w":69,"h":48},"rotated":false,"trimmed":false},"ads_igorraygun_ads_igorraygun_icon_a.png":{"frame":{"x":2,"y":15,"w":25,"h":25},"sourceSize":{"w":25,"h":25},"spriteSourceSize":{"x":0,"y":0,"w":25,"h":25},"rotated":false,"trimmed":false},"ads_igorraygun_ads_igorraygun_64_sd_0_0.png":{"frame":{"x":402,"y":39,"w":68,"h":37},"sourceSize":{"w":68,"h":37},"spriteSourceSize":{"x":0,"y":0,"w":68,"h":37},"rotated":false,"trimmed":false},"ads_igorraygun_ads_igorraygun_64_c_0_4.png":{"frame":{"x":331,"y":78,"w":69,"h":48},"sourceSize":{"w":69,"h":48},"spriteSourceSize":{"x":0,"y":0,"w":69,"h":48},"rotated":false,"trimmed":false},"ads_igorraygun_ads_igorraygun_64_c_2_7.png":{"frame":{"x":118,"y":28,"w":69,"h":48},"sourceSize":{"w":69,"h":48},"spriteSourceSize":{"x":0,"y":0,"w":69,"h":48},"rotated":false,"trimmed":false},"ads_igorraygun_ads_igorraygun_64_a_2_0.png":{"frame":{"x":970,"y":77,"w":47,"h":49},"sourceSize":{"w":47,"h":49},"spriteSourceSize":{"x":0,"y":0,"w":47,"h":49},"rotated":false,"trimmed":false},"ads_igorraygun_ads_igorraygun_64_c_2_3.png":{"frame":{"x":686,"y":78,"w":69,"h":48},"sourceSize":{"w":69,"h":48},"spriteSourceSize":{"x":0,"y":0,"w":69,"h":48},"rotated":false,"trimmed":false},"ads_igorraygun_ads_igorraygun_64_c_2_1.png":{"frame":{"x":331,"y":28,"w":69,"h":48},"sourceSize":{"w":69,"h":48},"spriteSourceSize":{"x":0,"y":0,"w":69,"h":48},"rotated":false,"trimmed":false},"ads_igorraygun_ads_igorraygun_64_c_0_2.png":{"frame":{"x":473,"y":78,"w":69,"h":48},"sourceSize":{"w":69,"h":48},"spriteSourceSize":{"x":0,"y":0,"w":69,"h":48},"rotated":false,"trimmed":false},"ads_igorraygun_ads_igorraygun_64_c_0_7.png":{"frame":{"x":260,"y":78,"w":69,"h":48},"sourceSize":{"w":69,"h":48},"spriteSourceSize":{"x":0,"y":0,"w":69,"h":48},"rotated":false,"trimmed":false},"ads_igorraygun_ads_igorraygun_64_c_2_4.png":{"frame":{"x":899,"y":78,"w":69,"h":48},"sourceSize":{"w":69,"h":48},"spriteSourceSize":{"x":0,"y":0,"w":69,"h":48},"rotated":false,"trimmed":false},"ads_igorraygun_ads_igorraygun_32_c_0_0.png":{"frame":{"x":1019,"y":125,"w":1,"h":1},"sourceSize":{"w":1,"h":1},"spriteSourceSize":{"x":0,"y":0,"w":1,"h":1},"rotated":false,"trimmed":false},"ads_igorraygun_ads_igorraygun_64_b_0_0.png":{"frame":{"x":2,"y":42,"w":56,"h":84},"sourceSize":{"w":56,"h":84},"spriteSourceSize":{"x":0,"y":0,"w":56,"h":84},"rotated":false,"trimmed":false},"ads_igorraygun_ads_igorraygun_64_a_0_0.png":{"frame":{"x":60,"y":2,"w":46,"h":41},"sourceSize":{"w":46,"h":41},"spriteSourceSize":{"x":0,"y":0,"w":46,"h":41},"rotated":false,"trimmed":false},"ads_igorraygun_ads_igorraygun_64_c_2_6.png":{"frame":{"x":189,"y":28,"w":69,"h":48},"sourceSize":{"w":69,"h":48},"spriteSourceSize":{"x":0,"y":0,"w":69,"h":48},"rotated":false,"trimmed":false},"ads_igorraygun_ads_igorraygun_64_c_2_2.png":{"frame":{"x":757,"y":78,"w":69,"h":48},"sourceSize":{"w":69,"h":48},"spriteSourceSize":{"x":0,"y":0,"w":69,"h":48},"rotated":false,"trimmed":false},"ads_igorraygun_ads_igorraygun_64_b_2_0.png":{"frame":{"x":60,"y":45,"w":56,"h":81},"sourceSize":{"w":56,"h":81},"spriteSourceSize":{"x":0,"y":0,"w":56,"h":81},"rotated":false,"trimmed":false},"ads_igorraygun_ads_igorraygun_64_c_0_5.png":{"frame":{"x":402,"y":78,"w":69,"h":48},"sourceSize":{"w":69,"h":48},"spriteSourceSize":{"x":0,"y":0,"w":69,"h":48},"rotated":false,"trimmed":false},"ads_igorraygun_ads_igorraygun_64_c_0_3.png":{"frame":{"x":544,"y":78,"w":69,"h":48},"sourceSize":{"w":69,"h":48},"spriteSourceSize":{"x":0,"y":0,"w":69,"h":48},"rotated":false,"trimmed":false}}}