{"type":"furniture","name":"ads_reebok_tv","visualizationType":"furniture_animated","logicType":"furniture_multistate","spritesheet":"ads_reebok_tv_spritesheet.json","dimensions":{"x":-3.25,"y":0.2,"z":-1.625},"directions":[90,180],"assets":{"ads_reebok_tv_64_a_2_0":{"x":60,"y":-16},"ads_reebok_tv_64_a_2_2":{"x":48,"y":44},"ads_reebok_tv_64_a_4_0":{"x":60,"y":-14},"ads_reebok_tv_64_a_2_1":{"x":48,"y":44},"ads_reebok_tv_icon_a":{"x":14,"y":13},"ads_reebok_tv_64_c_2_0":{"x":78,"y":60},"ads_reebok_tv_64_b_4_0":{"x":60,"y":68},"ads_reebok_tv_64_b_2_0":{"x":77,"y":66},"ads_reebok_tv_64_c_4_0":{"x":51,"y":62},"ads_reebok_tv_64_a_4_5":{"x":45,"y":46},"ads_reebok_tv_64_a_2_4":{"x":48,"y":44},"ads_reebok_tv_64_a_4_2":{"x":45,"y":46},"ads_reebok_tv_64_a_2_3":{"x":48,"y":44},"ads_reebok_tv_64_a_4_1":{"x":45,"y":46},"ads_reebok_tv_64_a_4_4":{"x":45,"y":46},"ads_reebok_tv_64_a_2_5":{"x":48,"y":44},"ads_reebok_tv_64_a_4_3":{"x":45,"y":46}},"visualization":{"layerCount":3,"angle":45,"layers":{"0":{"z":-2990.0},"1":{"z":-2995.0},"2":{"alpha":41,"z":-3000.0}},"directions":{"2":{},"4":{}},"animations":{"0":{"layers":{"0":{"loopCount":0,"frameRepeat":2,"frameSequences":{"0":{"frames":{"0":{"id":1},"1":{"id":2},"2":{"id":3},"3":{"id":3},"4":{"id":3},"5":{"id":3},"6":{"id":3},"7":{"id":3},"8":{"id":3},"9":{"id":3},"10":{"id":3},"11":{"id":3},"12":{"id":3},"13":{"id":3},"14":{"id":3},"15":{"id":3},"16":{"id":3},"17":{"id":3},"18":{"id":3},"19":{"id":3},"20":{"id":3},"21":{"id":3},"22":{"id":2},"23":{"id":1},"24":{"id":4},"25":{"id":5},"26":{"id":5},"27":{"id":5},"28":{"id":5},"29":{"id":5},"30":{"id":5},"31":{"id":5},"32":{"id":5},"33":{"id":5},"34":{"id":5},"35":{"id":5},"36":{"id":5},"37":{"id":5},"38":{"id":5},"39":{"id":5},"40":{"id":5},"41":{"id":5},"42":{"id":5},"43":{"id":5},"44":{"id":5},"45":{"id":4}}}}},"1":{"frameSequences":{"0":{"frames":{"0":{"id":0}}}}},"2":{"frameSequences":{"0":{"frames":{"0":{"id":0}}}}}}}}}}