{"meta":{"app":"FFConverter ~ Joopie","format":"RGBA8888","image":"ads_reebok_tv.png","scale":"1.0","size":{"w":1024,"h":256},"version":"1.0"},"frames":{"ads_reebok_tv_ads_reebok_tv_64_a_4_3.png":{"frame":{"x":642,"y":139,"w":78,"h":92},"sourceSize":{"w":78,"h":92},"spriteSourceSize":{"x":0,"y":0,"w":78,"h":92},"rotated":false,"trimmed":false},"ads_reebok_tv_ads_reebok_tv_64_c_4_0.png":{"frame":{"x":250,"y":96,"w":114,"h":135},"sourceSize":{"w":114,"h":135},"spriteSourceSize":{"x":0,"y":0,"w":114,"h":135},"rotated":false,"trimmed":false},"ads_reebok_tv_ads_reebok_tv_64_b_4_0.png":{"frame":{"x":2,"y":96,"w":122,"h":135},"sourceSize":{"w":122,"h":135},"spriteSourceSize":{"x":0,"y":0,"w":122,"h":135},"rotated":false,"trimmed":false},"ads_reebok_tv_ads_reebok_tv_icon_a.png":{"frame":{"x":882,"y":145,"w":28,"h":31},"sourceSize":{"w":28,"h":31},"spriteSourceSize":{"x":0,"y":0,"w":28,"h":31},"rotated":false,"trimmed":false},"ads_reebok_tv_ads_reebok_tv_64_a_2_4.png":{"frame":{"x":562,"y":139,"w":78,"h":92},"sourceSize":{"w":78,"h":92},"spriteSourceSize":{"x":0,"y":0,"w":78,"h":92},"rotated":false,"trimmed":false},"ads_reebok_tv_ads_reebok_tv_64_a_4_5.png":{"frame":{"x":322,"y":2,"w":78,"h":92},"sourceSize":{"w":78,"h":92},"spriteSourceSize":{"x":0,"y":0,"w":78,"h":92},"rotated":false,"trimmed":false},"ads_reebok_tv_ads_reebok_tv_64_a_2_2.png":{"frame":{"x":482,"y":139,"w":78,"h":92},"sourceSize":{"w":78,"h":92},"spriteSourceSize":{"x":0,"y":0,"w":78,"h":92},"rotated":false,"trimmed":false},"ads_reebok_tv_ads_reebok_tv_64_a_4_1.png":{"frame":{"x":722,"y":139,"w":78,"h":92},"sourceSize":{"w":78,"h":92},"spriteSourceSize":{"x":0,"y":0,"w":78,"h":92},"rotated":false,"trimmed":false},"ads_reebok_tv_ads_reebok_tv_64_a_2_0.png":{"frame":{"x":482,"y":84,"w":105,"h":53},"sourceSize":{"w":105,"h":53},"spriteSourceSize":{"x":0,"y":0,"w":105,"h":53},"rotated":false,"trimmed":false},"ads_reebok_tv_ads_reebok_tv_64_a_2_5.png":{"frame":{"x":162,"y":2,"w":78,"h":92},"sourceSize":{"w":78,"h":92},"spriteSourceSize":{"x":0,"y":0,"w":78,"h":92},"rotated":false,"trimmed":false},"ads_reebok_tv_ads_reebok_tv_64_a_4_4.png":{"frame":{"x":802,"y":139,"w":78,"h":92},"sourceSize":{"w":78,"h":92},"spriteSourceSize":{"x":0,"y":0,"w":78,"h":92},"rotated":false,"trimmed":false},"ads_reebok_tv_ads_reebok_tv_64_b_2_0.png":{"frame":{"x":126,"y":96,"w":122,"h":135},"sourceSize":{"w":122,"h":135},"spriteSourceSize":{"x":0,"y":0,"w":122,"h":135},"rotated":false,"trimmed":false},"ads_reebok_tv_ads_reebok_tv_64_c_2_0.png":{"frame":{"x":366,"y":96,"w":114,"h":135},"sourceSize":{"w":114,"h":135},"spriteSourceSize":{"x":0,"y":0,"w":114,"h":135},"rotated":false,"trimmed":false},"ads_reebok_tv_ads_reebok_tv_64_a_4_2.png":{"frame":{"x":242,"y":2,"w":78,"h":92},"sourceSize":{"w":78,"h":92},"spriteSourceSize":{"x":0,"y":0,"w":78,"h":92},"rotated":false,"trimmed":false},"ads_reebok_tv_ads_reebok_tv_64_a_2_1.png":{"frame":{"x":2,"y":2,"w":78,"h":92},"sourceSize":{"w":78,"h":92},"spriteSourceSize":{"x":0,"y":0,"w":78,"h":92},"rotated":false,"trimmed":false},"ads_reebok_tv_ads_reebok_tv_64_a_4_0.png":{"frame":{"x":882,"y":178,"w":106,"h":53},"sourceSize":{"w":106,"h":53},"spriteSourceSize":{"x":0,"y":0,"w":106,"h":53},"rotated":false,"trimmed":false},"ads_reebok_tv_ads_reebok_tv_64_a_2_3.png":{"frame":{"x":82,"y":2,"w":78,"h":92},"sourceSize":{"w":78,"h":92},"spriteSourceSize":{"x":0,"y":0,"w":78,"h":92},"rotated":false,"trimmed":false}}}