{"meta":{"app":"FFConverter ~ Joopie","format":"RGBA8888","image":"ads_rangocactus.png","scale":"1.0","size":{"w":128,"h":256},"version":"1.0"},"frames":{"ads_rangocactus_ads_rangocactus_64_sd_0_0.png":{"frame":{"x":2,"y":2,"w":36,"h":19},"sourceSize":{"w":36,"h":19},"spriteSourceSize":{"x":0,"y":0,"w":36,"h":19},"rotated":false,"trimmed":false},"ads_rangocactus_ads_rangocactus_64_a_0_0.png":{"frame":{"x":2,"y":23,"w":72,"h":192},"sourceSize":{"w":72,"h":192},"spriteSourceSize":{"x":0,"y":0,"w":72,"h":192},"rotated":false,"trimmed":false},"ads_rangocactus_ads_rangocactus_icon_a.png":{"frame":{"x":76,"y":186,"w":20,"h":29},"sourceSize":{"w":20,"h":29},"spriteSourceSize":{"x":0,"y":0,"w":20,"h":29},"rotated":false,"trimmed":false}}}