{"type":"furniture","name":"ads_rangocactus","visualizationType":"furniture_static","logicType":"furniture_basic","spritesheet":"ads_rangocactus_spritesheet.json","dimensions":{"x":1.0,"y":1.0,"z":1.0},"directions":[0,90],"assets":{"ads_rangocactus_64_a_0_0":{"x":44,"y":184},"ads_rangocactus_64_a_2_0":{"source":"ads_rangocactus_64_a_0_0","x":44,"y":184,"flipH":true},"ads_rangocactus_icon_a":{"x":8,"y":17},"ads_rangocactus_64_sd_2_0":{"source":"ads_rangocactus_64_sd_0_0","x":18,"y":9,"flipH":true},"ads_rangocactus_64_sd_0_0":{"x":18,"y":9}},"visualization":{"layerCount":1,"angle":45,"directions":{"0":{},"2":{}}}}