{"type":"furniture","name":"ads_percyrock","visualizationType":"furniture_animated","logicType":"furniture_multistate","spritesheet":"ads_percyrock_spritesheet.json","dimensions":{"x":2.0,"y":2.0,"z":1.0},"directions":[0],"assets":{"ads_percyrock_64_c_0_1":{"x":81,"y":121},"ads_percyrock_64_c_0_0":{"source":"ads_percyrock_32_c_0_0","x":16,"y":-25},"ads_percyrock_icon_a":{"x":14,"y":14},"ads_percyrock_64_d_0_0":{"source":"ads_percyrock_32_c_0_0","x":16,"y":-25},"ads_percyrock_64_b_0_0":{"x":49,"y":31},"ads_percyrock_64_d_0_1":{"x":39,"y":111},"ads_percyrock_64_a_0_0":{"x":15,"y":75},"ads_percyrock_64_b_0_1":{"x":49,"y":40},"ads_percyrock_64_a_0_1":{"x":61,"y":102}},"visualization":{"layerCount":4,"angle":45,"layers":{"0":{},"1":{"z":1000.0},"2":{"ink":"ADD","ignoreMouse":true},"3":{"z":1000.0,"ink":"ADD","ignoreMouse":true}},"directions":{"0":{}},"animations":{"0":{"layers":{"0":{"frameSequences":{"0":{"frames":{"0":{"id":0}}}}},"1":{"frameSequences":{"0":{"frames":{"0":{"id":0}}}}},"2":{"frameSequences":{"0":{"frames":{"0":{"id":0}}}}},"3":{"frameSequences":{"0":{"frames":{"0":{"id":0}}}}}}},"1":{"layers":{"0":{"frameSequences":{"0":{"frames":{"0":{"id":1}}}}},"1":{"frameSequences":{"0":{"frames":{"0":{"id":1}}}}},"2":{"frameSequences":{"0":{"frames":{"0":{"id":1}}}}},"3":{"frameSequences":{"0":{"frames":{"0":{"id":1}}}}}}}}}}