{"meta":{"app":"FFConverter ~ Joopie","format":"RGBA8888","image":"ads_percyrock.png","scale":"1.0","size":{"w":512,"h":256},"version":"1.0"},"frames":{"ads_percyrock_ads_percyrock_32_c_0_0.png":{"frame":{"x":385,"y":167,"w":1,"h":1},"sourceSize":{"w":1,"h":1},"spriteSourceSize":{"x":0,"y":0,"w":1,"h":1},"rotated":false,"trimmed":false},"ads_percyrock_ads_percyrock_64_a_0_0.png":{"frame":{"x":118,"y":18,"w":51,"h":60},"sourceSize":{"w":51,"h":60},"spriteSourceSize":{"x":0,"y":0,"w":51,"h":60},"rotated":false,"trimmed":false},"ads_percyrock_ads_percyrock_64_a_0_1.png":{"frame":{"x":288,"y":147,"w":95,"h":87},"sourceSize":{"w":95,"h":87},"spriteSourceSize":{"x":0,"y":0,"w":95,"h":87},"rotated":false,"trimmed":false},"ads_percyrock_ads_percyrock_64_d_0_1.png":{"frame":{"x":166,"y":90,"w":120,"h":144},"sourceSize":{"w":120,"h":144},"spriteSourceSize":{"x":0,"y":0,"w":120,"h":144},"rotated":false,"trimmed":false},"ads_percyrock_ads_percyrock_64_b_0_0.png":{"frame":{"x":385,"y":170,"w":100,"h":64},"sourceSize":{"w":100,"h":64},"spriteSourceSize":{"x":0,"y":0,"w":100,"h":64},"rotated":false,"trimmed":false},"ads_percyrock_ads_percyrock_64_c_0_1.png":{"frame":{"x":2,"y":80,"w":162,"h":154},"sourceSize":{"w":162,"h":154},"spriteSourceSize":{"x":0,"y":0,"w":162,"h":154},"rotated":false,"trimmed":false},"ads_percyrock_ads_percyrock_icon_a.png":{"frame":{"x":288,"y":117,"w":29,"h":28},"sourceSize":{"w":29,"h":28},"spriteSourceSize":{"x":0,"y":0,"w":29,"h":28},"rotated":false,"trimmed":false},"ads_percyrock_ads_percyrock_64_b_0_1.png":{"frame":{"x":2,"y":5,"w":114,"h":73},"sourceSize":{"w":114,"h":73},"spriteSourceSize":{"x":0,"y":0,"w":114,"h":73},"rotated":false,"trimmed":false}}}