{"type":"furniture","name":"anc_pharaoh_tele","visualizationType":"furniture_animated","logicType":"furniture_multistate","spritesheet":"anc_pharaoh_tele_spritesheet.json","dimensions":{"x":1.0,"y":1.0,"z":0.1},"directions":[90,180],"assets":{"anc_pharaoh_tele_64_b_4_0":{"source":"anc_pharaoh_tele_64_b_2_0","x":35,"y":103,"flipH":true},"anc_pharaoh_tele_64_a_4_0":{"source":"anc_pharaoh_tele_64_a_2_0","x":42,"y":122,"flipH":true},"anc_pharaoh_tele_64_a_2_0":{"x":42,"y":122},"anc_pharaoh_tele_64_c_2_2":{"x":17,"y":110},"anc_pharaoh_tele_64_c_4_1":{"source":"anc_pharaoh_tele_64_c_2_1","x":-15,"y":109,"flipH":true},"anc_pharaoh_tele_64_c_4_0":{"source":"anc_pharaoh_tele_64_c_2_0","x":17,"y":110,"flipH":true},"anc_pharaoh_tele_64_c_2_0":{"x":17,"y":110},"anc_pharaoh_tele_64_b_2_0":{"x":35,"y":103},"anc_pharaoh_tele_64_c_2_1":{"x":-15,"y":109},"anc_pharaoh_tele_icon_a":{"x":9,"y":15},"anc_pharaoh_tele_64_c_4_2":{"source":"anc_pharaoh_tele_64_c_2_2","x":17,"y":110,"flipH":true}},"visualization":{"layerCount":3,"angle":45,"layers":{"0":{"z":-1.0},"1":{"z":200.0},"2":{"z":220.0}},"directions":{"2":{},"4":{}},"animations":{"0":{"layers":{}},"1":{"layers":{"0":{"frameSequences":{"0":{"frames":{"0":{"id":0}}}}},"1":{"frameSequences":{"0":{"frames":{"0":{"id":0}}}}},"2":{"loopCount":0,"frameRepeat":4,"frameSequences":{"0":{"frames":{"0":{"id":1}}}}}}},"2":{"layers":{"0":{"frameSequences":{"0":{"frames":{"0":{"id":0}}}}},"1":{"frameSequences":{"0":{"frames":{"0":{"id":0}}}}},"2":{"loopCount":0,"frameRepeat":1,"frameSequences":{"0":{"frames":{"0":{"id":0},"1":{"id":2}}}}}}}}}}