{"meta":{"app":"FFConverter ~ Joopie","format":"RGBA8888","image":"anc_pharaoh_tele.png","scale":"1.0","size":{"w":128,"h":256},"version":"1.0"},"frames":{"anc_pharaoh_tele_anc_pharaoh_tele_64_c_2_0.png":{"frame":{"x":78,"y":2,"w":46,"h":125},"sourceSize":{"w":46,"h":125},"spriteSourceSize":{"x":0,"y":0,"w":46,"h":125},"rotated":false,"trimmed":false},"anc_pharaoh_tele_anc_pharaoh_tele_64_c_2_1.png":{"frame":{"x":32,"y":8,"w":24,"h":110},"sourceSize":{"w":24,"h":110},"spriteSourceSize":{"x":0,"y":0,"w":24,"h":110},"rotated":false,"trimmed":false},"anc_pharaoh_tele_anc_pharaoh_tele_64_a_2_0.png":{"frame":{"x":2,"y":120,"w":74,"h":134},"sourceSize":{"w":74,"h":134},"spriteSourceSize":{"x":0,"y":0,"w":74,"h":134},"rotated":false,"trimmed":false},"anc_pharaoh_tele_anc_pharaoh_tele_64_c_2_2.png":{"frame":{"x":78,"y":129,"w":46,"h":125},"sourceSize":{"w":46,"h":125},"spriteSourceSize":{"x":0,"y":0,"w":46,"h":125},"rotated":false,"trimmed":false},"anc_pharaoh_tele_anc_pharaoh_tele_64_b_2_0.png":{"frame":{"x":2,"y":7,"w":28,"h":111},"sourceSize":{"w":28,"h":111},"spriteSourceSize":{"x":0,"y":0,"w":28,"h":111},"rotated":false,"trimmed":false},"anc_pharaoh_tele_anc_pharaoh_tele_icon_a.png":{"frame":{"x":58,"y":86,"w":18,"h":32},"sourceSize":{"w":18,"h":32},"spriteSourceSize":{"x":0,"y":0,"w":18,"h":32},"rotated":false,"trimmed":false}}}