{"type":"furniture","name":"ads_calip_pool","visualizationType":"furniture_static","logicType":"furniture_basic","spritesheet":"ads_calip_pool_spritesheet.json","dimensions":{"x":2.0,"y":2.0,"z":0.0},"directions":[0],"assets":{"ads_calip_pool_64_e_0_0":{"x":24,"y":27},"ads_calip_pool_64_h_0_0":{"x":27,"y":-11},"ads_calip_pool_icon_a":{"x":13,"y":9},"ads_calip_pool_64_c_0_0":{"x":62,"y":6},"ads_calip_pool_64_a_0_0":{"x":28,"y":33},"ads_calip_pool_64_b_0_0":{"x":-29,"y":6},"ads_calip_pool_64_i_0_0":{"x":57,"y":21},"ads_calip_pool_64_d_0_0":{"x":34,"y":-10},"ads_calip_pool_64_g_0_0":{"x":53,"y":2},"ads_calip_pool_64_f_0_0":{"x":52,"y":16}},"visualization":{"layerCount":9,"angle":45,"layers":{"0":{"z":-60.0},"1":{"z":1060.0},"2":{"z":1061.0},"3":{"z":2061.0},"4":{"alpha":204,"z":-59.0},"5":{"alpha":204,"z":500.0},"6":{"alpha":204,"z":1060.0},"7":{"alpha":204,"z":2060.0},"8":{"z":400.0}},"directions":{"0":{}}}}