{"meta":{"app":"FFConverter ~ Joopie","format":"RGBA8888","image":"ads_calip_pool.png","scale":"1.0","size":{"w":512,"h":64},"version":"1.0"},"frames":{"ads_calip_pool_ads_calip_pool_64_a_0_0.png":{"frame":{"x":332,"y":17,"w":57,"h":45},"sourceSize":{"w":57,"h":45},"spriteSourceSize":{"x":0,"y":0,"w":57,"h":45},"rotated":false,"trimmed":false},"ads_calip_pool_ads_calip_pool_64_f_0_0.png":{"frame":{"x":226,"y":38,"w":104,"h":24},"sourceSize":{"w":104,"h":24},"spriteSourceSize":{"x":0,"y":0,"w":104,"h":24},"rotated":false,"trimmed":false},"ads_calip_pool_ads_calip_pool_64_i_0_0.png":{"frame":{"x":2,"y":17,"w":114,"h":45},"sourceSize":{"w":114,"h":45},"spriteSourceSize":{"x":0,"y":0,"w":114,"h":45},"rotated":false,"trimmed":false},"ads_calip_pool_ads_calip_pool_64_h_0_0.png":{"frame":{"x":2,"y":2,"w":54,"h":13},"sourceSize":{"w":54,"h":13},"spriteSourceSize":{"x":0,"y":0,"w":54,"h":13},"rotated":false,"trimmed":false},"ads_calip_pool_ads_calip_pool_64_c_0_0.png":{"frame":{"x":426,"y":26,"w":31,"h":36},"sourceSize":{"w":31,"h":36},"spriteSourceSize":{"x":0,"y":0,"w":31,"h":36},"rotated":false,"trimmed":false},"ads_calip_pool_ads_calip_pool_64_d_0_0.png":{"frame":{"x":118,"y":2,"w":66,"h":35},"sourceSize":{"w":66,"h":35},"spriteSourceSize":{"x":0,"y":0,"w":66,"h":35},"rotated":false,"trimmed":false},"ads_calip_pool_ads_calip_pool_64_g_0_0.png":{"frame":{"x":118,"y":39,"w":106,"h":23},"sourceSize":{"w":106,"h":23},"spriteSourceSize":{"x":0,"y":0,"w":106,"h":23},"rotated":false,"trimmed":false},"ads_calip_pool_ads_calip_pool_64_b_0_0.png":{"frame":{"x":391,"y":25,"w":33,"h":37},"sourceSize":{"w":33,"h":37},"spriteSourceSize":{"x":0,"y":0,"w":33,"h":37},"rotated":false,"trimmed":false},"ads_calip_pool_ads_calip_pool_64_e_0_0.png":{"frame":{"x":391,"y":2,"w":48,"h":21},"sourceSize":{"w":48,"h":21},"spriteSourceSize":{"x":0,"y":0,"w":48,"h":21},"rotated":false,"trimmed":false},"ads_calip_pool_ads_calip_pool_icon_a.png":{"frame":{"x":186,"y":18,"w":27,"h":19},"sourceSize":{"w":27,"h":19},"spriteSourceSize":{"x":0,"y":0,"w":27,"h":19},"rotated":false,"trimmed":false}}}