{"type":"furniture","name":"ads_cheetos","visualizationType":"furniture_animated","logicType":"furniture_multistate","spritesheet":"ads_cheetos_spritesheet.json","dimensions":{"x":1.0,"y":1.0,"z":1.0},"directions":[90,180],"assets":{"ads_cheetos_64_a_2_0":{"x":32,"y":101},"ads_cheetos_icon_a":{"x":10,"y":15},"ads_cheetos_64_sd_4_0":{"x":32,"y":5},"ads_cheetos_64_a_4_1":{"x":32,"y":101},"ads_cheetos_64_sd_2_0":{"x":33,"y":5},"ads_cheetos_64_a_2_1":{"x":32,"y":101},"ads_cheetos_64_a_4_0":{"x":32,"y":101}},"visualization":{"layerCount":1,"angle":45,"directions":{"2":{},"4":{}},"animations":{"0":{"layers":{"0":{"frameSequences":{"0":{"frames":{"0":{"id":0}}}}}}},"1":{"layers":{"0":{"frameSequences":{"0":{"frames":{"0":{"id":1}}}}}}}}}}