{"meta":{"app":"FFConverter ~ Joopie","format":"RGBA8888","image":"ads_cheetos.png","scale":"1.0","size":{"w":512,"h":128},"version":"1.0"},"frames":{"ads_cheetos_ads_cheetos_64_a_4_1.png":{"frame":{"x":203,"y":2,"w":65,"h":113},"sourceSize":{"w":65,"h":113},"spriteSourceSize":{"x":0,"y":0,"w":65,"h":113},"rotated":false,"trimmed":false},"ads_cheetos_ads_cheetos_64_sd_2_0.png":{"frame":{"x":270,"y":73,"w":66,"h":20},"sourceSize":{"w":66,"h":20},"spriteSourceSize":{"x":0,"y":0,"w":66,"h":20},"rotated":false,"trimmed":false},"ads_cheetos_ads_cheetos_64_a_2_0.png":{"frame":{"x":2,"y":2,"w":65,"h":113},"sourceSize":{"w":65,"h":113},"spriteSourceSize":{"x":0,"y":0,"w":65,"h":113},"rotated":false,"trimmed":false},"ads_cheetos_ads_cheetos_64_sd_4_0.png":{"frame":{"x":270,"y":95,"w":66,"h":20},"sourceSize":{"w":66,"h":20},"spriteSourceSize":{"x":0,"y":0,"w":66,"h":20},"rotated":false,"trimmed":false},"ads_cheetos_ads_cheetos_64_a_2_1.png":{"frame":{"x":69,"y":2,"w":65,"h":113},"sourceSize":{"w":65,"h":113},"spriteSourceSize":{"x":0,"y":0,"w":65,"h":113},"rotated":false,"trimmed":false},"ads_cheetos_ads_cheetos_64_a_4_0.png":{"frame":{"x":136,"y":2,"w":65,"h":113},"sourceSize":{"w":65,"h":113},"spriteSourceSize":{"x":0,"y":0,"w":65,"h":113},"rotated":false,"trimmed":false},"ads_cheetos_ads_cheetos_icon_a.png":{"frame":{"x":338,"y":85,"w":20,"h":30},"sourceSize":{"w":20,"h":30},"spriteSourceSize":{"x":0,"y":0,"w":20,"h":30},"rotated":false,"trimmed":false}}}