{"meta":{"app":"FFConverter ~ Joopie","format":"RGBA8888","image":"ads_kfp2statue.png","scale":"1.0","size":{"w":256,"h":256},"version":"1.0"},"frames":{"ads_kfp2statue_ads_kfp2statue_icon_a.png":{"frame":{"x":2,"y":2,"w":30,"h":28},"sourceSize":{"w":30,"h":28},"spriteSourceSize":{"x":0,"y":0,"w":30,"h":28},"rotated":false,"trimmed":false},"ads_kfp2statue_ads_kfp2statue_64_a_0_0.png":{"frame":{"x":2,"y":32,"w":126,"h":199},"sourceSize":{"w":126,"h":199},"spriteSourceSize":{"x":0,"y":0,"w":126,"h":199},"rotated":false,"trimmed":false}}}