{"type":"furniture","name":"ads_mall_elevator","visualizationType":"furniture_animated","logicType":"furniture_multistate","spritesheet":"ads_mall_elevator_spritesheet.json","dimensions":{"x":1.0,"y":1.0,"z":0.0},"directions":[90,180],"assets":{"ads_mall_elevator_64_b_2_2":{"source":"ads_mall_elevator_64_b_4_2","x":43,"y":224,"flipH":true},"ads_mall_elevator_64_b_4_0":{"x":32,"y":2},"ads_mall_elevator_64_b_2_3":{"source":"ads_mall_elevator_64_b_4_3","x":43,"y":224,"flipH":true},"ads_mall_elevator_64_b_4_1":{"x":43,"y":224},"ads_mall_elevator_64_b_2_4":{"source":"ads_mall_elevator_64_b_4_4","x":43,"y":224,"flipH":true},"ads_mall_elevator_64_b_4_2":{"x":43,"y":224},"ads_mall_elevator_64_b_2_5":{"source":"ads_mall_elevator_64_b_4_5","x":43,"y":224,"flipH":true},"ads_mall_elevator_64_b_4_3":{"x":43,"y":224},"ads_mall_elevator_64_b_2_0":{"source":"ads_mall_elevator_64_b_4_0","x":32,"y":2,"flipH":true},"ads_mall_elevator_64_b_2_1":{"source":"ads_mall_elevator_64_b_4_1","x":43,"y":224,"flipH":true},"ads_mall_elevator_64_a_4_1":{"x":29,"y":92},"ads_mall_elevator_64_a_2_0":{"source":"ads_mall_elevator_64_b_4_0","x":32,"y":2,"flipH":true},"ads_mall_elevator_64_a_4_0":{"source":"ads_mall_elevator_64_b_4_0","x":32,"y":2},"ads_mall_elevator_64_a_2_1":{"source":"ads_mall_elevator_64_a_4_1","x":29,"y":92,"flipH":true},"ads_mall_elevator_icon_a":{"x":10,"y":16},"ads_mall_elevator_64_d_2_0":{"source":"ads_mall_elevator_64_b_4_0","x":32,"y":2,"flipH":true},"ads_mall_elevator_64_d_2_1":{"source":"ads_mall_elevator_64_d_4_1","x":43,"y":110,"flipH":true},"ads_mall_elevator_64_d_4_0":{"source":"ads_mall_elevator_64_b_4_0","x":32,"y":2},"ads_mall_elevator_64_d_4_1":{"x":43,"y":110},"ads_mall_elevator_64_b_2_6":{"source":"ads_mall_elevator_64_b_4_6","x":43,"y":224,"flipH":true},"ads_mall_elevator_64_b_4_4":{"x":43,"y":224},"ads_mall_elevator_64_b_4_5":{"x":43,"y":224},"ads_mall_elevator_64_b_4_6":{"x":43,"y":224},"ads_mall_elevator_64_c_2_0":{"source":"ads_mall_elevator_64_b_4_0","x":32,"y":2,"flipH":true},"ads_mall_elevator_64_c_4_1":{"x":29,"y":224},"ads_mall_elevator_64_c_2_1":{"source":"ads_mall_elevator_64_c_4_1","x":29,"y":224,"flipH":true},"ads_mall_elevator_64_c_4_0":{"source":"ads_mall_elevator_64_b_4_0","x":32,"y":2}},"visualization":{"layerCount":4,"angle":45,"directions":{"2":{"layers":{"0":{"z":-100.0},"1":{"z":300.0},"2":{"z":300.0},"3":{"z":300.0}}},"4":{"layers":{"0":{"z":-100.0},"1":{"z":300.0},"2":{"z":300.0},"3":{"z":300.0}}}},"animations":{"0":{"layers":{"0":{"frameSequences":{"0":{"frames":{"0":{"id":0}}}}},"1":{"frameSequences":{"0":{"frames":{"0":{"id":1}}}}},"2":{"frameSequences":{"0":{"frames":{"0":{"id":0}}}}},"3":{"frameSequences":{"0":{"frames":{"0":{"id":0}}}}}}},"1":{"layers":{"0":{"frameSequences":{"0":{"frames":{"0":{"id":1}}}}},"1":{"frameSequences":{"0":{"frames":{"0":{"id":0}}}}},"2":{"frameSequences":{"0":{"frames":{"0":{"id":1}}}}},"3":{"frameSequences":{"0":{"frames":{"0":{"id":1}}}}}}},"2":{"layers":{"0":{"frameSequences":{"0":{"frames":{"0":{"id":0}}}}},"1":{"frameRepeat":2,"frameSequences":{"0":{"frames":{"0":{"id":1},"1":{"id":2},"2":{"id":3},"3":{"id":4},"4":{"id":5},"5":{"id":6},"6":{"id":5},"7":{"id":4},"8":{"id":3},"9":{"id":2},"10":{"id":1}}}}},"2":{"frameSequences":{"0":{"frames":{"0":{"id":0}}}}},"3":{"frameSequences":{"0":{"frames":{"0":{"id":0}}}}}}}}}}