{"meta":{"app":"FFConverter ~ Joopie","format":"RGBA8888","image":"ads_mall_elevator.png","scale":"1.0","size":{"w":1024,"h":256},"version":"1.0"},"frames":{"ads_mall_elevator_ads_mall_elevator_64_b_4_5.png":{"frame":{"x":178,"y":5,"w":86,"h":248},"sourceSize":{"w":86,"h":248},"spriteSourceSize":{"x":0,"y":0,"w":86,"h":248},"rotated":false,"trimmed":false},"ads_mall_elevator_ads_mall_elevator_64_b_4_4.png":{"frame":{"x":442,"y":5,"w":86,"h":248},"sourceSize":{"w":86,"h":248},"spriteSourceSize":{"x":0,"y":0,"w":86,"h":248},"rotated":false,"trimmed":false},"ads_mall_elevator_ads_mall_elevator_64_c_4_1.png":{"frame":{"x":530,"y":5,"w":72,"h":248},"sourceSize":{"w":72,"h":248},"spriteSourceSize":{"x":0,"y":0,"w":72,"h":248},"rotated":false,"trimmed":false},"ads_mall_elevator_ads_mall_elevator_64_b_4_1.png":{"frame":{"x":2,"y":5,"w":86,"h":248},"sourceSize":{"w":86,"h":248},"spriteSourceSize":{"x":0,"y":0,"w":86,"h":248},"rotated":false,"trimmed":false},"ads_mall_elevator_ads_mall_elevator_64_b_4_0.png":{"frame":{"x":2,"y":2,"w":1,"h":1},"sourceSize":{"w":1,"h":1},"spriteSourceSize":{"x":0,"y":0,"w":1,"h":1},"rotated":false,"trimmed":false},"ads_mall_elevator_ads_mall_elevator_64_a_4_1.png":{"frame":{"x":620,"y":151,"w":26,"h":102},"sourceSize":{"w":26,"h":102},"spriteSourceSize":{"x":0,"y":0,"w":26,"h":102},"rotated":false,"trimmed":false},"ads_mall_elevator_ads_mall_elevator_64_b_4_2.png":{"frame":{"x":90,"y":5,"w":86,"h":248},"sourceSize":{"w":86,"h":248},"spriteSourceSize":{"x":0,"y":0,"w":86,"h":248},"rotated":false,"trimmed":false},"ads_mall_elevator_ads_mall_elevator_64_b_4_3.png":{"frame":{"x":354,"y":5,"w":86,"h":248},"sourceSize":{"w":86,"h":248},"spriteSourceSize":{"x":0,"y":0,"w":86,"h":248},"rotated":false,"trimmed":false},"ads_mall_elevator_ads_mall_elevator_64_b_4_6.png":{"frame":{"x":266,"y":5,"w":86,"h":248},"sourceSize":{"w":86,"h":248},"spriteSourceSize":{"x":0,"y":0,"w":86,"h":248},"rotated":false,"trimmed":false},"ads_mall_elevator_ads_mall_elevator_64_d_4_1.png":{"frame":{"x":604,"y":133,"w":14,"h":120},"sourceSize":{"w":14,"h":120},"spriteSourceSize":{"x":0,"y":0,"w":14,"h":120},"rotated":false,"trimmed":false},"ads_mall_elevator_ads_mall_elevator_icon_a.png":{"frame":{"x":648,"y":221,"w":21,"h":32},"sourceSize":{"w":21,"h":32},"spriteSourceSize":{"x":0,"y":0,"w":21,"h":32},"rotated":false,"trimmed":false}}}