{"meta":{"app":"FFConverter ~ Joopie","format":"RGBA8888","image":"ads_twi_trophy.png","scale":"1.0","size":{"w":64,"h":256},"version":"1.0"},"frames":{"ads_twi_trophy_ads_twi_trophy_64_b_2_0.png":{"frame":{"x":2,"y":34,"w":38,"h":66},"sourceSize":{"w":38,"h":66},"spriteSourceSize":{"x":0,"y":0,"w":38,"h":66},"rotated":false,"trimmed":false},"ads_twi_trophy_ads_twi_trophy_icon_a.png":{"frame":{"x":2,"y":2,"w":30,"h":30},"sourceSize":{"w":30,"h":30},"spriteSourceSize":{"x":0,"y":0,"w":30,"h":30},"rotated":false,"trimmed":false},"ads_twi_trophy_ads_twi_trophy_64_a_2_0.png":{"frame":{"x":2,"y":102,"w":44,"h":114},"sourceSize":{"w":44,"h":114},"spriteSourceSize":{"x":0,"y":0,"w":44,"h":114},"rotated":false,"trimmed":false}}}