{"type":"furniture","name":"ads_twi_trophy","visualizationType":"furniture_static","logicType":"furniture_trophy","spritesheet":"ads_twi_trophy_spritesheet.json","dimensions":{"x":1.0,"y":1.0,"z":0.0},"directions":[90,180],"assets":{"ads_twi_trophy_64_a_4_0":{"source":"ads_twi_trophy_64_a_2_0","x":22,"y":101,"flipH":true},"ads_twi_trophy_icon_a":{"x":15,"y":15},"ads_twi_trophy_64_b_4_0":{"source":"ads_twi_trophy_64_b_2_0","x":19,"y":102,"flipH":true},"ads_twi_trophy_64_a_2_0":{"x":22,"y":101},"ads_twi_trophy_64_b_2_0":{"x":19,"y":102}},"visualization":{"layerCount":2,"angle":45,"layers":{"1":{"z":5.0,"ink":"ADD"}},"directions":{"2":{},"4":{}}}}