{"meta":{"app":"FFConverter ~ Joopie","format":"RGBA8888","image":"america_r17_eagle.png","scale":"1.0","size":{"w":256,"h":256},"version":"1.0"},"frames":{"america_r17_eagle_america_r17_eagle_64_a_0_4.png":{"frame":{"x":191,"y":179,"w":59,"h":70},"sourceSize":{"w":59,"h":70},"spriteSourceSize":{"x":0,"y":0,"w":59,"h":70},"rotated":false,"trimmed":false},"america_r17_eagle_america_r17_eagle_64_b_0_1.png":{"frame":{"x":67,"y":176,"w":1,"h":1},"sourceSize":{"w":1,"h":1},"spriteSourceSize":{"x":0,"y":0,"w":1,"h":1},"rotated":false,"trimmed":false},"america_r17_eagle_america_r17_eagle_64_a_0_6.png":{"frame":{"x":65,"y":104,"w":59,"h":70},"sourceSize":{"w":59,"h":70},"spriteSourceSize":{"x":0,"y":0,"w":59,"h":70},"rotated":false,"trimmed":false},"america_r17_eagle_america_r17_eagle_64_sd_0_0.png":{"frame":{"x":126,"y":86,"w":40,"h":20},"sourceSize":{"w":40,"h":20},"spriteSourceSize":{"x":0,"y":0,"w":40,"h":20},"rotated":false,"trimmed":false},"america_r17_eagle_america_r17_eagle_64_a_0_0.png":{"frame":{"x":2,"y":103,"w":61,"h":71},"sourceSize":{"w":61,"h":71},"spriteSourceSize":{"x":0,"y":0,"w":61,"h":71},"rotated":false,"trimmed":false},"america_r17_eagle_america_r17_eagle_64_a_0_2.png":{"frame":{"x":126,"y":108,"w":59,"h":68},"sourceSize":{"w":59,"h":68},"spriteSourceSize":{"x":0,"y":0,"w":59,"h":68},"rotated":false,"trimmed":false},"america_r17_eagle_america_r17_eagle_64_a_0_8.png":{"frame":{"x":2,"y":176,"w":63,"h":73},"sourceSize":{"w":63,"h":73},"spriteSourceSize":{"x":0,"y":0,"w":63,"h":73},"rotated":false,"trimmed":false},"america_r17_eagle_america_r17_eagle_64_b_0_0.png":{"frame":{"x":2,"y":2,"w":65,"h":28},"sourceSize":{"w":65,"h":28},"spriteSourceSize":{"x":0,"y":0,"w":65,"h":28},"rotated":false,"trimmed":false},"america_r17_eagle_america_r17_eagle_64_a_0_1.png":{"frame":{"x":2,"y":32,"w":61,"h":69},"sourceSize":{"w":61,"h":69},"spriteSourceSize":{"x":0,"y":0,"w":61,"h":69},"rotated":false,"trimmed":false},"america_r17_eagle_america_r17_eagle_icon_a.png":{"frame":{"x":126,"y":55,"w":29,"h":29},"sourceSize":{"w":29,"h":29},"spriteSourceSize":{"x":0,"y":0,"w":29,"h":29},"rotated":false,"trimmed":false},"america_r17_eagle_america_r17_eagle_64_a_0_7.png":{"frame":{"x":67,"y":179,"w":61,"h":70},"sourceSize":{"w":61,"h":70},"spriteSourceSize":{"x":0,"y":0,"w":61,"h":70},"rotated":false,"trimmed":false},"america_r17_eagle_america_r17_eagle_64_a_0_5.png":{"frame":{"x":65,"y":33,"w":59,"h":69},"sourceSize":{"w":59,"h":69},"spriteSourceSize":{"x":0,"y":0,"w":59,"h":69},"rotated":false,"trimmed":false},"america_r17_eagle_america_r17_eagle_64_a_0_3.png":{"frame":{"x":130,"y":178,"w":59,"h":71},"sourceSize":{"w":59,"h":71},"spriteSourceSize":{"x":0,"y":0,"w":59,"h":71},"rotated":false,"trimmed":false}}}