{"type":"furniture","name":"america_r17_eagle","visualizationType":"furniture_animated","logicType":"furniture_multistate","spritesheet":"america_r17_eagle_spritesheet.json","dimensions":{"x":1.0,"y":1.0,"z":1.0},"directions":[0,90],"assets":{"america_r17_eagle_64_sd_0_0":{"x":24,"y":9},"america_r17_eagle_64_sd_2_0":{"source":"america_r17_eagle_64_sd_0_0","x":24,"y":9,"flipH":true},"america_r17_eagle_64_b_0_1":{"x":5,"y":-11},"america_r17_eagle_icon_a":{"x":13,"y":13},"america_r17_eagle_64_b_0_0":{"x":32,"y":11},"america_r17_eagle_64_b_2_1":{"source":"america_r17_eagle_64_b_0_1","x":5,"y":-11,"flipH":true},"america_r17_eagle_64_b_2_0":{"source":"america_r17_eagle_64_b_0_0","x":32,"y":11,"flipH":true},"america_r17_eagle_64_a_0_2":{"x":28,"y":56},"america_r17_eagle_64_a_2_0":{"source":"america_r17_eagle_64_a_0_0","x":30,"y":59,"flipH":true},"america_r17_eagle_64_a_0_1":{"x":30,"y":57},"america_r17_eagle_64_a_0_0":{"x":30,"y":59},"america_r17_eagle_64_a_0_6":{"x":28,"y":58},"america_r17_eagle_64_a_2_4":{"source":"america_r17_eagle_64_a_0_4","x":28,"y":58,"flipH":true},"america_r17_eagle_64_a_0_5":{"x":28,"y":57},"america_r17_eagle_64_a_2_3":{"source":"america_r17_eagle_64_a_0_3","x":28,"y":59,"flipH":true},"america_r17_eagle_64_a_0_4":{"x":28,"y":58},"america_r17_eagle_64_a_2_2":{"source":"america_r17_eagle_64_a_0_2","x":28,"y":56,"flipH":true},"america_r17_eagle_64_a_0_3":{"x":28,"y":59},"america_r17_eagle_64_a_2_1":{"source":"america_r17_eagle_64_a_0_1","x":30,"y":57,"flipH":true},"america_r17_eagle_64_a_2_8":{"source":"america_r17_eagle_64_a_0_8","x":33,"y":61,"flipH":true},"america_r17_eagle_64_a_2_7":{"source":"america_r17_eagle_64_a_0_7","x":30,"y":58,"flipH":true},"america_r17_eagle_64_a_0_8":{"x":33,"y":61},"america_r17_eagle_64_a_2_6":{"source":"america_r17_eagle_64_a_0_6","x":28,"y":58,"flipH":true},"america_r17_eagle_64_a_0_7":{"x":30,"y":58},"america_r17_eagle_64_a_2_5":{"source":"america_r17_eagle_64_a_0_5","x":28,"y":57,"flipH":true}},"visualization":{"layerCount":2,"angle":45,"layers":{"0":{"z":500.0}},"directions":{"0":{},"2":{}},"animations":{"0":{"layers":{"0":{"loopCount":0,"frameRepeat":2,"random":1,"frameSequences":{"0":{"frames":{"0":{"id":0},"1":{"id":0},"2":{"id":0},"3":{"id":0},"4":{"id":0},"5":{"id":1},"6":{"id":1},"7":{"id":2},"8":{"id":2},"9":{"id":3},"10":{"id":3},"11":{"id":3},"12":{"id":3},"13":{"id":3},"14":{"id":4},"15":{"id":4},"16":{"id":4},"17":{"id":4},"18":{"id":4},"19":{"id":3},"20":{"id":3},"21":{"id":3},"22":{"id":3},"23":{"id":3},"24":{"id":5},"25":{"id":5},"26":{"id":5},"27":{"id":5},"28":{"id":5},"29":{"id":3},"30":{"id":3},"31":{"id":3},"32":{"id":3},"33":{"id":3},"34":{"id":6},"35":{"id":6},"36":{"id":6},"37":{"id":6},"38":{"id":6},"39":{"id":3},"40":{"id":3},"41":{"id":3},"42":{"id":3},"43":{"id":3},"44":{"id":2},"45":{"id":2},"46":{"id":1},"47":{"id":1},"48":{"id":0},"49":{"id":0},"50":{"id":0},"51":{"id":0},"52":{"id":0},"53":{"id":0},"54":{"id":0},"55":{"id":0},"56":{"id":0},"57":{"id":0},"58":{"id":1},"59":{"id":1},"60":{"id":1},"61":{"id":1},"62":{"id":1},"63":{"id":0},"64":{"id":0},"65":{"id":0},"66":{"id":0},"67":{"id":0},"68":{"id":0},"69":{"id":0},"70":{"id":0},"71":{"id":0},"72":{"id":0},"73":{"id":7},"74":{"id":7},"75":{"id":7},"76":{"id":7},"77":{"id":7},"78":{"id":7},"79":{"id":7},"80":{"id":7},"81":{"id":7},"82":{"id":7},"83":{"id":0},"84":{"id":0},"85":{"id":0},"86":{"id":0},"87":{"id":0},"88":{"id":0},"89":{"id":0},"90":{"id":0},"91":{"id":0},"92":{"id":0},"93":{"id":1},"94":{"id":1},"95":{"id":1},"96":{"id":1},"97":{"id":1},"98":{"id":0},"99":{"id":0},"100":{"id":0},"101":{"id":0},"102":{"id":0},"103":{"id":0},"104":{"id":0},"105":{"id":0},"106":{"id":0},"107":{"id":0},"108":{"id":0},"109":{"id":0},"110":{"id":0},"111":{"id":0},"112":{"id":0},"113":{"id":7},"114":{"id":7},"115":{"id":7},"116":{"id":7},"117":{"id":7},"118":{"id":8},"119":{"id":8},"120":{"id":8},"121":{"id":8},"122":{"id":8},"123":{"id":7},"124":{"id":7},"125":{"id":7},"126":{"id":7},"127":{"id":7},"128":{"id":0},"129":{"id":0},"130":{"id":0},"131":{"id":0},"132":{"id":0},"133":{"id":0},"134":{"id":0},"135":{"id":0},"136":{"id":0},"137":{"id":0},"138":{"id":1},"139":{"id":1},"140":{"id":1},"141":{"id":1},"142":{"id":1},"143":{"id":0},"144":{"id":0},"145":{"id":0},"146":{"id":0},"147":{"id":0},"148":{"id":0},"149":{"id":0},"150":{"id":0},"151":{"id":0},"152":{"id":0},"153":{"id":7},"154":{"id":7},"155":{"id":7},"156":{"id":7},"157":{"id":7},"158":{"id":0},"159":{"id":0},"160":{"id":0},"161":{"id":0},"162":{"id":0},"163":{"id":0},"164":{"id":0},"165":{"id":0},"166":{"id":0},"167":{"id":0},"168":{"id":1},"169":{"id":1},"170":{"id":1},"171":{"id":1},"172":{"id":1},"173":{"id":0},"174":{"id":0},"175":{"id":0},"176":{"id":0},"177":{"id":0},"178":{"id":1},"179":{"id":1},"180":{"id":1},"181":{"id":1},"182":{"id":1},"183":{"id":0},"184":{"id":0},"185":{"id":0},"186":{"id":0},"187":{"id":0},"188":{"id":1},"189":{"id":1},"190":{"id":2},"191":{"id":2},"192":{"id":3},"193":{"id":3},"194":{"id":3},"195":{"id":3},"196":{"id":3},"197":{"id":3},"198":{"id":3},"199":{"id":3},"200":{"id":3},"201":{"id":3},"202":{"id":3},"203":{"id":3},"204":{"id":3},"205":{"id":3},"206":{"id":3},"207":{"id":2},"208":{"id":2},"209":{"id":1},"210":{"id":1},"211":{"id":0},"212":{"id":0},"213":{"id":0},"214":{"id":0},"215":{"id":0},"216":{"id":0},"217":{"id":0},"218":{"id":0},"219":{"id":0},"220":{"id":0},"221":{"id":1},"222":{"id":1},"223":{"id":1},"224":{"id":1},"225":{"id":1},"226":{"id":1},"227":{"id":1},"228":{"id":1},"229":{"id":1},"230":{"id":1},"231":{"id":1},"232":{"id":0},"233":{"id":0},"234":{"id":0},"235":{"id":0},"236":{"id":0},"237":{"id":1},"238":{"id":1},"239":{"id":1},"240":{"id":1},"241":{"id":1},"242":{"id":1},"243":{"id":1},"244":{"id":1},"245":{"id":1},"246":{"id":1},"247":{"id":1},"248":{"id":1},"249":{"id":1},"250":{"id":1},"251":{"id":1},"252":{"id":0},"253":{"id":0},"254":{"id":0},"255":{"id":0},"256":{"id":0},"257":{"id":0},"258":{"id":0},"259":{"id":0},"260":{"id":0},"261":{"id":0},"262":{"id":0}}},"1":{"frames":{"0":{"id":0},"1":{"id":0},"2":{"id":0},"3":{"id":0},"4":{"id":0},"5":{"id":1},"6":{"id":1},"7":{"id":2},"8":{"id":2},"9":{"id":3},"10":{"id":3},"11":{"id":3},"12":{"id":3},"13":{"id":3},"14":{"id":4},"15":{"id":4},"16":{"id":4},"17":{"id":4},"18":{"id":4},"19":{"id":3},"20":{"id":3},"21":{"id":3},"22":{"id":3},"23":{"id":3},"24":{"id":5},"25":{"id":5},"26":{"id":5},"27":{"id":5},"28":{"id":5},"29":{"id":3},"30":{"id":3},"31":{"id":3},"32":{"id":3},"33":{"id":3},"34":{"id":6},"35":{"id":6},"36":{"id":6},"37":{"id":6},"38":{"id":6},"39":{"id":3},"40":{"id":3},"41":{"id":3},"42":{"id":3},"43":{"id":3},"44":{"id":2},"45":{"id":2},"46":{"id":1},"47":{"id":1},"48":{"id":0},"49":{"id":0},"50":{"id":0},"51":{"id":0},"52":{"id":0}}},"2":{"frames":{"0":{"id":0},"1":{"id":0},"2":{"id":0},"3":{"id":0},"4":{"id":0},"5":{"id":0},"6":{"id":0},"7":{"id":1},"8":{"id":1},"9":{"id":1},"10":{"id":1},"11":{"id":1},"12":{"id":0},"13":{"id":0},"14":{"id":0},"15":{"id":0},"16":{"id":0},"17":{"id":0},"18":{"id":0},"19":{"id":0},"20":{"id":0},"21":{"id":0},"22":{"id":7},"23":{"id":7},"24":{"id":7},"25":{"id":7},"26":{"id":7},"27":{"id":7},"28":{"id":7},"29":{"id":7},"30":{"id":7},"31":{"id":7},"32":{"id":0},"33":{"id":0},"34":{"id":0},"35":{"id":0},"36":{"id":0},"37":{"id":0},"38":{"id":0},"39":{"id":0},"40":{"id":0},"41":{"id":0}}},"3":{"frames":{"0":{"id":0},"1":{"id":0},"2":{"id":0},"3":{"id":0},"4":{"id":0},"5":{"id":7},"6":{"id":7},"7":{"id":7},"8":{"id":7},"9":{"id":7},"10":{"id":8},"11":{"id":8},"12":{"id":8},"13":{"id":8},"14":{"id":8},"15":{"id":7},"16":{"id":7},"17":{"id":7},"18":{"id":7},"19":{"id":7},"20":{"id":0},"21":{"id":0},"22":{"id":0},"23":{"id":0},"24":{"id":0},"25":{"id":0},"26":{"id":0}}},"4":{"frames":{"0":{"id":0},"1":{"id":0},"2":{"id":0},"3":{"id":0},"4":{"id":0},"5":{"id":1},"6":{"id":1},"7":{"id":2},"8":{"id":2},"9":{"id":3},"10":{"id":3},"11":{"id":3},"12":{"id":3},"13":{"id":3},"14":{"id":3},"15":{"id":3},"16":{"id":3},"17":{"id":3},"18":{"id":3},"19":{"id":3},"20":{"id":3},"21":{"id":3},"22":{"id":3},"23":{"id":3},"24":{"id":2},"25":{"id":2},"26":{"id":1},"27":{"id":1},"28":{"id":0},"29":{"id":0},"30":{"id":0},"31":{"id":0},"32":{"id":0},"33":{"id":0}}},"5":{"frames":{"0":{"id":0},"1":{"id":0},"2":{"id":0},"3":{"id":0},"4":{"id":0},"5":{"id":0},"6":{"id":0},"7":{"id":0},"8":{"id":0},"9":{"id":1},"10":{"id":1},"11":{"id":1},"12":{"id":1},"13":{"id":1},"14":{"id":1},"15":{"id":1},"16":{"id":1},"17":{"id":1},"18":{"id":1},"19":{"id":1},"20":{"id":0},"21":{"id":0},"22":{"id":0},"23":{"id":0},"24":{"id":0},"25":{"id":1},"26":{"id":1},"27":{"id":1},"28":{"id":1},"29":{"id":1},"30":{"id":1},"31":{"id":1},"32":{"id":1},"33":{"id":1},"34":{"id":1},"35":{"id":1},"36":{"id":1},"37":{"id":1},"38":{"id":1},"39":{"id":1},"40":{"id":0},"41":{"id":0},"42":{"id":0},"43":{"id":0},"44":{"id":0},"45":{"id":0},"46":{"id":0},"47":{"id":0},"48":{"id":0},"49":{"id":0},"50":{"id":0}}},"6":{"frames":{"0":{"id":0},"1":{"id":0},"2":{"id":0},"3":{"id":0},"4":{"id":0},"5":{"id":1},"6":{"id":1},"7":{"id":2},"8":{"id":2},"9":{"id":3},"10":{"id":3},"11":{"id":3},"12":{"id":3},"13":{"id":3},"14":{"id":6},"15":{"id":6},"16":{"id":6},"17":{"id":6},"18":{"id":6},"19":{"id":6},"20":{"id":6},"21":{"id":6},"22":{"id":3},"23":{"id":3},"24":{"id":3},"25":{"id":3},"26":{"id":3},"27":{"id":2},"28":{"id":2},"29":{"id":1},"30":{"id":1},"31":{"id":0},"32":{"id":0},"33":{"id":0},"34":{"id":0},"35":{"id":0},"36":{"id":0},"37":{"id":0},"38":{"id":0},"39":{"id":0}}}}},"1":{"frameSequences":{"0":{"frames":{"0":{"id":0}}}}}}},"1":{"layers":{"0":{"loopCount":0,"frameRepeat":2,"random":1,"frameSequences":{"0":{"frames":{"0":{"id":0},"1":{"id":0},"2":{"id":0},"3":{"id":0},"4":{"id":0},"5":{"id":1},"6":{"id":1},"7":{"id":2},"8":{"id":2},"9":{"id":3},"10":{"id":3},"11":{"id":3},"12":{"id":3},"13":{"id":3},"14":{"id":4},"15":{"id":4},"16":{"id":4},"17":{"id":4},"18":{"id":4},"19":{"id":3},"20":{"id":3},"21":{"id":3},"22":{"id":3},"23":{"id":3},"24":{"id":5},"25":{"id":5},"26":{"id":5},"27":{"id":5},"28":{"id":5},"29":{"id":3},"30":{"id":3},"31":{"id":3},"32":{"id":3},"33":{"id":3},"34":{"id":6},"35":{"id":6},"36":{"id":6},"37":{"id":6},"38":{"id":6},"39":{"id":3},"40":{"id":3},"41":{"id":3},"42":{"id":3},"43":{"id":3},"44":{"id":2},"45":{"id":2},"46":{"id":1},"47":{"id":1},"48":{"id":0},"49":{"id":0},"50":{"id":0},"51":{"id":0},"52":{"id":0},"53":{"id":0},"54":{"id":0},"55":{"id":0},"56":{"id":0},"57":{"id":0},"58":{"id":1},"59":{"id":1},"60":{"id":1},"61":{"id":1},"62":{"id":1},"63":{"id":0},"64":{"id":0},"65":{"id":0},"66":{"id":0},"67":{"id":0},"68":{"id":0},"69":{"id":0},"70":{"id":0},"71":{"id":0},"72":{"id":0},"73":{"id":7},"74":{"id":7},"75":{"id":7},"76":{"id":7},"77":{"id":7},"78":{"id":7},"79":{"id":7},"80":{"id":7},"81":{"id":7},"82":{"id":7},"83":{"id":0},"84":{"id":0},"85":{"id":0},"86":{"id":0},"87":{"id":0},"88":{"id":0},"89":{"id":0},"90":{"id":0},"91":{"id":0},"92":{"id":0},"93":{"id":1},"94":{"id":1},"95":{"id":1},"96":{"id":1},"97":{"id":1},"98":{"id":0},"99":{"id":0},"100":{"id":0},"101":{"id":0},"102":{"id":0},"103":{"id":0},"104":{"id":0},"105":{"id":0},"106":{"id":0},"107":{"id":0},"108":{"id":0},"109":{"id":0},"110":{"id":0},"111":{"id":0},"112":{"id":0},"113":{"id":7},"114":{"id":7},"115":{"id":7},"116":{"id":7},"117":{"id":7},"118":{"id":8},"119":{"id":8},"120":{"id":8},"121":{"id":8},"122":{"id":8},"123":{"id":7},"124":{"id":7},"125":{"id":7},"126":{"id":7},"127":{"id":7},"128":{"id":0},"129":{"id":0},"130":{"id":0},"131":{"id":0},"132":{"id":0},"133":{"id":0},"134":{"id":0},"135":{"id":0},"136":{"id":0},"137":{"id":0},"138":{"id":1},"139":{"id":1},"140":{"id":1},"141":{"id":1},"142":{"id":1},"143":{"id":0},"144":{"id":0},"145":{"id":0},"146":{"id":0},"147":{"id":0},"148":{"id":0},"149":{"id":0},"150":{"id":0},"151":{"id":0},"152":{"id":0},"153":{"id":7},"154":{"id":7},"155":{"id":7},"156":{"id":7},"157":{"id":7},"158":{"id":0},"159":{"id":0},"160":{"id":0},"161":{"id":0},"162":{"id":0},"163":{"id":0},"164":{"id":0},"165":{"id":0},"166":{"id":0},"167":{"id":0},"168":{"id":1},"169":{"id":1},"170":{"id":1},"171":{"id":1},"172":{"id":1},"173":{"id":0},"174":{"id":0},"175":{"id":0},"176":{"id":0},"177":{"id":0},"178":{"id":1},"179":{"id":1},"180":{"id":1},"181":{"id":1},"182":{"id":1},"183":{"id":0},"184":{"id":0},"185":{"id":0},"186":{"id":0},"187":{"id":0},"188":{"id":1},"189":{"id":1},"190":{"id":2},"191":{"id":2},"192":{"id":3},"193":{"id":3},"194":{"id":3},"195":{"id":3},"196":{"id":3},"197":{"id":3},"198":{"id":3},"199":{"id":3},"200":{"id":3},"201":{"id":3},"202":{"id":3},"203":{"id":3},"204":{"id":3},"205":{"id":3},"206":{"id":3},"207":{"id":2},"208":{"id":2},"209":{"id":1},"210":{"id":1},"211":{"id":0},"212":{"id":0},"213":{"id":0},"214":{"id":0},"215":{"id":0},"216":{"id":0},"217":{"id":0},"218":{"id":0},"219":{"id":0},"220":{"id":0},"221":{"id":1},"222":{"id":1},"223":{"id":1},"224":{"id":1},"225":{"id":1},"226":{"id":1},"227":{"id":1},"228":{"id":1},"229":{"id":1},"230":{"id":1},"231":{"id":1},"232":{"id":0},"233":{"id":0},"234":{"id":0},"235":{"id":0},"236":{"id":0},"237":{"id":1},"238":{"id":1},"239":{"id":1},"240":{"id":1},"241":{"id":1},"242":{"id":1},"243":{"id":1},"244":{"id":1},"245":{"id":1},"246":{"id":1},"247":{"id":1},"248":{"id":1},"249":{"id":1},"250":{"id":1},"251":{"id":1},"252":{"id":0},"253":{"id":0},"254":{"id":0},"255":{"id":0},"256":{"id":0},"257":{"id":0},"258":{"id":0},"259":{"id":0},"260":{"id":0},"261":{"id":0},"262":{"id":0}}},"1":{"frames":{"0":{"id":0},"1":{"id":0},"2":{"id":0},"3":{"id":0},"4":{"id":0},"5":{"id":1},"6":{"id":1},"7":{"id":2},"8":{"id":2},"9":{"id":3},"10":{"id":3},"11":{"id":3},"12":{"id":3},"13":{"id":3},"14":{"id":4},"15":{"id":4},"16":{"id":4},"17":{"id":4},"18":{"id":4},"19":{"id":3},"20":{"id":3},"21":{"id":3},"22":{"id":3},"23":{"id":3},"24":{"id":5},"25":{"id":5},"26":{"id":5},"27":{"id":5},"28":{"id":5},"29":{"id":3},"30":{"id":3},"31":{"id":3},"32":{"id":3},"33":{"id":3},"34":{"id":6},"35":{"id":6},"36":{"id":6},"37":{"id":6},"38":{"id":6},"39":{"id":3},"40":{"id":3},"41":{"id":3},"42":{"id":3},"43":{"id":3},"44":{"id":2},"45":{"id":2},"46":{"id":1},"47":{"id":1},"48":{"id":0},"49":{"id":0},"50":{"id":0},"51":{"id":0},"52":{"id":0}}},"2":{"frames":{"0":{"id":0},"1":{"id":0},"2":{"id":0},"3":{"id":0},"4":{"id":0},"5":{"id":0},"6":{"id":0},"7":{"id":1},"8":{"id":1},"9":{"id":1},"10":{"id":1},"11":{"id":1},"12":{"id":0},"13":{"id":0},"14":{"id":0},"15":{"id":0},"16":{"id":0},"17":{"id":0},"18":{"id":0},"19":{"id":0},"20":{"id":0},"21":{"id":0},"22":{"id":7},"23":{"id":7},"24":{"id":7},"25":{"id":7},"26":{"id":7},"27":{"id":7},"28":{"id":7},"29":{"id":7},"30":{"id":7},"31":{"id":7},"32":{"id":0},"33":{"id":0},"34":{"id":0},"35":{"id":0},"36":{"id":0},"37":{"id":0},"38":{"id":0},"39":{"id":0},"40":{"id":0},"41":{"id":0}}},"3":{"frames":{"0":{"id":0},"1":{"id":0},"2":{"id":0},"3":{"id":0},"4":{"id":0},"5":{"id":7},"6":{"id":7},"7":{"id":7},"8":{"id":7},"9":{"id":7},"10":{"id":8},"11":{"id":8},"12":{"id":8},"13":{"id":8},"14":{"id":8},"15":{"id":7},"16":{"id":7},"17":{"id":7},"18":{"id":7},"19":{"id":7},"20":{"id":0},"21":{"id":0},"22":{"id":0},"23":{"id":0},"24":{"id":0},"25":{"id":0},"26":{"id":0}}},"4":{"frames":{"0":{"id":0},"1":{"id":0},"2":{"id":0},"3":{"id":0},"4":{"id":0},"5":{"id":1},"6":{"id":1},"7":{"id":2},"8":{"id":2},"9":{"id":3},"10":{"id":3},"11":{"id":3},"12":{"id":3},"13":{"id":3},"14":{"id":3},"15":{"id":3},"16":{"id":3},"17":{"id":3},"18":{"id":3},"19":{"id":3},"20":{"id":3},"21":{"id":3},"22":{"id":3},"23":{"id":3},"24":{"id":2},"25":{"id":2},"26":{"id":1},"27":{"id":1},"28":{"id":0},"29":{"id":0},"30":{"id":0},"31":{"id":0},"32":{"id":0},"33":{"id":0}}},"5":{"frames":{"0":{"id":0},"1":{"id":0},"2":{"id":0},"3":{"id":0},"4":{"id":0},"5":{"id":0},"6":{"id":0},"7":{"id":0},"8":{"id":0},"9":{"id":1},"10":{"id":1},"11":{"id":1},"12":{"id":1},"13":{"id":1},"14":{"id":1},"15":{"id":1},"16":{"id":1},"17":{"id":1},"18":{"id":1},"19":{"id":1},"20":{"id":0},"21":{"id":0},"22":{"id":0},"23":{"id":0},"24":{"id":0},"25":{"id":1},"26":{"id":1},"27":{"id":1},"28":{"id":1},"29":{"id":1},"30":{"id":1},"31":{"id":1},"32":{"id":1},"33":{"id":1},"34":{"id":1},"35":{"id":1},"36":{"id":1},"37":{"id":1},"38":{"id":1},"39":{"id":1},"40":{"id":0},"41":{"id":0},"42":{"id":0},"43":{"id":0},"44":{"id":0},"45":{"id":0},"46":{"id":0},"47":{"id":0},"48":{"id":0},"49":{"id":0},"50":{"id":0}}},"6":{"frames":{"0":{"id":0},"1":{"id":0},"2":{"id":0},"3":{"id":0},"4":{"id":0},"5":{"id":1},"6":{"id":1},"7":{"id":2},"8":{"id":2},"9":{"id":3},"10":{"id":3},"11":{"id":3},"12":{"id":3},"13":{"id":3},"14":{"id":6},"15":{"id":6},"16":{"id":6},"17":{"id":6},"18":{"id":6},"19":{"id":6},"20":{"id":6},"21":{"id":6},"22":{"id":3},"23":{"id":3},"24":{"id":3},"25":{"id":3},"26":{"id":3},"27":{"id":2},"28":{"id":2},"29":{"id":1},"30":{"id":1},"31":{"id":0},"32":{"id":0},"33":{"id":0},"34":{"id":0},"35":{"id":0},"36":{"id":0},"37":{"id":0},"38":{"id":0},"39":{"id":0}}}}},"1":{"frameSequences":{"0":{"frames":{"0":{"id":1}}}}}}},"2":{"layers":{"0":{"frameSequences":{"0":{"frames":{"0":{"id":0}}}}},"1":{"frameSequences":{"0":{"frames":{"0":{"id":0}}}}}}},"3":{"layers":{"0":{"frameSequences":{"0":{"frames":{"0":{"id":0}}}}},"1":{"frameSequences":{"0":{"frames":{"0":{"id":1}}}}}}}}}}