{"type":"furniture","name":"ads_nokiax3_wallb","visualizationType":"furniture_animated","logicType":"furniture_multistate","spritesheet":"ads_nokiax3_wallb_spritesheet.json","dimensions":{"x":1.0,"y":0.2,"z":0.1},"directions":[90,180],"assets":{"ads_nokiax3_wallb_64_a_4_2":{"x":50,"y":137},"ads_nokiax3_wallb_icon_a":{"x":8,"y":10},"ads_nokiax3_wallb_64_a_4_1":{"x":54,"y":137},"ads_nokiax3_wallb_64_a_4_0":{"x":57,"y":137},"ads_nokiax3_wallb_64_a_2_2":{"source":"ads_nokiax3_wallb_64_a_4_2","x":50,"y":137,"flipH":true},"ads_nokiax3_wallb_64_a_2_1":{"source":"ads_nokiax3_wallb_64_a_4_1","x":54,"y":137,"flipH":true},"ads_nokiax3_wallb_64_a_2_0":{"source":"ads_nokiax3_wallb_64_a_4_0","x":57,"y":137,"flipH":true}},"visualization":{"layerCount":1,"angle":45,"layers":{"0":{"z":-3000.0}},"directions":{"2":{},"4":{}},"animations":{"0":{"layers":{"0":{"frameSequences":{"0":{"frames":{"0":{"id":0}}}}}}},"1":{"layers":{"0":{"frameSequences":{"0":{"frames":{"0":{"id":1}}}}}}},"2":{"layers":{"0":{"frameSequences":{"0":{"frames":{"0":{"id":2}}}}}}}}}}