{"type":"furniture","name":"ads_twi_piano","visualizationType":"furniture_static","logicType":"furniture_basic","spritesheet":"ads_twi_piano_spritesheet.json","dimensions":{"x":2.0,"y":2.0,"z":0.0},"directions":[0,90],"assets":{"ads_twi_piano_icon_a":{"x":15,"y":13},"ads_twi_piano_64_a_0_0":{"x":49,"y":40},"ads_twi_piano_64_a_2_0":{"source":"ads_twi_piano_64_a_0_0","x":49,"y":40,"flipH":true},"ads_twi_piano_64_sd_0_0":{"x":57,"y":16},"ads_twi_piano_64_sd_2_0":{"source":"ads_twi_piano_64_sd_0_0","x":57,"y":16,"flipH":true}},"visualization":{"layerCount":1,"angle":45,"layers":{"0":{"z":1000.0}},"directions":{"0":{},"2":{}}}}