{"meta":{"app":"FFConverter ~ Joopie","format":"RGBA8888","image":"ads_twi_piano.png","scale":"1.0","size":{"w":256,"h":128},"version":"1.0"},"frames":{"ads_twi_piano_ads_twi_piano_64_a_0_0.png":{"frame":{"x":2,"y":30,"w":106,"h":85},"sourceSize":{"w":106,"h":85},"spriteSourceSize":{"x":0,"y":0,"w":106,"h":85},"rotated":false,"trimmed":false},"ads_twi_piano_ads_twi_piano_64_sd_0_0.png":{"frame":{"x":110,"y":53,"w":101,"h":62},"sourceSize":{"w":101,"h":62},"spriteSourceSize":{"x":0,"y":0,"w":101,"h":62},"rotated":false,"trimmed":false},"ads_twi_piano_ads_twi_piano_icon_a.png":{"frame":{"x":2,"y":2,"w":30,"h":26},"sourceSize":{"w":30,"h":26},"spriteSourceSize":{"x":0,"y":0,"w":30,"h":26},"rotated":false,"trimmed":false}}}