{"type":"furniture","name":"ads_flag_un","visualizationType":"furniture_animated","logicType":"furniture_multistate","spritesheet":"ads_flag_un_spritesheet.json","dimensions":{"x":1.5625,"y":0.2,"z":1.3438},"directions":[90,180],"assets":{"ads_flag_un_64_a_4_0":{"x":21,"y":32},"ads_flag_un_icon_a":{"x":10,"y":15},"ads_flag_un_64_a_2_0":{"x":26,"y":32}},"visualization":{"layerCount":1,"angle":45,"layers":{"0":{"z":-3000.0}},"directions":{"2":{},"4":{}},"animations":{"0":{"layers":{"0":{"frameSequences":{"0":{"frames":{"0":{"id":0}}}}},"1":{"frameSequences":{"0":{"frames":{"0":{"id":0}}}}}}}}}}