{"meta":{"app":"FFConverter ~ Joopie","format":"RGBA8888","image":"ads_flag_un.png","scale":"1.0","size":{"w":64,"h":256},"version":"1.0"},"frames":{"ads_flag_un_ads_flag_un_64_a_4_0.png":{"frame":{"x":2,"y":34,"w":50,"h":68},"sourceSize":{"w":50,"h":68},"spriteSourceSize":{"x":0,"y":0,"w":50,"h":68},"rotated":false,"trimmed":false},"ads_flag_un_ads_flag_un_icon_a.png":{"frame":{"x":2,"y":2,"w":21,"h":30},"sourceSize":{"w":21,"h":30},"spriteSourceSize":{"x":0,"y":0,"w":21,"h":30},"rotated":false,"trimmed":false},"ads_flag_un_ads_flag_un_64_a_2_0.png":{"frame":{"x":2,"y":104,"w":50,"h":68},"sourceSize":{"w":50,"h":68},"spriteSourceSize":{"x":0,"y":0,"w":50,"h":68},"rotated":false,"trimmed":false}}}