{"meta":{"app":"FFConverter ~ Joopie","format":"RGBA8888","image":"ads_cmusic.png","scale":"1.0","size":{"w":512,"h":256},"version":"1.0"},"frames":{"ads_cmusic_ads_cmusic_64_a_4_0.png":{"frame":{"x":2,"y":2,"w":122,"h":135},"sourceSize":{"w":122,"h":135},"spriteSourceSize":{"x":0,"y":0,"w":122,"h":135},"rotated":false,"trimmed":false},"ads_cmusic_ads_cmusic_64_b_4_0.png":{"frame":{"x":250,"y":2,"w":114,"h":135},"sourceSize":{"w":114,"h":135},"spriteSourceSize":{"x":0,"y":0,"w":114,"h":135},"rotated":false,"trimmed":false},"ads_cmusic_ads_cmusic_64_b_2_0.png":{"frame":{"x":366,"y":2,"w":114,"h":135},"sourceSize":{"w":114,"h":135},"spriteSourceSize":{"x":0,"y":0,"w":114,"h":135},"rotated":false,"trimmed":false},"ads_cmusic_ads_cmusic_64_a_2_0.png":{"frame":{"x":126,"y":2,"w":122,"h":135},"sourceSize":{"w":122,"h":135},"spriteSourceSize":{"x":0,"y":0,"w":122,"h":135},"rotated":false,"trimmed":false},"ads_cmusic_ads_cmusic_icon_a.png":{"frame":{"x":482,"y":106,"w":28,"h":31},"sourceSize":{"w":28,"h":31},"spriteSourceSize":{"x":0,"y":0,"w":28,"h":31},"rotated":false,"trimmed":false}}}