{"type":"furniture","name":"ads_cmusic","visualizationType":"furniture_animated","logicType":"furniture_multistate","spritesheet":"ads_cmusic_spritesheet.json","dimensions":{"x":3.5625,"y":0.2,"z":2.5313},"directions":[90,180],"assets":{"ads_cmusic_64_b_4_0":{"x":57,"y":64},"ads_cmusic_icon_a":{"x":16,"y":16},"ads_cmusic_64_a_4_0":{"x":66,"y":70},"ads_cmusic_64_a_2_0":{"x":74,"y":70},"ads_cmusic_64_b_2_0":{"x":75,"y":64}},"visualization":{"layerCount":2,"angle":45,"layers":{"0":{"z":-3000.0},"1":{"alpha":41,"z":-3000.0}},"directions":{"2":{},"4":{}},"animations":{"0":{"layers":{"0":{"frameSequences":{"0":{"frames":{"0":{"id":0}}}}},"1":{"frameSequences":{"0":{"frames":{"0":{"id":0}}}}}}}}}}