{"meta":{"app":"FFConverter ~ Joopie","format":"RGBA8888","image":"ads_leaf_teleport.png","scale":"1.0","size":{"w":512,"h":128},"version":"1.0"},"frames":{"ads_leaf_teleport_ads_leaf_teleport_64_a_4_1.png":{"frame":{"x":242,"y":48,"w":60,"h":30},"sourceSize":{"w":60,"h":30},"spriteSourceSize":{"x":0,"y":0,"w":60,"h":30},"rotated":false,"trimmed":false},"ads_leaf_teleport_ads_leaf_teleport_64_sd_4_0.png":{"frame":{"x":94,"y":2,"w":61,"h":15},"sourceSize":{"w":61,"h":15},"spriteSourceSize":{"x":0,"y":0,"w":61,"h":15},"rotated":false,"trimmed":false},"ads_leaf_teleport_ads_leaf_teleport_64_b_4_0.png":{"frame":{"x":94,"y":19,"w":72,"h":107},"sourceSize":{"w":72,"h":107},"spriteSourceSize":{"x":0,"y":0,"w":72,"h":107},"rotated":false,"trimmed":false},"ads_leaf_teleport_ads_leaf_teleport_64_c_4_1.png":{"frame":{"x":2,"y":16,"w":90,"h":110},"sourceSize":{"w":90,"h":110},"spriteSourceSize":{"x":0,"y":0,"w":90,"h":110},"rotated":false,"trimmed":false},"ads_leaf_teleport_ads_leaf_teleport_64_b_4_1.png":{"frame":{"x":168,"y":47,"w":72,"h":79},"sourceSize":{"w":72,"h":79},"spriteSourceSize":{"x":0,"y":0,"w":72,"h":79},"rotated":false,"trimmed":false},"ads_leaf_teleport_ads_leaf_teleport_64_d_4_1.png":{"frame":{"x":242,"y":80,"w":62,"h":46},"sourceSize":{"w":62,"h":46},"spriteSourceSize":{"x":0,"y":0,"w":62,"h":46},"rotated":false,"trimmed":false},"ads_leaf_teleport_ads_leaf_teleport_32_a_4_0.png":{"frame":{"x":168,"y":44,"w":1,"h":1},"sourceSize":{"w":1,"h":1},"spriteSourceSize":{"x":0,"y":0,"w":1,"h":1},"rotated":false,"trimmed":false},"ads_leaf_teleport_ads_leaf_teleport_icon_a.png":{"frame":{"x":306,"y":96,"w":25,"h":30},"sourceSize":{"w":25,"h":30},"spriteSourceSize":{"x":0,"y":0,"w":25,"h":30},"rotated":false,"trimmed":false}}}