{"type":"furniture","name":"ads_leaf_teleport","visualizationType":"furniture_animated","logicType":"furniture_multistate","spritesheet":"ads_leaf_teleport_spritesheet.json","dimensions":{"x":1.0,"y":1.0,"z":0.0},"directions":[90,180],"assets":{"ads_leaf_teleport_64_a_2_0":{"source":"ads_leaf_teleport_32_a_4_0","x":0,"y":0,"flipH":true},"ads_leaf_teleport_64_d_4_1":{"x":31,"y":96},"ads_leaf_teleport_64_a_2_1":{"source":"ads_leaf_teleport_64_a_4_1","x":30,"y":81,"flipH":true},"ads_leaf_teleport_64_d_2_1":{"source":"ads_leaf_teleport_64_d_4_1","x":31,"y":96,"flipH":true},"ads_leaf_teleport_64_sd_4_0":{"x":30,"y":4},"ads_leaf_teleport_64_d_4_0":{"source":"ads_leaf_teleport_32_a_4_0","x":0,"y":0},"ads_leaf_teleport_icon_a":{"x":12,"y":15},"ads_leaf_teleport_64_sd_2_0":{"source":"ads_leaf_teleport_64_sd_4_0","x":30,"y":4,"flipH":true},"ads_leaf_teleport_64_d_2_0":{"source":"ads_leaf_teleport_32_a_4_0","x":0,"y":0},"ads_leaf_teleport_64_c_2_0":{"source":"ads_leaf_teleport_32_a_4_0","x":0,"y":0},"ads_leaf_teleport_64_c_2_1":{"source":"ads_leaf_teleport_64_c_4_1","x":45,"y":105,"flipH":true},"ads_leaf_teleport_64_c_4_0":{"source":"ads_leaf_teleport_32_a_4_0","x":0,"y":0},"ads_leaf_teleport_64_c_4_1":{"x":45,"y":105},"ads_leaf_teleport_64_a_4_0":{"source":"ads_leaf_teleport_32_a_4_0","x":0,"y":0},"ads_leaf_teleport_64_a_4_1":{"x":30,"y":81},"ads_leaf_teleport_64_b_2_0":{"source":"ads_leaf_teleport_64_b_4_0","x":36,"y":96,"flipH":true},"ads_leaf_teleport_64_b_4_1":{"x":36,"y":68},"ads_leaf_teleport_64_b_2_1":{"source":"ads_leaf_teleport_64_b_4_1","x":36,"y":68,"flipH":true},"ads_leaf_teleport_64_b_4_0":{"x":36,"y":96}},"visualization":{"layerCount":4,"angle":45,"layers":{"0":{"z":-1.0},"1":{"z":200.0},"2":{"z":200.0,"ink":"ADD"},"3":{"z":200.0}},"directions":{"2":{},"4":{}},"animations":{"0":{"layers":{"0":{"frameSequences":{"0":{"frames":{"0":{"id":0}}}}},"1":{"frameSequences":{"0":{"frames":{"0":{"id":0}}}}},"2":{"frameSequences":{"0":{"frames":{"0":{"id":0}}}}},"3":{"frameSequences":{"0":{"frames":{"0":{"id":0}}}}}}},"1":{"layers":{"0":{"frameSequences":{"0":{"frames":{"0":{"id":1}}}}},"1":{"frameSequences":{"0":{"frames":{"0":{"id":1}}}}},"2":{"frameSequences":{"0":{"frames":{"0":{"id":0}}}}},"3":{"frameRepeat":3,"frameSequences":{"0":{"frames":{"0":{"id":1},"1":{"id":1,"y":-5},"2":{"id":1,"y":-10},"3":{"id":1,"y":-15},"4":{"id":1,"y":-20},"5":{"id":1,"y":-25},"6":{"id":1,"y":-30},"7":{"id":1,"y":-35},"8":{"id":1,"y":-40},"9":{"id":1,"y":-40},"10":{"id":1,"y":-40},"11":{"id":1,"y":-40},"12":{"id":1,"y":-40}}}}}}},"2":{"layers":{"0":{"frameSequences":{"0":{"frames":{"0":{"id":0}}}}},"1":{"frameSequences":{"0":{"frames":{"0":{"id":0}}}}},"2":{"loopCount":0,"frameRepeat":2,"frameSequences":{"0":{"frames":{"0":{"id":1},"1":{"id":0}}}}},"3":{"frameSequences":{"0":{"frames":{"0":{"id":0}}}}}}}}}}