{"type":"furniture","name":"ads_frankb","visualizationType":"furniture_animated","logicType":"furniture_multistate","spritesheet":"ads_frankb_spritesheet.json","dimensions":{"x":1.0,"y":1.0,"z":1.2},"directions":[90,180],"assets":{"ads_frankb_64_a_4_0":{"x":12,"y":51},"ads_frankb_64_d_4_0":{"x":6,"y":-8},"ads_frankb_64_a_2_0":{"source":"ads_frankb_64_a_4_0","x":12,"y":51,"flipH":true},"ads_frankb_64_sd_2_0":{"source":"ads_frankb_64_sd_4_0","x":19,"y":3,"flipH":true},"ads_frankb_64_sd_4_0":{"x":19,"y":3},"ads_frankb_64_d_2_0":{"source":"ads_frankb_64_d_4_0","x":6,"y":-8},"ads_frankb_64_e_4_0":{"x":6,"y":-8},"ads_frankb_64_e_4_1":{"x":22,"y":55},"ads_frankb_64_e_2_0":{"source":"ads_frankb_64_e_4_0","x":6,"y":-8,"flipH":true},"ads_frankb_64_e_2_1":{"source":"ads_frankb_64_e_4_1","x":22,"y":55,"flipH":true},"ads_frankb_64_b_2_0":{"source":"ads_frankb_64_b_4_0","x":13,"y":43,"flipH":true},"ads_frankb_icon_a":{"x":9,"y":7},"ads_frankb_64_c_4_0":{"x":18,"y":44},"ads_frankb_64_b_4_0":{"x":13,"y":43},"ads_frankb_64_c_2_0":{"source":"ads_frankb_64_c_4_0","x":18,"y":44,"flipH":true}},"visualization":{"layerCount":5,"angle":45,"layers":{"1":{"alpha":102},"4":{"ink":"ADD","ignoreMouse":true}},"directions":{"2":{"layers":{"0":{"z":1.0},"1":{"z":2.0},"2":{"z":3.0},"3":{"z":4.0},"4":{"z":5.0}}},"4":{"layers":{"0":{"z":1.0},"1":{"z":2.0},"2":{"z":3.0},"3":{"z":4.0},"4":{"z":5.0}}}},"animations":{"0":{"layers":{"0":{"frameSequences":{"0":{"frames":{"0":{"id":0}}}}},"1":{"frameSequences":{"0":{"frames":{"0":{"id":0}}}}},"2":{"frameSequences":{"0":{"frames":{"0":{"id":0}}}}},"3":{"frameSequences":{"0":{"frames":{"0":{"id":0}}}}},"4":{"frameSequences":{"0":{"frames":{"0":{"id":0}}}}}}},"1":{"layers":{"4":{"loopCount":0,"random":1,"frameSequences":{"0":{"frames":{"0":{"id":1}}}}}}}}}}