{"meta":{"app":"FFConverter ~ Joopie","format":"RGBA8888","image":"ads_frankb.png","scale":"1.0","size":{"w":64,"h":256},"version":"1.0"},"frames":{"ads_frankb_ads_frankb_64_e_4_0.png":{"frame":{"x":49,"y":249,"w":1,"h":1},"sourceSize":{"w":1,"h":1},"spriteSourceSize":{"x":0,"y":0,"w":1,"h":1},"rotated":false,"trimmed":false},"ads_frankb_ads_frankb_64_sd_4_0.png":{"frame":{"x":2,"y":5,"w":36,"h":14},"sourceSize":{"w":36,"h":14},"spriteSourceSize":{"x":0,"y":0,"w":36,"h":14},"rotated":false,"trimmed":false},"ads_frankb_ads_frankb_64_a_4_0.png":{"frame":{"x":2,"y":70,"w":24,"h":54},"sourceSize":{"w":24,"h":54},"spriteSourceSize":{"x":0,"y":0,"w":24,"h":54},"rotated":false,"trimmed":false},"ads_frankb_ads_frankb_64_b_4_0.png":{"frame":{"x":2,"y":21,"w":26,"h":47},"sourceSize":{"w":26,"h":47},"spriteSourceSize":{"x":0,"y":0,"w":26,"h":47},"rotated":false,"trimmed":false},"ads_frankb_ads_frankb_64_e_4_1.png":{"frame":{"x":2,"y":181,"w":45,"h":69},"sourceSize":{"w":45,"h":69},"spriteSourceSize":{"x":0,"y":0,"w":45,"h":69},"rotated":false,"trimmed":false},"ads_frankb_ads_frankb_64_c_4_0.png":{"frame":{"x":2,"y":126,"w":35,"h":53},"sourceSize":{"w":35,"h":53},"spriteSourceSize":{"x":0,"y":0,"w":35,"h":53},"rotated":false,"trimmed":false},"ads_frankb_ads_frankb_64_d_4_0.png":{"frame":{"x":2,"y":2,"w":1,"h":1},"sourceSize":{"w":1,"h":1},"spriteSourceSize":{"x":0,"y":0,"w":1,"h":1},"rotated":false,"trimmed":false},"ads_frankb_ads_frankb_icon_a.png":{"frame":{"x":28,"y":107,"w":20,"h":17},"sourceSize":{"w":20,"h":17},"spriteSourceSize":{"x":0,"y":0,"w":20,"h":17},"rotated":false,"trimmed":false}}}