{"type":"furniture","name":"anc_c15_table","visualizationType":"furniture_static","logicType":"furniture_basic","spritesheet":"anc_c15_table_spritesheet.json","dimensions":{"x":1.0,"y":2.0,"z":0.4},"directions":[0,270],"assets":{"anc_c15_table_64_a_0_0":{"x":30,"y":29},"anc_c15_table_64_b_0_0":{"x":66,"y":14},"anc_c15_table_icon_a":{"x":13,"y":8},"anc_c15_table_64_sd_0_0":{"x":61,"y":11},"anc_c15_table_64_b_6_0":{"source":"anc_c15_table_64_b_0_0","x":66,"y":14,"flipH":true},"anc_c15_table_64_sd_6_0":{"source":"anc_c15_table_64_sd_0_0","x":61,"y":11,"flipH":true},"anc_c15_table_64_a_6_0":{"source":"anc_c15_table_64_a_0_0","x":30,"y":29,"flipH":true}},"visualization":{"layerCount":2,"angle":45,"layers":{"0":{},"1":{"z":1000.0}},"directions":{"0":{},"6":{}}}}