{"meta":{"app":"FFConverter ~ Joopie","format":"RGBA8888","image":"anc_c15_table.png","scale":"1.0","size":{"w":256,"h":64},"version":"1.0"},"frames":{"anc_c15_table_anc_c15_table_64_b_0_0.png":{"frame":{"x":92,"y":2,"w":67,"h":47},"sourceSize":{"w":67,"h":47},"spriteSourceSize":{"x":0,"y":0,"w":67,"h":47},"rotated":false,"trimmed":false},"anc_c15_table_anc_c15_table_64_sd_0_0.png":{"frame":{"x":2,"y":5,"w":88,"h":44},"sourceSize":{"w":88,"h":44},"spriteSourceSize":{"x":0,"y":0,"w":88,"h":44},"rotated":false,"trimmed":false},"anc_c15_table_anc_c15_table_64_a_0_0.png":{"frame":{"x":161,"y":13,"w":62,"h":36},"sourceSize":{"w":62,"h":36},"spriteSourceSize":{"x":0,"y":0,"w":62,"h":36},"rotated":false,"trimmed":false},"anc_c15_table_anc_c15_table_icon_a.png":{"frame":{"x":225,"y":30,"w":29,"h":19},"sourceSize":{"w":29,"h":19},"spriteSourceSize":{"x":0,"y":0,"w":29,"h":19},"rotated":false,"trimmed":false}}}