{"type":"furniture","name":"anc_c15_chair","visualizationType":"furniture_static","logicType":"furniture_basic","spritesheet":"anc_c15_chair_spritesheet.json","dimensions":{"x":1.0,"y":1.0,"z":1.3},"directions":[0,90,180,270],"assets":{"anc_c15_chair_64_a_2_0":{"x":25,"y":74},"anc_c15_chair_64_a_0_0":{"x":15,"y":50},"anc_c15_chair_64_b_2_0":{"x":33,"y":60},"anc_c15_chair_64_b_4_0":{"source":"anc_c15_chair_64_b_2_0","x":33,"y":60,"flipH":true},"anc_c15_chair_64_b_6_0":{"source":"anc_c15_chair_64_b_0_0","x":33,"y":60,"flipH":true},"anc_c15_chair_icon_a":{"x":11,"y":14},"anc_c15_chair_64_sd_0_0":{"x":33,"y":16},"anc_c15_chair_64_sd_2_0":{"source":"anc_c15_chair_64_sd_0_0","x":33,"y":16},"anc_c15_chair_64_sd_4_0":{"source":"anc_c15_chair_64_sd_0_0","x":33,"y":16,"flipH":true},"anc_c15_chair_64_sd_6_0":{"source":"anc_c15_chair_64_sd_0_0","x":33,"y":16,"flipH":true},"anc_c15_chair_64_b_0_0":{"x":33,"y":60},"anc_c15_chair_64_a_6_0":{"source":"anc_c15_chair_64_a_0_0","x":15,"y":50,"flipH":true},"anc_c15_chair_64_a_4_0":{"source":"anc_c15_chair_64_a_2_0","x":25,"y":74,"flipH":true}},"visualization":{"layerCount":2,"angle":45,"layers":{"0":{},"1":{"z":300.0}},"directions":{"0":{},"2":{},"4":{},"6":{}}}}