{"meta":{"app":"FFConverter ~ Joopie","format":"RGBA8888","image":"anc_c15_chair.png","scale":"1.0","size":{"w":256,"h":128},"version":"1.0"},"frames":{"anc_c15_chair_anc_c15_chair_64_b_0_0.png":{"frame":{"x":2,"y":37,"w":66,"h":77},"sourceSize":{"w":66,"h":77},"spriteSourceSize":{"x":0,"y":0,"w":66,"h":77},"rotated":false,"trimmed":false},"anc_c15_chair_anc_c15_chair_64_sd_0_0.png":{"frame":{"x":2,"y":2,"w":66,"h":33},"sourceSize":{"w":66,"h":33},"spriteSourceSize":{"x":0,"y":0,"w":66,"h":33},"rotated":false,"trimmed":false},"anc_c15_chair_anc_c15_chair_64_b_2_0.png":{"frame":{"x":130,"y":37,"w":38,"h":77},"sourceSize":{"w":38,"h":77},"spriteSourceSize":{"x":0,"y":0,"w":38,"h":77},"rotated":false,"trimmed":false},"anc_c15_chair_anc_c15_chair_icon_a.png":{"frame":{"x":170,"y":84,"w":23,"h":30},"sourceSize":{"w":23,"h":30},"spriteSourceSize":{"x":0,"y":0,"w":23,"h":30},"rotated":false,"trimmed":false},"anc_c15_chair_anc_c15_chair_64_a_2_0.png":{"frame":{"x":70,"y":37,"w":58,"h":77},"sourceSize":{"w":58,"h":77},"spriteSourceSize":{"x":0,"y":0,"w":58,"h":77},"rotated":false,"trimmed":false},"anc_c15_chair_anc_c15_chair_64_a_0_0.png":{"frame":{"x":70,"y":16,"w":28,"h":19},"sourceSize":{"w":28,"h":19},"spriteSourceSize":{"x":0,"y":0,"w":28,"h":19},"rotated":false,"trimmed":false}}}