{"type":"furniture","name":"ads_m6_wall","visualizationType":"furniture_animated","logicType":"furniture_multistate","spritesheet":"ads_m6_wall_spritesheet.json","dimensions":{"x":2.3125,"y":0.2,"z":1.6563},"directions":[90,180],"assets":{"ads_m6_wall_64_a_2_0":{"x":37,"y":45},"ads_m6_wall_icon_a":{"x":15,"y":15},"ads_m6_wall_64_a_4_0":{"x":37,"y":45}},"visualization":{"layerCount":1,"angle":45,"layers":{"0":{"z":-3000.0}},"directions":{"2":{},"4":{}},"animations":{"0":{"layers":{"0":{"frameSequences":{"0":{"frames":{"0":{"id":0}}}}}}}}}}