{"meta":{"app":"FFConverter ~ Joopie","format":"RGBA8888","image":"ads_m6_wall.png","scale":"1.0","size":{"w":256,"h":128},"version":"1.0"},"frames":{"ads_m6_wall_ads_m6_wall_icon_a.png":{"frame":{"x":2,"y":2,"w":30,"h":30},"sourceSize":{"w":30,"h":30},"spriteSourceSize":{"x":0,"y":0,"w":30,"h":30},"rotated":false,"trimmed":false},"ads_m6_wall_ads_m6_wall_64_a_4_0.png":{"frame":{"x":78,"y":34,"w":74,"h":90},"sourceSize":{"w":74,"h":90},"spriteSourceSize":{"x":0,"y":0,"w":74,"h":90},"rotated":false,"trimmed":false},"ads_m6_wall_ads_m6_wall_64_a_2_0.png":{"frame":{"x":2,"y":34,"w":74,"h":90},"sourceSize":{"w":74,"h":90},"spriteSourceSize":{"x":0,"y":0,"w":74,"h":90},"rotated":false,"trimmed":false}}}