{"meta":{"app":"FFConverter ~ Joopie","format":"RGBA8888","image":"ads_malaco_rug.png","scale":"1.0","size":{"w":512,"h":128},"version":"1.0"},"frames":{"ads_malaco_rug_ads_malaco_rug_64_a_0_0.png":{"frame":{"x":196,"y":22,"w":192,"h":97},"sourceSize":{"w":192,"h":97},"spriteSourceSize":{"x":0,"y":0,"w":192,"h":97},"rotated":false,"trimmed":false},"ads_malaco_rug_ads_malaco_rug_icon_a.png":{"frame":{"x":2,"y":2,"w":30,"h":18},"sourceSize":{"w":30,"h":18},"spriteSourceSize":{"x":0,"y":0,"w":30,"h":18},"rotated":false,"trimmed":false},"ads_malaco_rug_ads_malaco_rug_64_a_6_0.png":{"frame":{"x":2,"y":22,"w":192,"h":97},"sourceSize":{"w":192,"h":97},"spriteSourceSize":{"x":0,"y":0,"w":192,"h":97},"rotated":false,"trimmed":false}}}