{"meta":{"app":"FFConverter ~ Joopie","format":"RGBA8888","image":"ads_droetker_paula.png","scale":"1.0","size":{"w":256,"h":128},"version":"1.0"},"frames":{"ads_droetker_paula_ads_droetker_paula_64_a_2_0.png":{"frame":{"x":62,"y":2,"w":58,"h":123},"sourceSize":{"w":58,"h":123},"spriteSourceSize":{"x":0,"y":0,"w":58,"h":123},"rotated":false,"trimmed":false},"ads_droetker_paula_ads_droetker_paula_64_sd_2_0.png":{"frame":{"x":122,"y":107,"w":62,"h":18},"sourceSize":{"w":62,"h":18},"spriteSourceSize":{"x":0,"y":0,"w":62,"h":18},"rotated":false,"trimmed":false},"ads_droetker_paula_ads_droetker_paula_64_a_2_1.png":{"frame":{"x":2,"y":2,"w":58,"h":123},"sourceSize":{"w":58,"h":123},"spriteSourceSize":{"x":0,"y":0,"w":58,"h":123},"rotated":false,"trimmed":false},"ads_droetker_paula_ads_droetker_paula_icon_a.png":{"frame":{"x":122,"y":76,"w":18,"h":29},"sourceSize":{"w":18,"h":29},"spriteSourceSize":{"x":0,"y":0,"w":18,"h":29},"rotated":false,"trimmed":false}}}