{"meta":{"app":"FFConverter ~ Joopie","format":"RGBA8888","image":"ads_idol_audChr.png","scale":"1.0","size":{"w":256,"h":128},"version":"1.0"},"frames":{"ads_idol_audChr_ads_idol_audChr_64_a_2_0.png":{"frame":{"x":2,"y":45,"w":49,"h":76},"sourceSize":{"w":49,"h":76},"spriteSourceSize":{"x":0,"y":0,"w":49,"h":76},"rotated":false,"trimmed":false},"ads_idol_audChr_ads_idol_audChr_64_a_6_1.png":{"frame":{"x":2,"y":5,"w":17,"h":38},"sourceSize":{"w":17,"h":38},"spriteSourceSize":{"x":0,"y":0,"w":17,"h":38},"rotated":false,"trimmed":false},"ads_idol_audChr_ads_idol_audChr_64_sd_4_0.png":{"frame":{"x":131,"y":7,"w":30,"h":17},"sourceSize":{"w":30,"h":17},"spriteSourceSize":{"x":0,"y":0,"w":30,"h":17},"rotated":false,"trimmed":false},"ads_idol_audChr_ads_idol_audChr_64_sd_6_0.png":{"frame":{"x":100,"y":5,"w":29,"h":18},"sourceSize":{"w":29,"h":18},"spriteSourceSize":{"x":0,"y":0,"w":29,"h":18},"rotated":false,"trimmed":false},"ads_idol_audChr_ads_idol_audChr_64_a_0_1.png":{"frame":{"x":40,"y":5,"w":17,"h":38},"sourceSize":{"w":17,"h":38},"spriteSourceSize":{"x":0,"y":0,"w":17,"h":38},"rotated":false,"trimmed":false},"ads_idol_audChr_ads_idol_audChr_64_b_6_0.png":{"frame":{"x":206,"y":64,"w":30,"h":57},"sourceSize":{"w":30,"h":57},"spriteSourceSize":{"x":0,"y":0,"w":30,"h":57},"rotated":false,"trimmed":false},"ads_idol_audChr_ads_idol_audChr_icon_a.png":{"frame":{"x":78,"y":13,"w":20,"h":30},"sourceSize":{"w":20,"h":30},"spriteSourceSize":{"x":0,"y":0,"w":20,"h":30},"rotated":false,"trimmed":false},"ads_idol_audChr_ads_idol_audChr_64_b_4_0.png":{"frame":{"x":2,"y":2,"w":1,"h":1},"sourceSize":{"w":1,"h":1},"spriteSourceSize":{"x":0,"y":0,"w":1,"h":1},"rotated":false,"trimmed":false},"ads_idol_audChr_ads_idol_audChr_64_sd_2_0.png":{"frame":{"x":131,"y":26,"w":30,"h":17},"sourceSize":{"w":30,"h":17},"spriteSourceSize":{"x":0,"y":0,"w":30,"h":17},"rotated":false,"trimmed":false},"ads_idol_audChr_ads_idol_audChr_64_a_2_1.png":{"frame":{"x":53,"y":45,"w":49,"h":76},"sourceSize":{"w":49,"h":76},"spriteSourceSize":{"x":0,"y":0,"w":49,"h":76},"rotated":false,"trimmed":false},"ads_idol_audChr_ads_idol_audChr_64_a_4_0.png":{"frame":{"x":104,"y":45,"w":49,"h":76},"sourceSize":{"w":49,"h":76},"spriteSourceSize":{"x":0,"y":0,"w":49,"h":76},"rotated":false,"trimmed":false},"ads_idol_audChr_ads_idol_audChr_64_a_0_0.png":{"frame":{"x":59,"y":5,"w":17,"h":38},"sourceSize":{"w":17,"h":38},"spriteSourceSize":{"x":0,"y":0,"w":17,"h":38},"rotated":false,"trimmed":false},"ads_idol_audChr_ads_idol_audChr_64_a_4_1.png":{"frame":{"x":155,"y":45,"w":49,"h":76},"sourceSize":{"w":49,"h":76},"spriteSourceSize":{"x":0,"y":0,"w":49,"h":76},"rotated":false,"trimmed":false},"ads_idol_audChr_ads_idol_audChr_64_b_0_0.png":{"frame":{"x":206,"y":5,"w":30,"h":57},"sourceSize":{"w":30,"h":57},"spriteSourceSize":{"x":0,"y":0,"w":30,"h":57},"rotated":false,"trimmed":false},"ads_idol_audChr_ads_idol_audChr_64_sd_0_0.png":{"frame":{"x":100,"y":25,"w":29,"h":18},"sourceSize":{"w":29,"h":18},"spriteSourceSize":{"x":0,"y":0,"w":29,"h":18},"rotated":false,"trimmed":false},"ads_idol_audChr_ads_idol_audChr_64_a_6_0.png":{"frame":{"x":21,"y":5,"w":17,"h":38},"sourceSize":{"w":17,"h":38},"spriteSourceSize":{"x":0,"y":0,"w":17,"h":38},"rotated":false,"trimmed":false}}}