{"type":"furniture","name":"ads_idol_audChr","visualizationType":"furniture_animated","logicType":"furniture_multistate","spritesheet":"ads_idol_audChr_spritesheet.json","dimensions":{"x":1.0,"y":1.0,"z":1.1},"directions":[0,90,180,270],"assets":{"ads_idol_audChr_64_b_0_0":{"x":23,"y":56},"ads_idol_audChr_icon_a":{"x":10,"y":16},"ads_idol_audChr_64_b_2_0":{"source":"ads_idol_audChr_64_b_4_0","x":24,"y":-6},"ads_idol_audChr_64_a_6_0":{"x":24,"y":25},"ads_idol_audChr_64_a_6_1":{"x":24,"y":25},"ads_idol_audChr_64_a_4_0":{"x":25,"y":63},"ads_idol_audChr_64_a_4_1":{"x":25,"y":63},"ads_idol_audChr_64_sd_6_0":{"x":9,"y":7},"ads_idol_audChr_64_sd_4_0":{"x":21,"y":5},"ads_idol_audChr_64_sd_2_0":{"x":9,"y":5},"ads_idol_audChr_64_a_2_0":{"x":24,"y":63},"ads_idol_audChr_64_a_2_1":{"x":24,"y":63},"ads_idol_audChr_64_sd_0_0":{"x":20,"y":7},"ads_idol_audChr_64_a_0_0":{"x":-7,"y":25},"ads_idol_audChr_64_a_0_1":{"x":-7,"y":25},"ads_idol_audChr_64_b_4_0":{"x":-22,"y":-7},"ads_idol_audChr_64_b_4_1":{"source":"ads_idol_audChr_64_b_4_0","x":-22,"y":-7},"ads_idol_audChr_64_b_6_0":{"x":7,"y":56}},"visualization":{"layerCount":2,"angle":45,"directions":{"0":{"layers":{"1":{"z":210.0}}},"2":{},"4":{},"6":{"layers":{"1":{"z":210.0}}}},"animations":{"0":{"layers":{"0":{"frameSequences":{"0":{"frames":{"0":{"id":0}}}}},"1":{"frameSequences":{"0":{"frames":{"0":{"id":0}}}}}}},"1":{"layers":{"0":{"frameSequences":{"0":{"frames":{"0":{"id":1}}}}}}}}}}