{"type":"furniture","name":"ads_dave_wall","visualizationType":"furniture_animated","logicType":"furniture_multistate","spritesheet":"ads_dave_wall_spritesheet.json","dimensions":{"x":1.2188,"y":0.2,"z":2.9375},"directions":[90,180],"assets":{"ads_dave_wall_icon_a":{"x":7,"y":14},"ads_dave_wall_64_a_2_0":{"x":19,"y":56},"ads_dave_wall_64_a_4_0":{"x":19,"y":56}},"visualization":{"layerCount":1,"angle":45,"layers":{"0":{"z":-3000.0}},"directions":{"2":{},"4":{}},"animations":{"0":{"layers":{"0":{"frameSequences":{"0":{"frames":{"0":{"id":0}}}}}}}}}}