{"meta":{"app":"FFConverter ~ Joopie","format":"RGBA8888","image":"ads_dave_wall.png","scale":"1.0","size":{"w":64,"h":256},"version":"1.0"},"frames":{"ads_dave_wall_ads_dave_wall_64_a_2_0.png":{"frame":{"x":2,"y":116,"w":39,"h":112},"sourceSize":{"w":39,"h":112},"spriteSourceSize":{"x":0,"y":0,"w":39,"h":112},"rotated":false,"trimmed":false},"ads_dave_wall_ads_dave_wall_icon_a.png":{"frame":{"x":43,"y":199,"w":15,"h":29},"sourceSize":{"w":15,"h":29},"spriteSourceSize":{"x":0,"y":0,"w":15,"h":29},"rotated":false,"trimmed":false},"ads_dave_wall_ads_dave_wall_64_a_4_0.png":{"frame":{"x":2,"y":2,"w":39,"h":112},"sourceSize":{"w":39,"h":112},"spriteSourceSize":{"x":0,"y":0,"w":39,"h":112},"rotated":false,"trimmed":false}}}