{"meta":{"app":"FFConverter ~ Joopie","format":"RGBA8888","image":"ads_vpiggy_flag.png","scale":"1.0","size":{"w":1024,"h":256},"version":"1.0"},"frames":{"ads_vpiggy_flag_ads_vpiggy_flag_64_a_0_4.png":{"frame":{"x":428,"y":38,"w":69,"h":140},"sourceSize":{"w":69,"h":140},"spriteSourceSize":{"x":0,"y":0,"w":69,"h":140},"rotated":false,"trimmed":false},"ads_vpiggy_flag_ads_vpiggy_flag_64_a_0_5.png":{"frame":{"x":499,"y":38,"w":69,"h":140},"sourceSize":{"w":69,"h":140},"spriteSourceSize":{"x":0,"y":0,"w":69,"h":140},"rotated":false,"trimmed":false},"ads_vpiggy_flag_ads_vpiggy_flag_64_a_0_0.png":{"frame":{"x":2,"y":34,"w":69,"h":144},"sourceSize":{"w":69,"h":144},"spriteSourceSize":{"x":0,"y":0,"w":69,"h":144},"rotated":false,"trimmed":false},"ads_vpiggy_flag_ads_vpiggy_flag_64_a_0_3.png":{"frame":{"x":357,"y":37,"w":69,"h":141},"sourceSize":{"w":69,"h":141},"spriteSourceSize":{"x":0,"y":0,"w":69,"h":141},"rotated":false,"trimmed":false},"ads_vpiggy_flag_ads_vpiggy_flag_64_a_0_2.png":{"frame":{"x":215,"y":36,"w":69,"h":142},"sourceSize":{"w":69,"h":142},"spriteSourceSize":{"x":0,"y":0,"w":69,"h":142},"rotated":false,"trimmed":false},"ads_vpiggy_flag_ads_vpiggy_flag_64_a_0_1.png":{"frame":{"x":73,"y":35,"w":69,"h":143},"sourceSize":{"w":69,"h":143},"spriteSourceSize":{"x":0,"y":0,"w":69,"h":143},"rotated":false,"trimmed":false},"ads_vpiggy_flag_ads_vpiggy_flag_icon_a.png":{"frame":{"x":2,"y":2,"w":20,"h":30},"sourceSize":{"w":20,"h":30},"spriteSourceSize":{"x":0,"y":0,"w":20,"h":30},"rotated":false,"trimmed":false},"ads_vpiggy_flag_ads_vpiggy_flag_64_a_0_7.png":{"frame":{"x":144,"y":36,"w":69,"h":142},"sourceSize":{"w":69,"h":142},"spriteSourceSize":{"x":0,"y":0,"w":69,"h":142},"rotated":false,"trimmed":false},"ads_vpiggy_flag_ads_vpiggy_flag_64_a_0_6.png":{"frame":{"x":286,"y":37,"w":69,"h":141},"sourceSize":{"w":69,"h":141},"spriteSourceSize":{"x":0,"y":0,"w":69,"h":141},"rotated":false,"trimmed":false},"ads_vpiggy_flag_ads_vpiggy_flag_64_sd_0_0.png":{"frame":{"x":570,"y":170,"w":15,"h":8},"sourceSize":{"w":15,"h":8},"spriteSourceSize":{"x":0,"y":0,"w":15,"h":8},"rotated":false,"trimmed":false}}}