{"type":"furniture","name":"ads_vpiggy_flag","visualizationType":"furniture_animated","logicType":"furniture_basic","spritesheet":"ads_vpiggy_flag_spritesheet.json","dimensions":{"x":1.0,"y":1.0,"z":1.0},"directions":[0,90],"assets":{"ads_vpiggy_flag_64_a_0_5":{"x":7,"y":136},"ads_vpiggy_flag_64_a_2_3":{"source":"ads_vpiggy_flag_64_a_0_3","x":7,"y":137,"flipH":true},"ads_vpiggy_flag_64_a_0_6":{"x":7,"y":137},"ads_vpiggy_flag_64_a_2_4":{"source":"ads_vpiggy_flag_64_a_0_4","x":7,"y":136,"flipH":true},"ads_vpiggy_flag_64_a_0_7":{"x":7,"y":138},"ads_vpiggy_flag_64_sd_2_0":{"source":"ads_vpiggy_flag_64_sd_0_0","x":7,"y":4,"flipH":true},"ads_vpiggy_flag_64_a_2_5":{"source":"ads_vpiggy_flag_64_a_0_5","x":7,"y":136,"flipH":true},"ads_vpiggy_flag_64_a_2_6":{"source":"ads_vpiggy_flag_64_a_0_6","x":7,"y":137,"flipH":true},"ads_vpiggy_flag_64_a_0_1":{"x":7,"y":139},"ads_vpiggy_flag_64_a_0_2":{"x":7,"y":138},"ads_vpiggy_flag_64_a_2_0":{"source":"ads_vpiggy_flag_64_a_0_0","x":7,"y":140,"flipH":true},"ads_vpiggy_flag_64_a_0_3":{"x":7,"y":137},"ads_vpiggy_flag_64_a_2_1":{"source":"ads_vpiggy_flag_64_a_0_1","x":7,"y":139,"flipH":true},"ads_vpiggy_flag_64_a_0_4":{"x":7,"y":136},"ads_vpiggy_flag_64_a_2_2":{"source":"ads_vpiggy_flag_64_a_0_2","x":7,"y":138,"flipH":true},"ads_vpiggy_flag_icon_a":{"x":8,"y":14},"ads_vpiggy_flag_64_sd_0_0":{"x":7,"y":4},"ads_vpiggy_flag_64_a_2_7":{"source":"ads_vpiggy_flag_64_a_0_7","x":7,"y":138,"flipH":true},"ads_vpiggy_flag_64_a_0_0":{"x":7,"y":140}},"visualization":{"layerCount":1,"angle":45,"directions":{"0":{},"2":{}},"animations":{"0":{"layers":{"0":{"loopCount":0,"frameRepeat":3,"frameSequences":{"0":{"frames":{"0":{"id":0},"1":{"id":1},"2":{"id":2},"3":{"id":3},"4":{"id":4},"5":{"id":5},"6":{"id":6},"7":{"id":7}}}}}}}}}}