{"meta":{"app":"FFConverter ~ Joopie","format":"RGBA8888","image":"ads_dtlrare_2.png","scale":"1.0","size":{"w":512,"h":128},"version":"1.0"},"frames":{"ads_dtlrare_2_ads_dtlrare_2_64_a_4_1.png":{"frame":{"x":136,"y":2,"w":65,"h":113},"sourceSize":{"w":65,"h":113},"spriteSourceSize":{"x":0,"y":0,"w":65,"h":113},"rotated":false,"trimmed":false},"ads_dtlrare_2_ads_dtlrare_2_64_sd_4_0.png":{"frame":{"x":270,"y":84,"w":64,"h":31},"sourceSize":{"w":64,"h":31},"spriteSourceSize":{"x":0,"y":0,"w":64,"h":31},"rotated":false,"trimmed":false},"ads_dtlrare_2_ads_dtlrare_2_icon_a.png":{"frame":{"x":336,"y":85,"w":20,"h":30},"sourceSize":{"w":20,"h":30},"spriteSourceSize":{"x":0,"y":0,"w":20,"h":30},"rotated":false,"trimmed":false},"ads_dtlrare_2_ads_dtlrare_2_64_a_2_1.png":{"frame":{"x":69,"y":2,"w":65,"h":113},"sourceSize":{"w":65,"h":113},"spriteSourceSize":{"x":0,"y":0,"w":65,"h":113},"rotated":false,"trimmed":false},"ads_dtlrare_2_ads_dtlrare_2_64_a_4_0.png":{"frame":{"x":203,"y":2,"w":65,"h":113},"sourceSize":{"w":65,"h":113},"spriteSourceSize":{"x":0,"y":0,"w":65,"h":113},"rotated":false,"trimmed":false},"ads_dtlrare_2_ads_dtlrare_2_64_a_2_0.png":{"frame":{"x":2,"y":2,"w":65,"h":113},"sourceSize":{"w":65,"h":113},"spriteSourceSize":{"x":0,"y":0,"w":65,"h":113},"rotated":false,"trimmed":false},"ads_dtlrare_2_ads_dtlrare_2_64_sd_2_0.png":{"frame":{"x":270,"y":51,"w":64,"h":31},"sourceSize":{"w":64,"h":31},"spriteSourceSize":{"x":0,"y":0,"w":64,"h":31},"rotated":false,"trimmed":false}}}