{"meta":{"app":"FFConverter ~ Joopie","format":"RGBA8888","image":"anc_comfy_tree.png","scale":"1.0","size":{"w":256,"h":256},"version":"1.0"},"frames":{"anc_comfy_tree_anc_comfy_tree_64_c_4_0.png":{"frame":{"x":2,"y":2,"w":61,"h":53},"sourceSize":{"w":61,"h":53},"spriteSourceSize":{"x":0,"y":0,"w":61,"h":53},"rotated":false,"trimmed":false},"anc_comfy_tree_anc_comfy_tree_64_a_4_0.png":{"frame":{"x":2,"y":57,"w":131,"h":123},"sourceSize":{"w":131,"h":123},"spriteSourceSize":{"x":0,"y":0,"w":131,"h":123},"rotated":false,"trimmed":false},"anc_comfy_tree_anc_comfy_tree_64_b_4_0.png":{"frame":{"x":135,"y":50,"w":95,"h":130},"sourceSize":{"w":95,"h":130},"spriteSourceSize":{"x":0,"y":0,"w":95,"h":130},"rotated":false,"trimmed":false},"anc_comfy_tree_anc_comfy_tree_icon_a.png":{"frame":{"x":232,"y":148,"w":18,"h":32},"sourceSize":{"w":18,"h":32},"spriteSourceSize":{"x":0,"y":0,"w":18,"h":32},"rotated":false,"trimmed":false}}}