{"type":"furniture","name":"anc_comfy_tree","visualizationType":"furniture_static","logicType":"furniture_basic","spritesheet":"anc_comfy_tree_spritesheet.json","dimensions":{"x":1.0,"y":1.0,"z":3.18},"directions":[180,270,0,90],"assets":{"anc_comfy_tree_64_b_4_0":{"x":59,"y":242},"anc_comfy_tree_icon_a":{"x":7,"y":15},"anc_comfy_tree_64_b_6_0":{"source":"anc_comfy_tree_64_b_4_0","x":59,"y":242,"flipH":true},"anc_comfy_tree_64_b_0_0":{"source":"anc_comfy_tree_64_b_4_0","x":59,"y":242},"anc_comfy_tree_64_b_2_0":{"source":"anc_comfy_tree_64_b_4_0","x":59,"y":242,"flipH":true},"anc_comfy_tree_64_a_0_0":{"source":"anc_comfy_tree_64_a_4_0","x":71,"y":112},"anc_comfy_tree_64_c_2_0":{"source":"anc_comfy_tree_64_c_4_0","x":1,"y":97,"flipH":true},"anc_comfy_tree_64_c_0_0":{"source":"anc_comfy_tree_64_c_4_0","x":1,"y":97},"anc_comfy_tree_64_a_6_0":{"source":"anc_comfy_tree_64_a_4_0","x":71,"y":112,"flipH":true},"anc_comfy_tree_64_a_4_0":{"x":71,"y":112},"anc_comfy_tree_64_c_6_0":{"source":"anc_comfy_tree_64_c_4_0","x":1,"y":97,"flipH":true},"anc_comfy_tree_64_c_4_0":{"x":1,"y":97},"anc_comfy_tree_64_a_2_0":{"source":"anc_comfy_tree_64_a_4_0","x":71,"y":112,"flipH":true}},"visualization":{"layerCount":3,"angle":45,"layers":{"0":{},"1":{"ignoreMouse":true},"2":{"z":500.0}},"directions":{"0":{},"2":{},"4":{},"6":{}}}}