{"meta":{"app":"FFConverter ~ Joopie","format":"RGBA8888","image":"ads_711.png","scale":"1.0","size":{"w":256,"h":64},"version":"1.0"},"frames":{"ads_711_ads_711_64_a_2_1.png":{"frame":{"x":172,"y":17,"w":14,"h":25},"sourceSize":{"w":14,"h":25},"spriteSourceSize":{"x":0,"y":0,"w":14,"h":25},"rotated":false,"trimmed":false},"ads_711_ads_711_icon_b.png":{"frame":{"x":188,"y":25,"w":17,"h":17},"sourceSize":{"w":17,"h":17},"spriteSourceSize":{"x":0,"y":0,"w":17,"h":17},"rotated":false,"trimmed":false},"ads_711_ads_711_icon_a.png":{"frame":{"x":236,"y":45,"w":18,"h":17},"sourceSize":{"w":18,"h":17},"spriteSourceSize":{"x":0,"y":0,"w":18,"h":17},"rotated":false,"trimmed":false},"ads_711_ads_711_64_c_2_0.png":{"frame":{"x":118,"y":3,"w":52,"h":59},"sourceSize":{"w":52,"h":59},"spriteSourceSize":{"x":0,"y":0,"w":52,"h":59},"rotated":false,"trimmed":false},"ads_711_ads_711_64_sd_0_0.png":{"frame":{"x":172,"y":44,"w":62,"h":18},"sourceSize":{"w":62,"h":18},"spriteSourceSize":{"x":0,"y":0,"w":62,"h":18},"rotated":false,"trimmed":false},"ads_711_ads_711_64_b_2_0.png":{"frame":{"x":2,"y":2,"w":58,"h":60},"sourceSize":{"w":58,"h":60},"spriteSourceSize":{"x":0,"y":0,"w":58,"h":60},"rotated":false,"trimmed":false},"ads_711_ads_711_32_a_2_0.png":{"frame":{"x":172,"y":14,"w":1,"h":1},"sourceSize":{"w":1,"h":1},"spriteSourceSize":{"x":0,"y":0,"w":1,"h":1},"rotated":false,"trimmed":false},"ads_711_ads_711_64_d_2_0.png":{"frame":{"x":62,"y":3,"w":54,"h":59},"sourceSize":{"w":54,"h":59},"spriteSourceSize":{"x":0,"y":0,"w":54,"h":59},"rotated":false,"trimmed":false}}}