{"type":"furniture","name":"ads_711","visualizationType":"furniture_animated","logicType":"furniture_multistate","spritesheet":"ads_711_spritesheet.json","dimensions":{"x":1.0,"y":1.0,"z":1.0},"directions":[90,180],"assets":{"ads_711_64_c_4_0":{"source":"ads_711_64_c_2_0","x":26,"y":91,"flipH":true},"ads_711_64_c_2_0":{"x":26,"y":91},"ads_711_64_b_2_0":{"x":28,"y":47},"ads_711_64_d_4_0":{"source":"ads_711_64_d_2_0","x":27,"y":91,"flipH":true},"ads_711_64_b_4_0":{"source":"ads_711_64_b_2_0","x":28,"y":47,"flipH":true},"ads_711_icon_b":{"x":9,"y":13},"ads_711_64_d_2_0":{"x":27,"y":91},"ads_711_icon_a":{"x":9,"y":1},"ads_711_64_sd_2_0":{"source":"ads_711_64_sd_0_0","x":31,"y":2},"ads_711_64_sd_0_0":{"x":31,"y":2},"ads_711_64_a_2_0":{"source":"ads_711_32_a_2_0","x":-26,"y":49},"ads_711_64_a_4_1":{"source":"ads_711_64_a_2_1","x":-7,"y":34,"flipH":true},"ads_711_64_a_2_1":{"x":-7,"y":34},"ads_711_64_a_4_0":{"source":"ads_711_32_a_2_0","x":-26,"y":49,"flipH":true}},"visualization":{"layerCount":4,"angle":45,"layers":{"0":{"z":2.0},"2":{"ink":"ADD"}},"directions":{"2":{},"4":{}},"colors":{"1":{"layers":{"3":{"color":11271995}}},"2":{"layers":{"3":{"color":14762520}}},"3":{"layers":{"3":{"color":32767}}},"4":{"layers":{"3":{"color":9591551}}},"5":{"layers":{"3":{"color":16750848}}},"6":{"layers":{"3":{"color":52428}}},"7":{"layers":{"3":{"color":16737945}}}},"iconColors":{"1":{"layers":{"1":{"color":11271995}}},"2":{"layers":{"1":{"color":14762520}}},"3":{"layers":{"1":{"color":32767}}},"4":{"layers":{"1":{"color":9591551}}},"5":{"layers":{"1":{"color":16750848}}},"6":{"layers":{"1":{"color":52428}}},"7":{"layers":{"1":{"color":16737945}}}},"animations":{"0":{"layers":{"0":{"frameSequences":{"0":{"frames":{"0":{"id":0}}}}},"1":{"frameSequences":{"0":{"frames":{"0":{"id":0}}}}},"2":{"frameSequences":{"0":{"frames":{"0":{"id":0}}}}},"3":{"frameSequences":{"0":{"frames":{"0":{"id":0}}}}}}},"1":{"layers":{"0":{"frameSequences":{"0":{"frames":{"0":{"id":1}}}}}}}}}}