{"meta":{"app":"FFConverter ~ Joopie","format":"RGBA8888","image":"ads_idol_logo.png","scale":"1.0","size":{"w":256,"h":256},"version":"1.0"},"frames":{"ads_idol_logo_ads_idol_logo_icon_a.png":{"frame":{"x":164,"y":64,"w":30,"h":26},"sourceSize":{"w":30,"h":26},"spriteSourceSize":{"x":0,"y":0,"w":30,"h":26},"rotated":false,"trimmed":false},"ads_idol_logo_ads_idol_logo_32_c_4_0.png":{"frame":{"x":164,"y":61,"w":1,"h":1},"sourceSize":{"w":1,"h":1},"spriteSourceSize":{"x":0,"y":0,"w":1,"h":1},"rotated":false,"trimmed":false},"ads_idol_logo_ads_idol_logo_64_a_2_0.png":{"frame":{"x":89,"y":21,"w":73,"h":69},"sourceSize":{"w":73,"h":69},"spriteSourceSize":{"x":0,"y":0,"w":73,"h":69},"rotated":false,"trimmed":false},"ads_idol_logo_ads_idol_logo_64_b_2_0.png":{"frame":{"x":89,"y":163,"w":73,"h":69},"sourceSize":{"w":73,"h":69},"spriteSourceSize":{"x":0,"y":0,"w":73,"h":69},"rotated":false,"trimmed":false},"ads_idol_logo_ads_idol_logo_64_d_4_1.png":{"frame":{"x":2,"y":76,"w":85,"h":77},"sourceSize":{"w":85,"h":77},"spriteSourceSize":{"x":0,"y":0,"w":85,"h":77},"rotated":false,"trimmed":false},"ads_idol_logo_ads_idol_logo_64_c_4_1.png":{"frame":{"x":164,"y":163,"w":73,"h":69},"sourceSize":{"w":73,"h":69},"spriteSourceSize":{"x":0,"y":0,"w":73,"h":69},"rotated":false,"trimmed":false},"ads_idol_logo_ads_idol_logo_64_c_2_1.png":{"frame":{"x":164,"y":92,"w":73,"h":69},"sourceSize":{"w":73,"h":69},"spriteSourceSize":{"x":0,"y":0,"w":73,"h":69},"rotated":false,"trimmed":false},"ads_idol_logo_ads_idol_logo_64_d_2_1.png":{"frame":{"x":2,"y":155,"w":85,"h":77},"sourceSize":{"w":85,"h":77},"spriteSourceSize":{"x":0,"y":0,"w":85,"h":77},"rotated":false,"trimmed":false},"ads_idol_logo_ads_idol_logo_64_a_4_0.png":{"frame":{"x":89,"y":92,"w":73,"h":69},"sourceSize":{"w":73,"h":69},"spriteSourceSize":{"x":0,"y":0,"w":73,"h":69},"rotated":false,"trimmed":false},"ads_idol_logo_ads_idol_logo_64_b_4_0.png":{"frame":{"x":2,"y":5,"w":73,"h":69},"sourceSize":{"w":73,"h":69},"spriteSourceSize":{"x":0,"y":0,"w":73,"h":69},"rotated":false,"trimmed":false},"ads_idol_logo_ads_idol_logo_32_d_2_0.png":{"frame":{"x":239,"y":231,"w":1,"h":1},"sourceSize":{"w":1,"h":1},"spriteSourceSize":{"x":0,"y":0,"w":1,"h":1},"rotated":false,"trimmed":false}}}