{"meta":{"app":"FFConverter ~ Joopie","format":"RGBA8888","image":"ads_idol_jukebox.png","scale":"1.0","size":{"w":256,"h":128},"version":"1.0"},"frames":{"ads_idol_jukebox_ads_idol_jukebox_64_a_4_1.png":{"frame":{"x":66,"y":21,"w":62,"h":100},"sourceSize":{"w":62,"h":100},"spriteSourceSize":{"x":0,"y":0,"w":62,"h":100},"rotated":false,"trimmed":false},"ads_idol_jukebox_ads_idol_jukebox_64_a_4_0.png":{"frame":{"x":2,"y":21,"w":62,"h":100},"sourceSize":{"w":62,"h":100},"spriteSourceSize":{"x":0,"y":0,"w":62,"h":100},"rotated":false,"trimmed":false},"ads_idol_jukebox_ads_idol_jukebox_64_b_4_1.png":{"frame":{"x":130,"y":27,"w":64,"h":94},"sourceSize":{"w":64,"h":94},"spriteSourceSize":{"x":0,"y":0,"w":64,"h":94},"rotated":false,"trimmed":false},"ads_idol_jukebox_ads_idol_jukebox_32_b_4_0.png":{"frame":{"x":130,"y":24,"w":1,"h":1},"sourceSize":{"w":1,"h":1},"spriteSourceSize":{"x":0,"y":0,"w":1,"h":1},"rotated":false,"trimmed":false},"ads_idol_jukebox_ads_idol_jukebox_64_sd_4_0.png":{"frame":{"x":2,"y":2,"w":63,"h":17},"sourceSize":{"w":63,"h":17},"spriteSourceSize":{"x":0,"y":0,"w":63,"h":17},"rotated":false,"trimmed":false},"ads_idol_jukebox_ads_idol_jukebox_icon_a.png":{"frame":{"x":196,"y":94,"w":24,"h":27},"sourceSize":{"w":24,"h":27},"spriteSourceSize":{"x":0,"y":0,"w":24,"h":27},"rotated":false,"trimmed":false}}}