{"type":"furniture","name":"ads_idol_jukebox","visualizationType":"furniture_animated","logicType":"furniture_jukebox","spritesheet":"ads_idol_jukebox_spritesheet.json","dimensions":{"x":1.0,"y":1.0,"z":2.0},"directions":[90,180],"assets":{"ads_idol_jukebox_64_b_4_0":{"source":"ads_idol_jukebox_32_b_4_0","x":4,"y":27},"ads_idol_jukebox_64_b_4_1":{"x":42,"y":88},"ads_idol_jukebox_64_a_4_1":{"x":32,"y":85},"ads_idol_jukebox_64_sd_2_0":{"source":"ads_idol_jukebox_64_sd_4_0","x":31,"y":4,"flipH":true},"ads_idol_jukebox_icon_a":{"x":13,"y":14},"ads_idol_jukebox_64_a_2_0":{"source":"ads_idol_jukebox_64_a_4_0","x":32,"y":85,"flipH":true},"ads_idol_jukebox_64_a_2_1":{"source":"ads_idol_jukebox_64_a_4_1","x":32,"y":85,"flipH":true},"ads_idol_jukebox_64_sd_4_0":{"x":31,"y":4},"ads_idol_jukebox_64_a_4_0":{"x":32,"y":85},"ads_idol_jukebox_64_b_2_0":{"source":"ads_idol_jukebox_32_b_4_0","x":4,"y":27,"flipH":true},"ads_idol_jukebox_64_b_2_1":{"source":"ads_idol_jukebox_64_b_4_1","x":42,"y":88,"flipH":true}},"visualization":{"layerCount":2,"angle":45,"layers":{"1":{"ink":"ADD","ignoreMouse":true}},"directions":{"2":{},"4":{}},"animations":{"0":{"layers":{"0":{"frameSequences":{"0":{"frames":{"0":{"id":0}}}}},"1":{"frameSequences":{"0":{"frames":{"0":{"id":0}}}}}}},"1":{"layers":{"0":{"frameSequences":{"0":{"frames":{"0":{"id":1}}}}},"1":{"frameSequences":{"0":{"frames":{"0":{"id":1}}}}}}},"100":{"transitionTo":1,"layers":{"0":{"frameRepeat":2,"frameSequences":{"0":{"frames":{"0":{"id":1},"1":{"id":1},"2":{"id":0},"3":{"id":1}}}}},"1":{"frameRepeat":2,"frameSequences":{"0":{"frames":{"0":{"id":0},"1":{"id":0},"2":{"id":0},"3":{"id":0}}}}}}}}}}