{"meta":{"app":"FFConverter ~ Joopie","format":"RGBA8888","image":"ads_711shelf.png","scale":"1.0","size":{"w":256,"h":128},"version":"1.0"},"frames":{"ads_711shelf_ads_711shelf_icon_a.png":{"frame":{"x":122,"y":50,"w":23,"h":30},"sourceSize":{"w":23,"h":30},"spriteSourceSize":{"x":0,"y":0,"w":23,"h":30},"rotated":false,"trimmed":false},"ads_711shelf_ads_711shelf_64_b_0_0.png":{"frame":{"x":2,"y":2,"w":60,"h":113},"sourceSize":{"w":60,"h":113},"spriteSourceSize":{"x":0,"y":0,"w":60,"h":113},"rotated":false,"trimmed":false},"ads_711shelf_ads_711shelf_64_sd_0_0.png":{"frame":{"x":122,"y":82,"w":87,"h":33},"sourceSize":{"w":87,"h":33},"spriteSourceSize":{"x":0,"y":0,"w":87,"h":33},"rotated":false,"trimmed":false},"ads_711shelf_ads_711shelf_64_a_0_0.png":{"frame":{"x":64,"y":4,"w":56,"h":111},"sourceSize":{"w":56,"h":111},"spriteSourceSize":{"x":0,"y":0,"w":56,"h":111},"rotated":false,"trimmed":false}}}