{"type":"furniture","name":"ads_711shelf","visualizationType":"furniture_static","logicType":"furniture_basic","spritesheet":"ads_711shelf_spritesheet.json","dimensions":{"x":1.0,"y":2.0,"z":3.0},"directions":[0,90],"assets":{"ads_711shelf_64_sd_0_0":{"x":59,"y":0},"ads_711shelf_64_a_0_0":{"x":26,"y":96},"ads_711shelf_64_b_2_0":{"source":"ads_711shelf_64_b_0_0","x":59,"y":84,"flipH":true},"ads_711shelf_icon_a":{"x":11,"y":15},"ads_711shelf_64_a_2_0":{"source":"ads_711shelf_64_a_0_0","x":26,"y":96,"flipH":true},"ads_711shelf_64_b_0_0":{"x":59,"y":84},"ads_711shelf_64_sd_2_0":{"source":"ads_711shelf_64_sd_0_0","x":59,"y":0,"flipH":true}},"visualization":{"layerCount":2,"angle":45,"layers":{"1":{"z":1000.0}},"directions":{"0":{},"2":{}}}}