{"meta":{"app":"FFConverter ~ Joopie","format":"RGBA8888","image":"ads_twi_paint.png","scale":"1.0","size":{"w":256,"h":128},"version":"1.0"},"frames":{"ads_twi_paint_ads_twi_paint_64_a_2_0.png":{"frame":{"x":162,"y":75,"w":76,"h":49},"sourceSize":{"w":76,"h":49},"spriteSourceSize":{"x":0,"y":0,"w":76,"h":49},"rotated":false,"trimmed":false},"ads_twi_paint_ads_twi_paint_64_b_4_0.png":{"frame":{"x":2,"y":34,"w":78,"h":90},"sourceSize":{"w":78,"h":90},"spriteSourceSize":{"x":0,"y":0,"w":78,"h":90},"rotated":false,"trimmed":false},"ads_twi_paint_ads_twi_paint_icon_a.png":{"frame":{"x":2,"y":2,"w":27,"h":30},"sourceSize":{"w":27,"h":30},"spriteSourceSize":{"x":0,"y":0,"w":27,"h":30},"rotated":false,"trimmed":false},"ads_twi_paint_ads_twi_paint_64_b_2_0.png":{"frame":{"x":82,"y":34,"w":78,"h":90},"sourceSize":{"w":78,"h":90},"spriteSourceSize":{"x":0,"y":0,"w":78,"h":90},"rotated":false,"trimmed":false},"ads_twi_paint_ads_twi_paint_64_a_4_0.png":{"frame":{"x":162,"y":24,"w":76,"h":49},"sourceSize":{"w":76,"h":49},"spriteSourceSize":{"x":0,"y":0,"w":76,"h":49},"rotated":false,"trimmed":false}}}