{"type":"furniture","name":"ads_twi_paint","visualizationType":"furniture_animated","logicType":"furniture_multistate","spritesheet":"ads_twi_paint_spritesheet.json","dimensions":{"x":2.375,"y":0.2,"z":0.3438},"directions":[90,180],"assets":{"ads_twi_paint_64_a_2_0":{"x":39,"y":0},"ads_twi_paint_64_b_4_0":{"x":39,"y":44},"ads_twi_paint_icon_a":{"x":13,"y":15},"ads_twi_paint_64_a_4_0":{"x":37,"y":0},"ads_twi_paint_64_b_2_0":{"x":39,"y":44}},"visualization":{"layerCount":2,"angle":45,"layers":{"0":{"alpha":41,"z":-3000.0},"1":{"z":-2990.0}},"directions":{"2":{},"4":{}},"animations":{"0":{"layers":{"0":{"frameSequences":{"0":{"frames":{"0":{"id":0}}}}},"1":{"frameSequences":{"0":{"frames":{"0":{"id":0}}}}}}}}}}