{"meta":{"app":"FFConverter ~ Joopie","format":"RGBA8888","image":"african_bones.png","scale":"1.0","size":{"w":128,"h":64},"version":"1.0"},"frames":{"african_bones_african_bones_icon_a.png":{"frame":{"x":69,"y":21,"w":23,"h":28},"sourceSize":{"w":23,"h":28},"spriteSourceSize":{"x":0,"y":0,"w":23,"h":28},"rotated":false,"trimmed":false},"african_bones_african_bones_64_a_0_0.png":{"frame":{"x":2,"y":2,"w":65,"h":47},"sourceSize":{"w":65,"h":47},"spriteSourceSize":{"x":0,"y":0,"w":65,"h":47},"rotated":false,"trimmed":false}}}