{"type":"furniture","name":"african_bones","visualizationType":"furniture_static","logicType":"furniture_basic","spritesheet":"african_bones_spritesheet.json","dimensions":{"x":1.0,"y":1.0,"z":1.0},"directions":[0,90],"assets":{"african_bones_64_a_2_0":{"source":"african_bones_64_a_0_0","x":30,"y":33,"flipH":true},"african_bones_icon_a":{"x":9,"y":13},"african_bones_64_a_0_0":{"x":30,"y":33}},"visualization":{"layerCount":1,"angle":45,"directions":{"0":{},"2":{}},"animations":{"0":{"layers":{"0":{"frameSequences":{"0":{"frames":{"0":{"id":0}}}}}}}}}}