{"meta":{"app":"FFConverter ~ Joopie","format":"RGBA8888","image":"anc_c15_wall.png","scale":"1.0","size":{"w":128,"h":1024},"version":"1.0"},"frames":{"anc_c15_wall_anc_c15_wall_64_a_2_2.png":{"frame":{"x":2,"y":2,"w":70,"h":259},"sourceSize":{"w":70,"h":259},"spriteSourceSize":{"x":0,"y":0,"w":70,"h":259},"rotated":false,"trimmed":false},"anc_c15_wall_anc_c15_wall_64_a_2_0.png":{"frame":{"x":2,"y":263,"w":70,"h":259},"sourceSize":{"w":70,"h":259},"spriteSourceSize":{"x":0,"y":0,"w":70,"h":259},"rotated":false,"trimmed":false},"anc_c15_wall_anc_c15_wall_64_a_2_1.png":{"frame":{"x":2,"y":524,"w":70,"h":259},"sourceSize":{"w":70,"h":259},"spriteSourceSize":{"x":0,"y":0,"w":70,"h":259},"rotated":false,"trimmed":false},"anc_c15_wall_anc_c15_wall_icon_a.png":{"frame":{"x":74,"y":753,"w":10,"h":30},"sourceSize":{"w":10,"h":30},"spriteSourceSize":{"x":0,"y":0,"w":10,"h":30},"rotated":false,"trimmed":false}}}