{"type":"furniture","name":"anc_c15_wall","visualizationType":"furniture_animated","logicType":"furniture_multistate","spritesheet":"anc_c15_wall_spritesheet.json","dimensions":{"x":2.0,"y":0.2,"z":3.0},"directions":[90,180],"assets":{"anc_c15_wall_icon_a":{"x":4,"y":14},"anc_c15_wall_64_a_4_1":{"source":"anc_c15_wall_64_a_2_1","x":35,"y":170,"flipH":true},"anc_c15_wall_64_a_2_2":{"x":35,"y":170},"anc_c15_wall_64_a_4_0":{"source":"anc_c15_wall_64_a_2_0","x":35,"y":170,"flipH":true},"anc_c15_wall_64_a_2_1":{"x":35,"y":170},"anc_c15_wall_64_a_2_0":{"x":35,"y":170},"anc_c15_wall_64_a_4_2":{"source":"anc_c15_wall_64_a_2_2","x":35,"y":170,"flipH":true}},"visualization":{"layerCount":1,"angle":45,"layers":{"0":{"z":-3000.0}},"directions":{"2":{},"4":{}},"animations":{"0":{"layers":{}},"1":{"layers":{"0":{"frameSequences":{"0":{"frames":{"0":{"id":1}}}}}}},"2":{"layers":{"0":{"frameSequences":{"0":{"frames":{"0":{"id":2}}}}}}}}}}