{"type":"furniture","name":"ads_veet","visualizationType":"furniture_animated","logicType":"furniture_multistate","spritesheet":"ads_veet_spritesheet.json","dimensions":{"x":1.9688,"y":0.2,"z":3.375},"directions":[90,180],"assets":{"ads_veet_64_a_4_0":{"source":"ads_veet_64_a_2_0","x":31,"y":69,"flipH":true},"ads_veet_64_a_2_0":{"x":31,"y":69},"ads_veet_64_c_4_0":{"source":"ads_veet_64_c_2_0","x":33,"y":72,"flipH":true},"ads_veet_64_c_2_0":{"x":33,"y":72},"ads_veet_64_b_2_2":{"x":32,"y":71},"ads_veet_64_b_4_0":{"source":"ads_veet_64_b_2_0","x":32,"y":71,"flipH":true},"ads_veet_64_b_2_1":{"x":32,"y":71},"ads_veet_64_b_4_2":{"source":"ads_veet_64_b_2_2","x":32,"y":71,"flipH":true},"ads_veet_icon_a":{"x":7,"y":15},"ads_veet_64_b_2_3":{"x":32,"y":71},"ads_veet_64_b_4_1":{"source":"ads_veet_64_b_2_1","x":32,"y":71,"flipH":true},"ads_veet_64_b_4_3":{"source":"ads_veet_64_b_2_3","x":32,"y":71,"flipH":true},"ads_veet_64_b_2_0":{"x":32,"y":71}},"visualization":{"layerCount":3,"angle":45,"layers":{"0":{"z":-8000.0},"1":{"z":-3900.0},"2":{"z":-8000.0}},"directions":{"2":{},"4":{}},"animations":{"0":{"layers":{"0":{"frameSequences":{"0":{"frames":{"0":{"id":0}}}}},"1":{"frameSequences":{"0":{"frames":{"0":{"id":0}}}}},"2":{"frameSequences":{"0":{"frames":{"0":{"id":0}}}}}}},"1":{"layers":{"1":{"frameSequences":{"0":{"frames":{"0":{"id":1}}}}}}},"2":{"layers":{"1":{"frameSequences":{"0":{"frames":{"0":{"id":2}}}}}}},"3":{"layers":{"1":{"frameSequences":{"0":{"frames":{"0":{"id":3}}}}}}},"4":{"layers":{"1":{"frameSequences":{"0":{"frames":{"0":{"id":4}}}}}}}}}}