{"type":"furniture","name":"ads_cl_moodi","visualizationType":"furniture_animated","logicType":"furniture_multistate","spritesheet":"ads_cl_moodi_spritesheet.json","dimensions":{"x":1.0,"y":1.0,"z":1.0},"directions":[90,180],"assets":{"ads_cl_moodi_64_a_4_1":{"source":"ads_cl_moodi_64_a_2_1","x":29,"y":112,"flipH":true},"ads_cl_moodi_64_a_4_0":{"source":"ads_cl_moodi_64_a_2_0","x":29,"y":112,"flipH":true},"ads_cl_moodi_64_a_2_1":{"x":29,"y":112},"ads_cl_moodi_icon_a":{"x":9,"y":14},"ads_cl_moodi_64_a_2_0":{"x":29,"y":112},"ads_cl_moodi_64_sd_4_0":{"source":"ads_cl_moodi_64_sd_2_0","x":31,"y":4,"flipH":true},"ads_cl_moodi_64_sd_2_0":{"x":31,"y":4}},"visualization":{"layerCount":1,"angle":45,"directions":{"2":{},"4":{}},"animations":{"0":{"layers":{"0":{"frameSequences":{"0":{"frames":{"0":{"id":0}}}}}}},"1":{"layers":{"0":{"frameSequences":{"0":{"frames":{"0":{"id":1}}}}}}}}}}