{"meta":{"app":"FFConverter ~ Joopie","format":"RGBA8888","image":"ads_suunvuorow.png","scale":"1.0","size":{"w":256,"h":128},"version":"1.0"},"frames":{"ads_suunvuorow_ads_suunvuorow_64_a_4_0.png":{"frame":{"x":2,"y":33,"w":66,"h":71},"sourceSize":{"w":66,"h":71},"spriteSourceSize":{"x":0,"y":0,"w":66,"h":71},"rotated":false,"trimmed":false},"ads_suunvuorow_ads_suunvuorow_64_a_2_0.png":{"frame":{"x":70,"y":33,"w":66,"h":71},"sourceSize":{"w":66,"h":71},"spriteSourceSize":{"x":0,"y":0,"w":66,"h":71},"rotated":false,"trimmed":false},"ads_suunvuorow_ads_suunvuorow_icon_a.png":{"frame":{"x":2,"y":2,"w":26,"h":29},"sourceSize":{"w":26,"h":29},"spriteSourceSize":{"x":0,"y":0,"w":26,"h":29},"rotated":false,"trimmed":false}}}