{"meta":{"app":"FFConverter ~ Joopie","format":"RGBA8888","image":"african_fence.png","scale":"1.0","size":{"w":128,"h":128},"version":"1.0"},"frames":{"african_fence_african_fence_64_b_0_0.png":{"frame":{"x":2,"y":27,"w":40,"h":94},"sourceSize":{"w":40,"h":94},"spriteSourceSize":{"x":0,"y":0,"w":40,"h":94},"rotated":false,"trimmed":false},"african_fence_african_fence_icon_a.png":{"frame":{"x":85,"y":91,"w":30,"h":30},"sourceSize":{"w":30,"h":30},"spriteSourceSize":{"x":0,"y":0,"w":30,"h":30},"rotated":false,"trimmed":false},"african_fence_african_fence_64_sd_0_0.png":{"frame":{"x":44,"y":2,"w":67,"h":35},"sourceSize":{"w":67,"h":35},"spriteSourceSize":{"x":0,"y":0,"w":67,"h":35},"rotated":false,"trimmed":false},"african_fence_african_fence_64_a_0_0.png":{"frame":{"x":44,"y":39,"w":39,"h":82},"sourceSize":{"w":39,"h":82},"spriteSourceSize":{"x":0,"y":0,"w":39,"h":82},"rotated":false,"trimmed":false}}}