{"type":"furniture","name":"african_fence","visualizationType":"furniture_static","logicType":"furniture_basic","spritesheet":"african_fence_spritesheet.json","dimensions":{"x":2.0,"y":1.0,"z":1.0},"directions":[0,90],"assets":{"african_fence_64_a_0_0":{"x":20,"y":73},"african_fence_64_sd_0_0":{"x":18,"y":10},"african_fence_64_b_0_0":{"x":-16,"y":70},"african_fence_64_sd_2_0":{"source":"african_fence_64_sd_0_0","x":18,"y":10,"flipH":true},"african_fence_icon_a":{"x":14,"y":14},"african_fence_64_b_2_0":{"source":"african_fence_64_b_0_0","x":-16,"y":70,"flipH":true},"african_fence_64_a_2_0":{"source":"african_fence_64_a_0_0","x":20,"y":73,"flipH":true}},"visualization":{"layerCount":2,"angle":45,"layers":{"0":{},"1":{"z":1000.0}},"directions":{"0":{},"2":{}},"animations":{"0":{"layers":{"-1":{"frameSequences":{"0":{"frames":{"0":{"id":0}}}}},"0":{"frameSequences":{"0":{"frames":{"0":{"id":0}}}}},"1":{"frameSequences":{"0":{"frames":{"0":{"id":0}}}}}}}}}}