{"type":"furniture","name":"ads_twi_dreamc","visualizationType":"furniture_animated","logicType":"furniture_multistate","spritesheet":"ads_twi_dreamc_spritesheet.json","dimensions":{"x":1.0625,"y":0.2,"z":1.9688},"directions":[90,180],"assets":{"ads_twi_dreamc_icon_a":{"x":9,"y":15},"ads_twi_dreamc_64_b_4_0":{"x":18,"y":41},"ads_twi_dreamc_64_b_2_0":{"x":19,"y":41},"ads_twi_dreamc_64_a_4_0":{"x":15,"y":37},"ads_twi_dreamc_64_a_2_0":{"x":20,"y":37}},"visualization":{"layerCount":2,"angle":45,"layers":{"0":{"alpha":41,"z":-3000.0},"1":{"z":-2990.0}},"directions":{"2":{},"4":{}},"animations":{"0":{"layers":{"0":{"frameSequences":{"0":{"frames":{"0":{"id":0}}}}},"1":{"frameSequences":{"0":{"frames":{"0":{"id":0}}}}}}}}}}