{"meta":{"app":"FFConverter ~ Joopie","format":"RGBA8888","image":"ads_twi_dreamc.png","scale":"1.0","size":{"w":256,"h":128},"version":"1.0"},"frames":{"ads_twi_dreamc_ads_twi_dreamc_64_a_4_0.png":{"frame":{"x":114,"y":36,"w":34,"h":80},"sourceSize":{"w":34,"h":80},"spriteSourceSize":{"x":0,"y":0,"w":34,"h":80},"rotated":false,"trimmed":false},"ads_twi_dreamc_ads_twi_dreamc_icon_a.png":{"frame":{"x":2,"y":2,"w":19,"h":30},"sourceSize":{"w":19,"h":30},"spriteSourceSize":{"x":0,"y":0,"w":19,"h":30},"rotated":false,"trimmed":false},"ads_twi_dreamc_ads_twi_dreamc_64_b_4_0.png":{"frame":{"x":40,"y":34,"w":36,"h":82},"sourceSize":{"w":36,"h":82},"spriteSourceSize":{"x":0,"y":0,"w":36,"h":82},"rotated":false,"trimmed":false},"ads_twi_dreamc_ads_twi_dreamc_64_a_2_0.png":{"frame":{"x":78,"y":36,"w":34,"h":80},"sourceSize":{"w":34,"h":80},"spriteSourceSize":{"x":0,"y":0,"w":34,"h":80},"rotated":false,"trimmed":false},"ads_twi_dreamc_ads_twi_dreamc_64_b_2_0.png":{"frame":{"x":2,"y":34,"w":36,"h":82},"sourceSize":{"w":36,"h":82},"spriteSourceSize":{"x":0,"y":0,"w":36,"h":82},"rotated":false,"trimmed":false}}}