{"type":"furniture","name":"america_r17_opossum","visualizationType":"furniture_animated","logicType":"furniture_multistate","spritesheet":"america_r17_opossum_spritesheet.json","dimensions":{"x":1.0,"y":1.0,"z":0.0},"directions":[0,270],"assets":{"america_r17_opossum_64_d_0_0":{"x":5,"y":7},"america_r17_opossum_64_d_0_1":{"x":2,"y":7},"america_r17_opossum_64_e_6_3":{"source":"america_r17_opossum_64_e_0_3","x":13,"y":24,"flipH":true},"america_r17_opossum_64_sd_0_0":{"x":25,"y":13},"america_r17_opossum_64_d_6_2":{"source":"america_r17_opossum_64_d_0_2","x":-4,"y":7,"flipH":true},"america_r17_opossum_64_d_6_3":{"source":"america_r17_opossum_64_d_0_3","x":2,"y":7,"flipH":true},"america_r17_opossum_64_d_6_0":{"source":"america_r17_opossum_64_d_0_0","x":5,"y":7,"flipH":true},"america_r17_opossum_64_d_6_1":{"source":"america_r17_opossum_64_d_0_1","x":2,"y":7,"flipH":true},"america_r17_opossum_64_sd_6_0":{"source":"america_r17_opossum_64_sd_0_0","x":25,"y":13,"flipH":true},"america_r17_opossum_64_d_0_2":{"x":-4,"y":7},"america_r17_opossum_64_d_0_3":{"x":2,"y":7},"america_r17_opossum_64_f_6_2":{"source":"america_r17_opossum_64_f_0_2","x":1,"y":26,"flipH":true},"america_r17_opossum_64_c_6_0":{"source":"america_r17_opossum_64_c_0_0","x":-4,"y":5,"flipH":true},"america_r17_opossum_64_f_6_3":{"source":"america_r17_opossum_64_f_0_3","x":1,"y":26,"flipH":true},"america_r17_opossum_64_g_0_0":{"x":12,"y":8},"america_r17_opossum_64_c_0_0":{"x":-4,"y":5},"america_r17_opossum_64_g_6_0":{"source":"america_r17_opossum_64_g_0_0","x":12,"y":8,"flipH":true},"america_r17_opossum_64_b_6_0":{"source":"america_r17_opossum_64_b_0_0","x":26,"y":20,"flipH":true},"america_r17_opossum_64_b_6_1":{"source":"america_r17_opossum_64_b_0_1","x":26,"y":20,"flipH":true},"america_r17_opossum_64_b_0_4":{"x":28,"y":20},"america_r17_opossum_64_b_6_4":{"source":"america_r17_opossum_64_b_0_4","x":28,"y":20,"flipH":true},"america_r17_opossum_64_b_6_2":{"source":"america_r17_opossum_64_b_0_2","x":26,"y":20,"flipH":true},"america_r17_opossum_64_b_6_3":{"source":"america_r17_opossum_64_b_0_3","x":28,"y":20,"flipH":true},"america_r17_opossum_64_f_0_2":{"x":1,"y":26},"america_r17_opossum_64_f_0_3":{"x":1,"y":26},"america_r17_opossum_64_f_0_0":{"x":1,"y":25},"america_r17_opossum_64_f_0_1":{"x":1,"y":25},"america_r17_opossum_64_b_0_2":{"x":26,"y":20},"america_r17_opossum_64_f_6_0":{"source":"america_r17_opossum_64_f_0_0","x":1,"y":25,"flipH":true},"america_r17_opossum_64_b_0_3":{"x":28,"y":20},"america_r17_opossum_64_f_6_1":{"source":"america_r17_opossum_64_f_0_1","x":1,"y":25,"flipH":true},"america_r17_opossum_64_b_0_0":{"x":26,"y":20},"america_r17_opossum_64_b_0_1":{"x":26,"y":20},"america_r17_opossum_64_e_0_0":{"x":12,"y":22},"america_r17_opossum_64_a_6_0":{"source":"america_r17_opossum_64_a_0_0","x":31,"y":11,"flipH":true},"america_r17_opossum_64_a_0_0":{"x":31,"y":11},"america_r17_opossum_64_e_6_0":{"source":"america_r17_opossum_64_e_0_0","x":12,"y":22,"flipH":true},"america_r17_opossum_64_e_6_1":{"source":"america_r17_opossum_64_e_0_1","x":12,"y":22,"flipH":true},"america_r17_opossum_64_e_6_2":{"source":"america_r17_opossum_64_e_0_2","x":13,"y":24,"flipH":true},"america_r17_opossum_64_e_0_1":{"x":12,"y":22},"america_r17_opossum_icon_a":{"x":11,"y":11},"america_r17_opossum_64_e_0_2":{"x":13,"y":24},"america_r17_opossum_64_e_0_3":{"x":13,"y":24}},"visualization":{"layerCount":7,"angle":45,"layers":{"0":{},"1":{},"2":{},"3":{},"4":{},"5":{}},"directions":{"0":{},"6":{}},"animations":{"0":{"layers":{"1":{"loopCount":0,"frameRepeat":15,"frameSequences":{"0":{"frames":{"0":{"id":0},"1":{"id":0},"2":{"id":1},"3":{"id":2},"4":{"id":2},"5":{"id":1},"6":{"id":0},"7":{"id":0},"8":{"id":1},"9":{"id":2},"10":{"id":2},"11":{"id":1},"12":{"id":0},"13":{"id":0},"14":{"id":1},"15":{"id":2},"16":{"id":2},"17":{"id":1},"18":{"id":0},"19":{"id":0},"20":{"id":1},"21":{"id":2},"22":{"id":2},"23":{"id":1},"24":{"id":3},"25":{"id":4},"26":{"id":3},"27":{"id":4},"28":{"id":3},"29":{"id":4},"30":{"id":3},"31":{"id":4},"32":{"id":0},"33":{"id":0},"34":{"id":1},"35":{"id":2},"36":{"id":2},"37":{"id":1},"38":{"id":0},"39":{"id":0},"40":{"id":1},"41":{"id":2},"42":{"id":2},"43":{"id":1},"44":{"id":0},"45":{"id":0},"46":{"id":1},"47":{"id":2},"48":{"id":2},"49":{"id":1},"50":{"id":3},"51":{"id":4},"52":{"id":3},"53":{"id":4},"54":{"id":3},"55":{"id":4},"56":{"id":3},"57":{"id":4},"58":{"id":0},"59":{"id":0},"60":{"id":1},"61":{"id":2},"62":{"id":2},"63":{"id":1},"64":{"id":0},"65":{"id":0},"66":{"id":1},"67":{"id":2},"68":{"id":2},"69":{"id":1},"70":{"id":0},"71":{"id":0},"72":{"id":1},"73":{"id":2},"74":{"id":2},"75":{"id":1},"76":{"id":0},"77":{"id":0},"78":{"id":1},"79":{"id":2},"80":{"id":2},"81":{"id":1},"82":{"id":0},"83":{"id":0},"84":{"id":1},"85":{"id":2},"86":{"id":2},"87":{"id":1},"88":{"id":3},"89":{"id":4},"90":{"id":3},"91":{"id":4},"92":{"id":3},"93":{"id":4}}}}},"3":{"loopCount":0,"frameRepeat":2,"frameSequences":{"0":{"frames":{"0":{"id":0},"1":{"id":0},"2":{"id":1},"3":{"id":2},"4":{"id":1},"5":{"id":3},"6":{"id":0},"7":{"id":0},"8":{"id":0},"9":{"id":0},"10":{"id":0},"11":{"id":0},"12":{"id":0},"13":{"id":0},"14":{"id":0},"15":{"id":0},"16":{"id":0},"17":{"id":0},"18":{"id":0},"19":{"id":0},"20":{"id":0},"21":{"id":0},"22":{"id":0},"23":{"id":0},"24":{"id":0},"25":{"id":0},"26":{"id":0},"27":{"id":0},"28":{"id":0},"29":{"id":1},"30":{"id":2},"31":{"id":1},"32":{"id":3},"33":{"id":0},"34":{"id":0},"35":{"id":0},"36":{"id":0},"37":{"id":0},"38":{"id":0},"39":{"id":0}}}}},"4":{"loopCount":0,"frameRepeat":4,"frameSequences":{"0":{"frames":{"0":{"id":0},"1":{"id":0},"2":{"id":0},"3":{"id":0},"4":{"id":0},"5":{"id":0},"6":{"id":1},"7":{"id":0},"8":{"id":1},"9":{"id":0},"10":{"id":0},"11":{"id":0},"12":{"id":0},"13":{"id":0},"14":{"id":0},"15":{"id":0},"16":{"id":1},"17":{"id":0},"18":{"id":0},"19":{"id":0},"20":{"id":0},"21":{"id":0},"22":{"id":0},"23":{"id":1},"24":{"id":0},"25":{"id":1},"26":{"id":0},"27":{"id":0},"28":{"id":0},"29":{"id":0},"30":{"id":2},"31":{"id":2},"32":{"id":2},"33":{"id":2},"34":{"id":2},"35":{"id":3},"36":{"id":2},"37":{"id":3},"38":{"id":2},"39":{"id":3},"40":{"id":2},"41":{"id":2},"42":{"id":2},"43":{"id":2},"44":{"id":0},"45":{"id":0},"46":{"id":0},"47":{"id":0},"48":{"id":0},"49":{"id":1},"50":{"id":0},"51":{"id":1},"52":{"id":0},"53":{"id":1},"54":{"id":0},"55":{"id":0},"56":{"id":0},"57":{"id":0},"58":{"id":0},"59":{"id":0},"60":{"id":0},"61":{"id":0},"62":{"id":0},"63":{"id":0},"64":{"id":2},"65":{"id":2},"66":{"id":2},"67":{"id":2},"68":{"id":3},"69":{"id":2},"70":{"id":3},"71":{"id":2},"72":{"id":3},"73":{"id":2},"74":{"id":2},"75":{"id":2},"76":{"id":2},"77":{"id":2},"78":{"id":0},"79":{"id":1},"80":{"id":0},"81":{"id":2},"82":{"id":2},"83":{"id":3},"84":{"id":2},"85":{"id":3},"86":{"id":2},"87":{"id":3},"88":{"id":0}}}}},"5":{"loopCount":0,"frameRepeat":3,"frameSequences":{"0":{"frames":{"0":{"id":0},"1":{"id":0},"2":{"id":0},"3":{"id":0},"4":{"id":0},"5":{"id":0},"6":{"id":1},"7":{"id":0},"8":{"id":1},"9":{"id":0},"10":{"id":0},"11":{"id":0},"12":{"id":0},"13":{"id":0},"14":{"id":0},"15":{"id":0},"16":{"id":1},"17":{"id":0},"18":{"id":0},"19":{"id":0},"20":{"id":0},"21":{"id":0},"22":{"id":0},"23":{"id":1},"24":{"id":0},"25":{"id":1},"26":{"id":0},"27":{"id":0},"28":{"id":0},"29":{"id":0},"30":{"id":2},"31":{"id":2},"32":{"id":2},"33":{"id":2},"34":{"id":2},"35":{"id":3},"36":{"id":2},"37":{"id":3},"38":{"id":2},"39":{"id":3},"40":{"id":2},"41":{"id":2},"42":{"id":2},"43":{"id":2},"44":{"id":0},"45":{"id":0},"46":{"id":0},"47":{"id":0},"48":{"id":0},"49":{"id":1},"50":{"id":0},"51":{"id":1},"52":{"id":0},"53":{"id":1},"54":{"id":0},"55":{"id":0},"56":{"id":0},"57":{"id":0},"58":{"id":0},"59":{"id":0},"60":{"id":0},"61":{"id":0},"62":{"id":0},"63":{"id":0},"64":{"id":2},"65":{"id":2},"66":{"id":2},"67":{"id":2},"68":{"id":3},"69":{"id":2},"70":{"id":3},"71":{"id":2},"72":{"id":3},"73":{"id":2},"74":{"id":2},"75":{"id":2},"76":{"id":2},"77":{"id":2},"78":{"id":0},"79":{"id":1},"80":{"id":0},"81":{"id":2},"82":{"id":2},"83":{"id":3},"84":{"id":2},"85":{"id":3},"86":{"id":2},"87":{"id":3},"88":{"id":0}}}}}}},"1":{"layers":{"0":{"frameSequences":{"0":{"frames":{"0":{"id":1}}}}},"1":{"loopCount":0,"frameRepeat":15,"frameSequences":{"0":{"frames":{"0":{"id":0},"1":{"id":0},"2":{"id":1},"3":{"id":2},"4":{"id":2},"5":{"id":1},"6":{"id":0},"7":{"id":0},"8":{"id":1},"9":{"id":2},"10":{"id":2},"11":{"id":1},"12":{"id":0},"13":{"id":0},"14":{"id":1},"15":{"id":2},"16":{"id":2},"17":{"id":1},"18":{"id":0},"19":{"id":0},"20":{"id":1},"21":{"id":2},"22":{"id":2},"23":{"id":1},"24":{"id":3},"25":{"id":4},"26":{"id":3},"27":{"id":4},"28":{"id":3},"29":{"id":4},"30":{"id":3},"31":{"id":4},"32":{"id":0},"33":{"id":0},"34":{"id":1},"35":{"id":2},"36":{"id":2},"37":{"id":1},"38":{"id":0},"39":{"id":0},"40":{"id":1},"41":{"id":2},"42":{"id":2},"43":{"id":1},"44":{"id":0},"45":{"id":0},"46":{"id":1},"47":{"id":2},"48":{"id":2},"49":{"id":1},"50":{"id":3},"51":{"id":4},"52":{"id":3},"53":{"id":4},"54":{"id":3},"55":{"id":4},"56":{"id":3},"57":{"id":4},"58":{"id":0},"59":{"id":0},"60":{"id":1},"61":{"id":2},"62":{"id":2},"63":{"id":1},"64":{"id":0},"65":{"id":0},"66":{"id":1},"67":{"id":2},"68":{"id":2},"69":{"id":1},"70":{"id":0},"71":{"id":0},"72":{"id":1},"73":{"id":2},"74":{"id":2},"75":{"id":1},"76":{"id":0},"77":{"id":0},"78":{"id":1},"79":{"id":2},"80":{"id":2},"81":{"id":1},"82":{"id":0},"83":{"id":0},"84":{"id":1},"85":{"id":2},"86":{"id":2},"87":{"id":1},"88":{"id":3},"89":{"id":4},"90":{"id":3},"91":{"id":4},"92":{"id":3},"93":{"id":4}}}}},"2":{"frameSequences":{"0":{"frames":{"0":{"id":1}}}}},"3":{"loopCount":0,"frameRepeat":2,"frameSequences":{"0":{"frames":{"0":{"id":0},"1":{"id":0},"2":{"id":1},"3":{"id":2},"4":{"id":1},"5":{"id":3},"6":{"id":0},"7":{"id":0},"8":{"id":0},"9":{"id":0},"10":{"id":0},"11":{"id":0},"12":{"id":0},"13":{"id":0},"14":{"id":0},"15":{"id":0},"16":{"id":0},"17":{"id":0},"18":{"id":0},"19":{"id":0},"20":{"id":0},"21":{"id":0},"22":{"id":0},"23":{"id":0},"24":{"id":0},"25":{"id":0},"26":{"id":0},"27":{"id":0},"28":{"id":0},"29":{"id":1},"30":{"id":2},"31":{"id":1},"32":{"id":3},"33":{"id":0},"34":{"id":0},"35":{"id":0},"36":{"id":0},"37":{"id":0},"38":{"id":0},"39":{"id":0}}}}},"4":{"loopCount":0,"frameRepeat":4,"frameSequences":{"0":{"frames":{"0":{"id":0},"1":{"id":0},"2":{"id":0},"3":{"id":0},"4":{"id":0},"5":{"id":0},"6":{"id":1},"7":{"id":0},"8":{"id":1},"9":{"id":0},"10":{"id":0},"11":{"id":0},"12":{"id":0},"13":{"id":0},"14":{"id":0},"15":{"id":0},"16":{"id":1},"17":{"id":0},"18":{"id":0},"19":{"id":0},"20":{"id":0},"21":{"id":0},"22":{"id":0},"23":{"id":1},"24":{"id":0},"25":{"id":1},"26":{"id":0},"27":{"id":0},"28":{"id":0},"29":{"id":0},"30":{"id":2},"31":{"id":2},"32":{"id":2},"33":{"id":2},"34":{"id":2},"35":{"id":3},"36":{"id":2},"37":{"id":3},"38":{"id":2},"39":{"id":3},"40":{"id":2},"41":{"id":2},"42":{"id":2},"43":{"id":2},"44":{"id":0},"45":{"id":0},"46":{"id":0},"47":{"id":0},"48":{"id":0},"49":{"id":1},"50":{"id":0},"51":{"id":1},"52":{"id":0},"53":{"id":1},"54":{"id":0},"55":{"id":0},"56":{"id":0},"57":{"id":0},"58":{"id":0},"59":{"id":0},"60":{"id":0},"61":{"id":0},"62":{"id":0},"63":{"id":0},"64":{"id":2},"65":{"id":2},"66":{"id":2},"67":{"id":2},"68":{"id":3},"69":{"id":2},"70":{"id":3},"71":{"id":2},"72":{"id":3},"73":{"id":2},"74":{"id":2},"75":{"id":2},"76":{"id":2},"77":{"id":2},"78":{"id":0},"79":{"id":1},"80":{"id":0},"81":{"id":2},"82":{"id":2},"83":{"id":3},"84":{"id":2},"85":{"id":3},"86":{"id":2},"87":{"id":3},"88":{"id":0}}}}},"5":{"loopCount":0,"frameRepeat":3,"frameSequences":{"0":{"frames":{"0":{"id":0},"1":{"id":0},"2":{"id":0},"3":{"id":0},"4":{"id":0},"5":{"id":0},"6":{"id":1},"7":{"id":0},"8":{"id":1},"9":{"id":0},"10":{"id":0},"11":{"id":0},"12":{"id":0},"13":{"id":0},"14":{"id":0},"15":{"id":0},"16":{"id":1},"17":{"id":0},"18":{"id":0},"19":{"id":0},"20":{"id":0},"21":{"id":0},"22":{"id":0},"23":{"id":1},"24":{"id":0},"25":{"id":1},"26":{"id":0},"27":{"id":0},"28":{"id":0},"29":{"id":0},"30":{"id":2},"31":{"id":2},"32":{"id":2},"33":{"id":2},"34":{"id":2},"35":{"id":3},"36":{"id":2},"37":{"id":3},"38":{"id":2},"39":{"id":3},"40":{"id":2},"41":{"id":2},"42":{"id":2},"43":{"id":2},"44":{"id":0},"45":{"id":0},"46":{"id":0},"47":{"id":0},"48":{"id":0},"49":{"id":1},"50":{"id":0},"51":{"id":1},"52":{"id":0},"53":{"id":1},"54":{"id":0},"55":{"id":0},"56":{"id":0},"57":{"id":0},"58":{"id":0},"59":{"id":0},"60":{"id":0},"61":{"id":0},"62":{"id":0},"63":{"id":0},"64":{"id":2},"65":{"id":2},"66":{"id":2},"67":{"id":2},"68":{"id":3},"69":{"id":2},"70":{"id":3},"71":{"id":2},"72":{"id":3},"73":{"id":2},"74":{"id":2},"75":{"id":2},"76":{"id":2},"77":{"id":2},"78":{"id":0},"79":{"id":1},"80":{"id":0},"81":{"id":2},"82":{"id":2},"83":{"id":3},"84":{"id":2},"85":{"id":3},"86":{"id":2},"87":{"id":3},"88":{"id":0}}}}},"6":{"frameSequences":{"0":{"frames":{"0":{"id":1}}}}}}},"2":{"layers":{}},"3":{"layers":{"0":{"frameSequences":{"0":{"frames":{"0":{"id":1}}}}},"2":{"frameSequences":{"0":{"frames":{"0":{"id":1}}}}},"6":{"frameSequences":{"0":{"frames":{"0":{"id":1}}}}}}}}}}