{"meta":{"app":"FFConverter ~ Joopie","format":"RGBA8888","image":"america_r17_opossum.png","scale":"1.0","size":{"w":512,"h":64},"version":"1.0"},"frames":{"america_r17_opossum_america_r17_opossum_64_d_0_1.png":{"frame":{"x":2,"y":2,"w":26,"h":15},"sourceSize":{"w":26,"h":15},"spriteSourceSize":{"x":0,"y":0,"w":26,"h":15},"rotated":false,"trimmed":false},"america_r17_opossum_america_r17_opossum_64_b_0_4.png":{"frame":{"x":70,"y":36,"w":50,"h":26},"sourceSize":{"w":50,"h":26},"spriteSourceSize":{"x":0,"y":0,"w":50,"h":26},"rotated":false,"trimmed":false},"america_r17_opossum_america_r17_opossum_icon_a.png":{"frame":{"x":428,"y":36,"w":22,"h":26},"sourceSize":{"w":22,"h":26},"spriteSourceSize":{"x":0,"y":0,"w":22,"h":26},"rotated":false,"trimmed":false},"america_r17_opossum_america_r17_opossum_64_e_0_3.png":{"frame":{"x":54,"y":34,"w":12,"h":12},"sourceSize":{"w":12,"h":12},"spriteSourceSize":{"x":0,"y":0,"w":12,"h":12},"rotated":false,"trimmed":false},"america_r17_opossum_america_r17_opossum_64_sd_0_0.png":{"frame":{"x":122,"y":37,"w":50,"h":25},"sourceSize":{"w":50,"h":25},"spriteSourceSize":{"x":0,"y":0,"w":50,"h":25},"rotated":false,"trimmed":false},"america_r17_opossum_america_r17_opossum_64_d_0_3.png":{"frame":{"x":400,"y":42,"w":26,"h":20},"sourceSize":{"w":26,"h":20},"spriteSourceSize":{"x":0,"y":0,"w":26,"h":20},"rotated":false,"trimmed":false},"america_r17_opossum_america_r17_opossum_64_g_0_0.png":{"frame":{"x":324,"y":41,"w":43,"h":21},"sourceSize":{"w":43,"h":21},"spriteSourceSize":{"x":0,"y":0,"w":43,"h":21},"rotated":false,"trimmed":false},"america_r17_opossum_america_r17_opossum_64_f_0_1.png":{"frame":{"x":470,"y":38,"w":16,"h":11},"sourceSize":{"w":16,"h":11},"spriteSourceSize":{"x":0,"y":0,"w":16,"h":11},"rotated":false,"trimmed":false},"america_r17_opossum_america_r17_opossum_64_b_0_2.png":{"frame":{"x":274,"y":35,"w":48,"h":27},"sourceSize":{"w":48,"h":27},"spriteSourceSize":{"x":0,"y":0,"w":48,"h":27},"rotated":false,"trimmed":false},"america_r17_opossum_america_r17_opossum_64_e_0_1.png":{"frame":{"x":488,"y":38,"w":11,"h":11},"sourceSize":{"w":11,"h":11},"spriteSourceSize":{"x":0,"y":0,"w":11,"h":11},"rotated":false,"trimmed":false},"america_r17_opossum_america_r17_opossum_64_b_0_0.png":{"frame":{"x":224,"y":33,"w":48,"h":29},"sourceSize":{"w":48,"h":29},"spriteSourceSize":{"x":0,"y":0,"w":48,"h":29},"rotated":false,"trimmed":false},"america_r17_opossum_america_r17_opossum_64_f_0_3.png":{"frame":{"x":452,"y":36,"w":16,"h":12},"sourceSize":{"w":16,"h":12},"spriteSourceSize":{"x":0,"y":0,"w":16,"h":12},"rotated":false,"trimmed":false},"america_r17_opossum_america_r17_opossum_64_c_0_0.png":{"frame":{"x":488,"y":51,"w":15,"h":11},"sourceSize":{"w":15,"h":11},"spriteSourceSize":{"x":0,"y":0,"w":15,"h":11},"rotated":false,"trimmed":false},"america_r17_opossum_america_r17_opossum_64_e_0_2.png":{"frame":{"x":54,"y":20,"w":12,"h":12},"sourceSize":{"w":12,"h":12},"spriteSourceSize":{"x":0,"y":0,"w":12,"h":12},"rotated":false,"trimmed":false},"america_r17_opossum_america_r17_opossum_64_b_0_3.png":{"frame":{"x":2,"y":19,"w":50,"h":27},"sourceSize":{"w":50,"h":27},"spriteSourceSize":{"x":0,"y":0,"w":50,"h":27},"rotated":false,"trimmed":false},"america_r17_opossum_america_r17_opossum_64_d_0_2.png":{"frame":{"x":30,"y":2,"w":20,"h":15},"sourceSize":{"w":20,"h":15},"spriteSourceSize":{"x":0,"y":0,"w":20,"h":15},"rotated":false,"trimmed":false},"america_r17_opossum_america_r17_opossum_64_a_0_0.png":{"frame":{"x":2,"y":48,"w":66,"h":14},"sourceSize":{"w":66,"h":14},"spriteSourceSize":{"x":0,"y":0,"w":66,"h":14},"rotated":false,"trimmed":false},"america_r17_opossum_america_r17_opossum_64_d_0_0.png":{"frame":{"x":369,"y":42,"w":29,"h":20},"sourceSize":{"w":29,"h":20},"spriteSourceSize":{"x":0,"y":0,"w":29,"h":20},"rotated":false,"trimmed":false},"america_r17_opossum_america_r17_opossum_64_e_0_0.png":{"frame":{"x":68,"y":23,"w":11,"h":11},"sourceSize":{"w":11,"h":11},"spriteSourceSize":{"x":0,"y":0,"w":11,"h":11},"rotated":false,"trimmed":false},"america_r17_opossum_america_r17_opossum_64_b_0_1.png":{"frame":{"x":174,"y":34,"w":48,"h":28},"sourceSize":{"w":48,"h":28},"spriteSourceSize":{"x":0,"y":0,"w":48,"h":28},"rotated":false,"trimmed":false},"america_r17_opossum_america_r17_opossum_64_f_0_0.png":{"frame":{"x":470,"y":51,"w":16,"h":11},"sourceSize":{"w":16,"h":11},"spriteSourceSize":{"x":0,"y":0,"w":16,"h":11},"rotated":false,"trimmed":false},"america_r17_opossum_america_r17_opossum_64_f_0_2.png":{"frame":{"x":452,"y":50,"w":16,"h":12},"sourceSize":{"w":16,"h":12},"spriteSourceSize":{"x":0,"y":0,"w":16,"h":12},"rotated":false,"trimmed":false}}}