{"meta":{"app":"FFConverter ~ Joopie","format":"RGBA8888","image":"ads_idol_cork.png","scale":"1.0","size":{"w":256,"h":128},"version":"1.0"},"frames":{"ads_idol_cork_ads_idol_cork_64_sd_0_0.png":{"frame":{"x":61,"y":58,"w":109,"h":56},"sourceSize":{"w":109,"h":56},"spriteSourceSize":{"x":0,"y":0,"w":109,"h":56},"rotated":false,"trimmed":false},"ads_idol_cork_ads_idol_cork_64_a_0_0.png":{"frame":{"x":206,"y":20,"w":31,"h":94},"sourceSize":{"w":31,"h":94},"spriteSourceSize":{"x":0,"y":0,"w":31,"h":94},"rotated":false,"trimmed":false},"ads_idol_cork_ads_idol_cork_icon_a.png":{"frame":{"x":61,"y":26,"w":30,"h":30},"sourceSize":{"w":30,"h":30},"spriteSourceSize":{"x":0,"y":0,"w":30,"h":30},"rotated":false,"trimmed":false},"ads_idol_cork_ads_idol_cork_64_b_0_0.png":{"frame":{"x":172,"y":31,"w":32,"h":83},"sourceSize":{"w":32,"h":83},"spriteSourceSize":{"x":0,"y":0,"w":32,"h":83},"rotated":false,"trimmed":false},"ads_idol_cork_ads_idol_cork_64_c_0_0.png":{"frame":{"x":2,"y":2,"w":57,"h":112},"sourceSize":{"w":57,"h":112},"spriteSourceSize":{"x":0,"y":0,"w":57,"h":112},"rotated":false,"trimmed":false}}}