{"type":"furniture","name":"ads_idol_cork","visualizationType":"furniture_static","logicType":"furniture_basic","spritesheet":"ads_idol_cork_spritesheet.json","dimensions":{"x":3.0,"y":1.0,"z":3.0},"directions":[0,90],"assets":{"ads_idol_cork_icon_a":{"x":15,"y":15},"ads_idol_cork_64_c_0_0":{"x":-32,"y":64},"ads_idol_cork_64_sd_2_0":{"source":"ads_idol_cork_64_sd_0_0","x":24,"y":9,"flipH":true},"ads_idol_cork_64_sd_0_0":{"x":24,"y":9},"ads_idol_cork_64_b_0_0":{"x":0,"y":80},"ads_idol_cork_64_a_2_0":{"source":"ads_idol_cork_64_a_0_0","x":31,"y":92,"flipH":true},"ads_idol_cork_64_b_2_0":{"source":"ads_idol_cork_64_b_0_0","x":0,"y":80,"flipH":true},"ads_idol_cork_64_a_0_0":{"x":31,"y":92},"ads_idol_cork_64_c_2_0":{"source":"ads_idol_cork_64_c_0_0","x":-32,"y":64,"flipH":true}},"visualization":{"layerCount":3,"angle":45,"layers":{"0":{"z":-1.0},"1":{"z":200.0},"2":{"z":1900.0}},"directions":{"0":{},"2":{}}}}