{"meta":{"app":"FFConverter ~ Joopie","format":"RGBA8888","image":"anc_pyramid_block.png","scale":"1.0","size":{"w":512,"h":128},"version":"1.0"},"frames":{"anc_pyramid_block_anc_pyramid_block_64_a_2_0.png":{"frame":{"x":2,"y":36,"w":78,"h":81},"sourceSize":{"w":78,"h":81},"spriteSourceSize":{"x":0,"y":0,"w":78,"h":81},"rotated":false,"trimmed":false},"anc_pyramid_block_anc_pyramid_block_64_a_4_0.png":{"frame":{"x":242,"y":36,"w":78,"h":81},"sourceSize":{"w":78,"h":81},"spriteSourceSize":{"x":0,"y":0,"w":78,"h":81},"rotated":false,"trimmed":false},"anc_pyramid_block_anc_pyramid_block_64_a_0_0.png":{"frame":{"x":162,"y":36,"w":78,"h":81},"sourceSize":{"w":78,"h":81},"spriteSourceSize":{"x":0,"y":0,"w":78,"h":81},"rotated":false,"trimmed":false},"anc_pyramid_block_anc_pyramid_block_64_a_6_0.png":{"frame":{"x":82,"y":36,"w":78,"h":81},"sourceSize":{"w":78,"h":81},"spriteSourceSize":{"x":0,"y":0,"w":78,"h":81},"rotated":false,"trimmed":false},"anc_pyramid_block_anc_pyramid_block_icon_a.png":{"frame":{"x":2,"y":2,"w":29,"h":32},"sourceSize":{"w":29,"h":32},"spriteSourceSize":{"x":0,"y":0,"w":29,"h":32},"rotated":false,"trimmed":false}}}