{"meta":{"app":"FFConverter ~ Joopie","format":"RGBA8888","image":"ads_cheetos_hotdog.png","scale":"1.0","size":{"w":256,"h":128},"version":"1.0"},"frames":{"ads_cheetos_hotdog_ads_cheetos_hotdog_64_a_0_0.png":{"frame":{"x":2,"y":2,"w":76,"h":120},"sourceSize":{"w":76,"h":120},"spriteSourceSize":{"x":0,"y":0,"w":76,"h":120},"rotated":false,"trimmed":false},"ads_cheetos_hotdog_ads_cheetos_hotdog_64_sd_0_0.png":{"frame":{"x":80,"y":93,"w":58,"h":29},"sourceSize":{"w":58,"h":29},"spriteSourceSize":{"x":0,"y":0,"w":58,"h":29},"rotated":false,"trimmed":false},"ads_cheetos_hotdog_ads_cheetos_hotdog_icon_a.png":{"frame":{"x":80,"y":61,"w":21,"h":30},"sourceSize":{"w":21,"h":30},"spriteSourceSize":{"x":0,"y":0,"w":21,"h":30},"rotated":false,"trimmed":false}}}