{"meta":{"app":"FFConverter ~ Joopie","format":"RGBA8888","image":"ads_sunnyd.png","scale":"1.0","size":{"w":256,"h":128},"version":"1.0"},"frames":{"ads_sunnyd_ads_sunnyd_icon_a.png":{"frame":{"x":2,"y":2,"w":30,"h":26},"sourceSize":{"w":30,"h":26},"spriteSourceSize":{"x":0,"y":0,"w":30,"h":26},"rotated":false,"trimmed":false},"ads_sunnyd_ads_sunnyd_64_a_2_0.png":{"frame":{"x":76,"y":30,"w":69,"h":62},"sourceSize":{"w":69,"h":62},"spriteSourceSize":{"x":0,"y":0,"w":69,"h":62},"rotated":false,"trimmed":false},"ads_sunnyd_ads_sunnyd_64_a_4_0.png":{"frame":{"x":2,"y":30,"w":72,"h":62},"sourceSize":{"w":72,"h":62},"spriteSourceSize":{"x":0,"y":0,"w":72,"h":62},"rotated":false,"trimmed":false}}}