{"type":"furniture","name":"ads_sunnyd","visualizationType":"furniture_animated","logicType":"furniture_multistate","spritesheet":"ads_sunnyd_spritesheet.json","dimensions":{"x":1.9688,"y":0.2,"z":1.7813},"directions":[90,180],"assets":{"ads_sunnyd_64_a_4_0":{"x":33,"y":31},"ads_sunnyd_icon_a":{"x":19,"y":8},"ads_sunnyd_64_a_2_0":{"x":34,"y":28}},"visualization":{"layerCount":1,"angle":45,"layers":{"0":{"z":-3000.0}},"directions":{"2":{},"4":{}},"animations":{"0":{"layers":{"0":{"frameSequences":{"0":{"frames":{"0":{"id":0}}}}}}}}}}