{"type":"furniture","name":"ads_idol_pchair","visualizationType":"furniture_static","logicType":"furniture_basic","spritesheet":"ads_idol_pchair_spritesheet.json","dimensions":{"x":1.0,"y":1.0,"z":1.0},"directions":[0,90,180,270],"assets":{"ads_idol_pchair_64_sd_0_0":{"x":25,"y":12},"ads_idol_pchair_64_a_6_0":{"source":"ads_idol_pchair_64_a_0_0","x":25,"y":28},"ads_idol_pchair_64_sd_2_0":{"source":"ads_idol_pchair_64_sd_0_0","x":25,"y":12},"ads_idol_pchair_64_a_4_0":{"source":"ads_idol_pchair_64_a_0_0","x":25,"y":28},"ads_idol_pchair_64_sd_4_0":{"source":"ads_idol_pchair_64_sd_0_0","x":25,"y":12},"ads_idol_pchair_icon_a":{"x":13,"y":11},"ads_idol_pchair_64_a_2_0":{"source":"ads_idol_pchair_64_a_0_0","x":25,"y":28},"ads_idol_pchair_64_sd_6_0":{"source":"ads_idol_pchair_64_sd_0_0","x":25,"y":12},"ads_idol_pchair_64_a_0_0":{"x":25,"y":28}},"visualization":{"layerCount":1,"angle":45,"directions":{"0":{},"2":{},"4":{},"6":{}}}}