{"meta":{"app":"FFConverter ~ Joopie","format":"RGBA8888","image":"ads_idol_pchair.png","scale":"1.0","size":{"w":128,"h":64},"version":"1.0"},"frames":{"ads_idol_pchair_ads_idol_pchair_64_a_0_0.png":{"frame":{"x":2,"y":11,"w":52,"h":41},"sourceSize":{"w":52,"h":41},"spriteSourceSize":{"x":0,"y":0,"w":52,"h":41},"rotated":false,"trimmed":false},"ads_idol_pchair_ads_idol_pchair_icon_a.png":{"frame":{"x":56,"y":2,"w":27,"h":22},"sourceSize":{"w":27,"h":22},"spriteSourceSize":{"x":0,"y":0,"w":27,"h":22},"rotated":false,"trimmed":false},"ads_idol_pchair_ads_idol_pchair_64_sd_0_0.png":{"frame":{"x":56,"y":26,"w":52,"h":26},"sourceSize":{"w":52,"h":26},"spriteSourceSize":{"x":0,"y":0,"w":52,"h":26},"rotated":false,"trimmed":false}}}