{"type":"furniture","name":"ads_target_wall","visualizationType":"furniture_static","logicType":"furniture_basic","spritesheet":"ads_target_wall_spritesheet.json","dimensions":{"x":3.35,"y":0.2,"z":1.75},"directions":[90,180],"assets":{"ads_target_wall_64_a_4_0":{"x":65,"y":143},"ads_target_wall_64_a_2_0":{"source":"ads_target_wall_64_a_4_0","x":65,"y":143,"flipH":true},"ads_target_wall_icon_a":{"x":9,"y":14}},"visualization":{"layerCount":1,"angle":45,"layers":{"0":{"z":-3000.0}},"directions":{"2":{},"4":{}},"animations":{"0":{"layers":{"0":{"frameSequences":{"0":{"frames":{"0":{"id":0}}}}}}}}}}