{"meta":{"app":"FFConverter ~ Joopie","format":"RGBA8888","image":"ads_target_wall.png","scale":"1.0","size":{"w":256,"h":512},"version":"1.0"},"frames":{"ads_target_wall_ads_target_wall_64_a_4_0.png":{"frame":{"x":2,"y":34,"w":147,"h":280},"sourceSize":{"w":147,"h":280},"spriteSourceSize":{"x":0,"y":0,"w":147,"h":280},"rotated":false,"trimmed":false},"ads_target_wall_ads_target_wall_icon_a.png":{"frame":{"x":2,"y":2,"w":19,"h":30},"sourceSize":{"w":19,"h":30},"spriteSourceSize":{"x":0,"y":0,"w":19,"h":30},"rotated":false,"trimmed":false}}}