{"meta":{"app":"FFConverter ~ Joopie","format":"RGBA8888","image":"ads_durex_vend.png","scale":"1.0","size":{"w":256,"h":256},"version":"1.0"},"frames":{"ads_durex_vend_ads_durex_vend_64_b_4_0.png":{"frame":{"x":68,"y":35,"w":62,"h":141},"sourceSize":{"w":62,"h":141},"spriteSourceSize":{"x":0,"y":0,"w":62,"h":141},"rotated":false,"trimmed":false},"ads_durex_vend_ads_durex_vend_64_b_2_0.png":{"frame":{"x":2,"y":34,"w":64,"h":142},"sourceSize":{"w":64,"h":142},"spriteSourceSize":{"x":0,"y":0,"w":64,"h":142},"rotated":false,"trimmed":false},"ads_durex_vend_ads_durex_vend_64_a_2_0.png":{"frame":{"x":192,"y":37,"w":56,"h":139},"sourceSize":{"w":56,"h":139},"spriteSourceSize":{"x":0,"y":0,"w":56,"h":139},"rotated":false,"trimmed":false},"ads_durex_vend_ads_durex_vend_64_a_4_0.png":{"frame":{"x":132,"y":36,"w":58,"h":140},"sourceSize":{"w":58,"h":140},"spriteSourceSize":{"x":0,"y":0,"w":58,"h":140},"rotated":false,"trimmed":false},"ads_durex_vend_ads_durex_vend_icon_a.png":{"frame":{"x":2,"y":2,"w":18,"h":30},"sourceSize":{"w":18,"h":30},"spriteSourceSize":{"x":0,"y":0,"w":18,"h":30},"rotated":false,"trimmed":false}}}