{"type":"furniture","name":"ads_durex_vend","visualizationType":"furniture_static","logicType":"furniture_basic","spritesheet":"ads_durex_vend_spritesheet.json","dimensions":{"x":1.0,"y":2.0,"z":1.0},"directions":[180,90],"assets":{"ads_durex_vend_64_b_4_0":{"x":-1,"y":109},"ads_durex_vend_64_b_2_0":{"x":62,"y":110},"ads_durex_vend_icon_a":{"x":10,"y":13},"ads_durex_vend_64_a_2_0":{"x":26,"y":124},"ads_durex_vend_64_a_4_0":{"x":29,"y":124}},"visualization":{"layerCount":2,"angle":90,"layers":{"0":{},"1":{"z":1000.0}},"directions":{"2":{},"4":{}}}}