{"meta":{"app":"FFConverter ~ Joopie","format":"RGBA8888","image":"africa_c15_chair.png","scale":"1.0","size":{"w":256,"h":128},"version":"1.0"},"frames":{"africa_c15_chair_africa_c15_chair_64_a_0_0.png":{"frame":{"x":100,"y":72,"w":47,"h":40},"sourceSize":{"w":47,"h":40},"spriteSourceSize":{"x":0,"y":0,"w":47,"h":40},"rotated":false,"trimmed":false},"africa_c15_chair_africa_c15_chair_64_sd_0_0.png":{"frame":{"x":100,"y":47,"w":44,"h":23},"sourceSize":{"w":44,"h":23},"spriteSourceSize":{"x":0,"y":0,"w":44,"h":23},"rotated":false,"trimmed":false},"africa_c15_chair_africa_c15_chair_64_a_2_0.png":{"frame":{"x":51,"y":47,"w":47,"h":65},"sourceSize":{"w":47,"h":65},"spriteSourceSize":{"x":0,"y":0,"w":47,"h":65},"rotated":false,"trimmed":false},"africa_c15_chair_africa_c15_chair_64_sd_6_0.png":{"frame":{"x":51,"y":22,"w":44,"h":23},"sourceSize":{"w":44,"h":23},"spriteSourceSize":{"x":0,"y":0,"w":44,"h":23},"rotated":false,"trimmed":false},"africa_c15_chair_africa_c15_chair_64_a_4_0.png":{"frame":{"x":2,"y":47,"w":47,"h":65},"sourceSize":{"w":47,"h":65},"spriteSourceSize":{"x":0,"y":0,"w":47,"h":65},"rotated":false,"trimmed":false},"africa_c15_chair_africa_c15_chair_64_a_6_0.png":{"frame":{"x":2,"y":5,"w":47,"h":40},"sourceSize":{"w":47,"h":40},"spriteSourceSize":{"x":0,"y":0,"w":47,"h":40},"rotated":false,"trimmed":false},"africa_c15_chair_africa_c15_chair_icon_a.png":{"frame":{"x":207,"y":82,"w":25,"h":30},"sourceSize":{"w":25,"h":30},"spriteSourceSize":{"x":0,"y":0,"w":25,"h":30},"rotated":false,"trimmed":false},"africa_c15_chair_africa_c15_chair_64_b_6_0.png":{"frame":{"x":149,"y":72,"w":27,"h":40},"sourceSize":{"w":27,"h":40},"spriteSourceSize":{"x":0,"y":0,"w":27,"h":40},"rotated":false,"trimmed":false},"africa_c15_chair_africa_c15_chair_64_b_0_0.png":{"frame":{"x":178,"y":72,"w":27,"h":40},"sourceSize":{"w":27,"h":40},"spriteSourceSize":{"x":0,"y":0,"w":27,"h":40},"rotated":false,"trimmed":false},"africa_c15_chair_africa_c15_chair_64_b_4_0.png":{"frame":{"x":2,"y":2,"w":1,"h":1},"sourceSize":{"w":1,"h":1},"spriteSourceSize":{"x":0,"y":0,"w":1,"h":1},"rotated":false,"trimmed":false}}}