{"type":"furniture","name":"africa_c15_chair","visualizationType":"furniture_static","logicType":"furniture_basic","spritesheet":"africa_c15_chair_spritesheet.json","dimensions":{"x":1.0,"y":1.0,"z":1.0},"directions":[0,270,90,180],"assets":{"africa_c15_chair_64_b_6_0":{"x":4,"y":45},"africa_c15_chair_64_a_4_0":{"x":24,"y":53},"africa_c15_chair_64_a_6_0":{"x":22,"y":28},"africa_c15_chair_64_a_0_0":{"x":25,"y":28},"africa_c15_chair_64_sd_4_0":{"source":"africa_c15_chair_64_sd_0_0","x":23,"y":11},"africa_c15_chair_64_sd_6_0":{"x":21,"y":11},"africa_c15_chair_64_a_2_0":{"x":23,"y":53},"africa_c15_chair_64_sd_0_0":{"x":23,"y":11},"africa_c15_chair_icon_a":{"x":11,"y":14},"africa_c15_chair_64_sd_2_0":{"source":"africa_c15_chair_64_sd_6_0","x":21,"y":11},"africa_c15_chair_64_b_0_0":{"x":23,"y":45},"africa_c15_chair_64_b_4_0":{"x":-21,"y":18},"africa_c15_chair_64_b_2_0":{"source":"africa_c15_chair_64_b_4_0","x":20,"y":18}},"visualization":{"layerCount":2,"angle":45,"layers":{"0":{},"1":{"z":500.0}},"directions":{"0":{},"2":{},"4":{},"6":{}}}}