{"meta":{"app":"FFConverter ~ Joopie","format":"RGBA8888","image":"ads_mtv_bigtv2.png","scale":"1.0","size":{"w":2048,"h":512},"version":"1.0"},"frames":{"ads_mtv_bigtv2_ads_mtv_bigtv2_64_b_4_3.png":{"frame":{"x":390,"y":150,"w":174,"h":175},"sourceSize":{"w":174,"h":175},"spriteSourceSize":{"x":0,"y":0,"w":174,"h":175},"rotated":false,"trimmed":false},"ads_mtv_bigtv2_ads_mtv_bigtv2_64_b_2_4.png":{"frame":{"x":742,"y":150,"w":174,"h":175},"sourceSize":{"w":174,"h":175},"spriteSourceSize":{"x":0,"y":0,"w":174,"h":175},"rotated":false,"trimmed":false},"ads_mtv_bigtv2_ads_mtv_bigtv2_64_c_4_8.png":{"frame":{"x":1439,"y":206,"w":140,"h":147},"sourceSize":{"w":140,"h":147},"spriteSourceSize":{"x":0,"y":0,"w":140,"h":147},"rotated":false,"trimmed":false},"ads_mtv_bigtv2_ads_mtv_bigtv2_64_c_2_8.png":{"frame":{"x":1723,"y":355,"w":140,"h":147},"sourceSize":{"w":140,"h":147},"spriteSourceSize":{"x":0,"y":0,"w":140,"h":147},"rotated":false,"trimmed":false},"ads_mtv_bigtv2_ads_mtv_bigtv2_64_b_2_0.png":{"frame":{"x":918,"y":150,"w":174,"h":175},"sourceSize":{"w":174,"h":175},"spriteSourceSize":{"x":0,"y":0,"w":174,"h":175},"rotated":false,"trimmed":false},"ads_mtv_bigtv2_ads_mtv_bigtv2_64_c_4_3.png":{"frame":{"x":1865,"y":355,"w":140,"h":147},"sourceSize":{"w":140,"h":147},"spriteSourceSize":{"x":0,"y":0,"w":140,"h":147},"rotated":false,"trimmed":false},"ads_mtv_bigtv2_ads_mtv_bigtv2_64_b_2_5.png":{"frame":{"x":918,"y":327,"w":174,"h":175},"sourceSize":{"w":174,"h":175},"spriteSourceSize":{"x":0,"y":0,"w":174,"h":175},"rotated":false,"trimmed":false},"ads_mtv_bigtv2_ads_mtv_bigtv2_64_a_4_0.png":{"frame":{"x":498,"y":28,"w":120,"h":120},"sourceSize":{"w":120,"h":120},"spriteSourceSize":{"x":0,"y":0,"w":120,"h":120},"rotated":false,"trimmed":false},"ads_mtv_bigtv2_ads_mtv_bigtv2_64_b_4_4.png":{"frame":{"x":566,"y":327,"w":174,"h":175},"sourceSize":{"w":174,"h":175},"spriteSourceSize":{"x":0,"y":0,"w":174,"h":175},"rotated":false,"trimmed":false},"ads_mtv_bigtv2_ads_mtv_bigtv2_64_d_2_0.png":{"frame":{"x":356,"y":2,"w":140,"h":146},"sourceSize":{"w":140,"h":146},"spriteSourceSize":{"x":0,"y":0,"w":140,"h":146},"rotated":false,"trimmed":false},"ads_mtv_bigtv2_ads_mtv_bigtv2_64_a_2_1.png":{"frame":{"x":620,"y":28,"w":120,"h":120},"sourceSize":{"w":120,"h":120},"spriteSourceSize":{"x":0,"y":0,"w":120,"h":120},"rotated":false,"trimmed":false},"ads_mtv_bigtv2_ads_mtv_bigtv2_64_b_4_0.png":{"frame":{"x":214,"y":327,"w":174,"h":175},"sourceSize":{"w":174,"h":175},"spriteSourceSize":{"x":0,"y":0,"w":174,"h":175},"rotated":false,"trimmed":false},"ads_mtv_bigtv2_ads_mtv_bigtv2_64_e_2_0.png":{"frame":{"x":2007,"y":501,"w":1,"h":1},"sourceSize":{"w":1,"h":1},"spriteSourceSize":{"x":0,"y":0,"w":1,"h":1},"rotated":false,"trimmed":false},"ads_mtv_bigtv2_ads_mtv_bigtv2_64_b_2_1.png":{"frame":{"x":1094,"y":327,"w":174,"h":175},"sourceSize":{"w":174,"h":175},"spriteSourceSize":{"x":0,"y":0,"w":174,"h":175},"rotated":false,"trimmed":false},"ads_mtv_bigtv2_ads_mtv_bigtv2_64_c_2_1.png":{"frame":{"x":1439,"y":355,"w":140,"h":147},"sourceSize":{"w":140,"h":147},"spriteSourceSize":{"x":0,"y":0,"w":140,"h":147},"rotated":false,"trimmed":false},"ads_mtv_bigtv2_ads_mtv_bigtv2_64_b_4_5.png":{"frame":{"x":566,"y":150,"w":174,"h":175},"sourceSize":{"w":174,"h":175},"spriteSourceSize":{"x":0,"y":0,"w":174,"h":175},"rotated":false,"trimmed":false},"ads_mtv_bigtv2_ads_mtv_bigtv2_64_c_4_1.png":{"frame":{"x":1723,"y":206,"w":140,"h":147},"sourceSize":{"w":140,"h":147},"spriteSourceSize":{"x":0,"y":0,"w":140,"h":147},"rotated":false,"trimmed":false},"ads_mtv_bigtv2_ads_mtv_bigtv2_64_f_2_1.png":{"frame":{"x":1270,"y":150,"w":167,"h":175},"sourceSize":{"w":167,"h":175},"spriteSourceSize":{"x":0,"y":0,"w":167,"h":175},"rotated":false,"trimmed":false},"ads_mtv_bigtv2_ads_mtv_bigtv2_64_b_2_2.png":{"frame":{"x":1094,"y":150,"w":174,"h":175},"sourceSize":{"w":174,"h":175},"spriteSourceSize":{"x":0,"y":0,"w":174,"h":175},"rotated":false,"trimmed":false},"ads_mtv_bigtv2_ads_mtv_bigtv2_64_b_4_1.png":{"frame":{"x":214,"y":150,"w":174,"h":175},"sourceSize":{"w":174,"h":175},"spriteSourceSize":{"x":0,"y":0,"w":174,"h":175},"rotated":false,"trimmed":false},"ads_mtv_bigtv2_ads_mtv_bigtv2_64_c_2_2.png":{"frame":{"x":1581,"y":355,"w":140,"h":147},"sourceSize":{"w":140,"h":147},"spriteSourceSize":{"x":0,"y":0,"w":140,"h":147},"rotated":false,"trimmed":false},"ads_mtv_bigtv2_ads_mtv_bigtv2_64_e_2_1.png":{"frame":{"x":2,"y":293,"w":210,"h":209},"sourceSize":{"w":210,"h":209},"spriteSourceSize":{"x":0,"y":0,"w":210,"h":209},"rotated":false,"trimmed":false},"ads_mtv_bigtv2_ads_mtv_bigtv2_64_f_4_0.png":{"frame":{"x":1270,"y":327,"w":167,"h":175},"sourceSize":{"w":167,"h":175},"spriteSourceSize":{"x":0,"y":0,"w":167,"h":175},"rotated":false,"trimmed":false},"ads_mtv_bigtv2_ads_mtv_bigtv2_64_b_4_2.png":{"frame":{"x":390,"y":327,"w":174,"h":175},"sourceSize":{"w":174,"h":175},"spriteSourceSize":{"x":0,"y":0,"w":174,"h":175},"rotated":false,"trimmed":false},"ads_mtv_bigtv2_ads_mtv_bigtv2_64_e_4_1.png":{"frame":{"x":2,"y":82,"w":210,"h":209},"sourceSize":{"w":210,"h":209},"spriteSourceSize":{"x":0,"y":0,"w":210,"h":209},"rotated":false,"trimmed":false},"ads_mtv_bigtv2_ads_mtv_bigtv2_64_b_2_3.png":{"frame":{"x":742,"y":327,"w":174,"h":175},"sourceSize":{"w":174,"h":175},"spriteSourceSize":{"x":0,"y":0,"w":174,"h":175},"rotated":false,"trimmed":false},"ads_mtv_bigtv2_ads_mtv_bigtv2_64_d_4_1.png":{"frame":{"x":214,"y":2,"w":140,"h":146},"sourceSize":{"w":140,"h":146},"spriteSourceSize":{"x":0,"y":0,"w":140,"h":146},"rotated":false,"trimmed":false},"ads_mtv_bigtv2_ads_mtv_bigtv2_icon_a.png":{"frame":{"x":1439,"y":178,"w":28,"h":26},"sourceSize":{"w":28,"h":26},"spriteSourceSize":{"x":0,"y":0,"w":28,"h":26},"rotated":false,"trimmed":false},"ads_mtv_bigtv2_ads_mtv_bigtv2_64_c_2_3.png":{"frame":{"x":1581,"y":206,"w":140,"h":147},"sourceSize":{"w":140,"h":147},"spriteSourceSize":{"x":0,"y":0,"w":140,"h":147},"rotated":false,"trimmed":false},"ads_mtv_bigtv2_ads_mtv_bigtv2_64_c_4_2.png":{"frame":{"x":1865,"y":206,"w":140,"h":147},"sourceSize":{"w":140,"h":147},"spriteSourceSize":{"x":0,"y":0,"w":140,"h":147},"rotated":false,"trimmed":false}}}