{"type":"furniture","name":"ads_mtv_bigtv2","visualizationType":"furniture_animated","logicType":"furniture_multistate","spritesheet":"ads_mtv_bigtv2_spritesheet.json","dimensions":{"x":3.75,"y":0.2,"z":1.875},"directions":[90,180],"assets":{"ads_mtv_bigtv2_64_a_4_1":{"source":"ads_mtv_bigtv2_64_a_4_0","x":39,"y":38},"ads_mtv_bigtv2_64_a_4_0":{"x":39,"y":38},"ads_mtv_bigtv2_64_a_2_1":{"x":79,"y":38},"ads_mtv_bigtv2_64_a_2_0":{"source":"ads_mtv_bigtv2_64_a_2_1","x":79,"y":38},"ads_mtv_bigtv2_64_c_4_8":{"x":69,"y":71},"ads_mtv_bigtv2_64_c_4_9":{"source":"ads_mtv_bigtv2_64_c_4_8","x":69,"y":71},"ads_mtv_bigtv2_64_c_2_0":{"source":"ads_mtv_bigtv2_64_e_2_0","x":-78,"y":86},"ads_mtv_bigtv2_64_c_2_1":{"x":69,"y":71},"ads_mtv_bigtv2_64_c_2_6":{"source":"ads_mtv_bigtv2_64_c_2_3","x":69,"y":71},"ads_mtv_bigtv2_64_c_4_4":{"source":"ads_mtv_bigtv2_64_c_4_3","x":69,"y":71},"ads_mtv_bigtv2_64_c_2_7":{"source":"ads_mtv_bigtv2_64_c_2_2","x":69,"y":71},"ads_mtv_bigtv2_64_c_4_5":{"source":"ads_mtv_bigtv2_64_c_4_3","x":69,"y":71},"ads_mtv_bigtv2_64_c_2_8":{"x":69,"y":71},"ads_mtv_bigtv2_64_c_4_6":{"source":"ads_mtv_bigtv2_64_c_4_3","x":69,"y":71},"ads_mtv_bigtv2_64_c_2_9":{"source":"ads_mtv_bigtv2_64_c_2_8","x":69,"y":71},"ads_mtv_bigtv2_64_c_4_7":{"source":"ads_mtv_bigtv2_64_c_4_2","x":69,"y":71},"ads_mtv_bigtv2_64_c_2_2":{"x":69,"y":71},"ads_mtv_bigtv2_64_c_4_0":{"source":"ads_mtv_bigtv2_64_e_2_0","x":77,"y":86},"ads_mtv_bigtv2_64_c_2_3":{"x":69,"y":71},"ads_mtv_bigtv2_64_c_4_1":{"x":69,"y":71},"ads_mtv_bigtv2_64_c_2_4":{"source":"ads_mtv_bigtv2_64_c_2_3","x":69,"y":71},"ads_mtv_bigtv2_64_c_4_2":{"x":69,"y":71},"ads_mtv_bigtv2_64_c_2_5":{"source":"ads_mtv_bigtv2_64_c_2_3","x":69,"y":71},"ads_mtv_bigtv2_64_c_4_3":{"x":69,"y":71},"ads_mtv_bigtv2_64_b_2_1":{"x":92,"y":86},"ads_mtv_bigtv2_64_b_2_2":{"x":92,"y":86},"ads_mtv_bigtv2_64_b_4_0":{"x":80,"y":86},"ads_mtv_bigtv2_64_b_2_0":{"x":92,"y":86},"ads_mtv_bigtv2_64_b_4_5":{"x":80,"y":86},"ads_mtv_bigtv2_icon_a":{"x":14,"y":13},"ads_mtv_bigtv2_64_b_2_5":{"x":92,"y":86},"ads_mtv_bigtv2_64_b_4_3":{"x":80,"y":86},"ads_mtv_bigtv2_64_b_4_4":{"x":80,"y":86},"ads_mtv_bigtv2_64_b_2_3":{"x":92,"y":86},"ads_mtv_bigtv2_64_b_4_1":{"x":80,"y":86},"ads_mtv_bigtv2_64_b_2_4":{"x":92,"y":86},"ads_mtv_bigtv2_64_b_4_2":{"x":80,"y":86},"ads_mtv_bigtv2_64_f_4_1":{"source":"ads_mtv_bigtv2_64_f_4_0","x":70,"y":87},"ads_mtv_bigtv2_64_f_2_1":{"x":95,"y":87},"ads_mtv_bigtv2_64_f_4_0":{"x":70,"y":87},"ads_mtv_bigtv2_64_f_2_0":{"source":"ads_mtv_bigtv2_64_f_2_1","x":95,"y":87},"ads_mtv_bigtv2_64_e_2_0":{"x":-78,"y":86},"ads_mtv_bigtv2_64_e_2_1":{"x":69,"y":70},"ads_mtv_bigtv2_64_e_4_0":{"source":"ads_mtv_bigtv2_64_e_2_0","x":77,"y":86},"ads_mtv_bigtv2_64_e_4_1":{"x":139,"y":70},"ads_mtv_bigtv2_64_d_2_0":{"x":69,"y":70},"ads_mtv_bigtv2_64_d_4_1":{"x":69,"y":70},"ads_mtv_bigtv2_64_d_2_1":{"source":"ads_mtv_bigtv2_64_d_2_0","x":69,"y":70},"ads_mtv_bigtv2_64_d_4_0":{"source":"ads_mtv_bigtv2_64_d_4_1","x":69,"y":70}},"visualization":{"layerCount":6,"angle":45,"layers":{"0":{"alpha":0,"z":-3000.0},"1":{"z":-2995.0},"2":{"z":-2990.0},"3":{"z":-2985.0,"ink":"ADD","ignoreMouse":true},"4":{"z":-2980.0,"ink":"ADD","ignoreMouse":true},"5":{"alpha":41,"z":-3000.0}},"directions":{"2":{},"4":{}},"animations":{"0":{"layers":{"0":{"frameSequences":{"0":{"frames":{"0":{"id":0}}}}},"1":{"frameSequences":{"0":{"frames":{"0":{"id":0}}}}},"2":{"frameSequences":{"0":{"frames":{"0":{"id":0}}}}},"3":{"frameSequences":{"0":{"frames":{"0":{"id":0}}}}},"4":{"frameSequences":{"0":{"frames":{"0":{"id":0}}}}},"5":{"frameSequences":{"0":{"frames":{"0":{"id":0}}}}}}},"1":{"layers":{"1":{"frameSequences":{"0":{"frames":{"0":{"id":1},"1":{"id":2},"2":{"id":3},"3":{"id":4},"4":{"id":5}}}}},"2":{"loopCount":0,"frameRepeat":2,"frameSequences":{"0":{"frames":{"0":{"id":2},"1":{"id":2},"2":{"id":2},"3":{"id":2},"4":{"id":2},"5":{"id":2},"6":{"id":2},"7":{"id":3},"8":{"id":3},"9":{"id":3},"10":{"id":3},"11":{"id":4},"12":{"id":4},"13":{"id":4},"14":{"id":4},"15":{"id":5},"16":{"id":5},"17":{"id":5},"18":{"id":5},"19":{"id":6},"20":{"id":6},"21":{"id":6},"22":{"id":6},"23":{"id":7},"24":{"id":7},"25":{"id":7},"26":{"id":7},"27":{"id":8},"28":{"id":8},"29":{"id":8},"30":{"id":8},"31":{"id":8},"32":{"id":8},"33":{"id":8},"34":{"id":8},"35":{"id":9},"36":{"id":9},"37":{"id":9},"38":{"id":9},"39":{"id":9},"40":{"id":9},"41":{"id":9},"42":{"id":9},"43":{"id":9},"44":{"id":9},"45":{"id":9},"46":{"id":9},"47":{"id":9},"48":{"id":9},"49":{"id":9},"50":{"id":9},"51":{"id":9},"52":{"id":9},"53":{"id":9},"54":{"id":9},"55":{"id":9},"56":{"id":9},"57":{"id":9},"58":{"id":9},"59":{"id":9},"60":{"id":9},"61":{"id":9},"62":{"id":9},"63":{"id":9},"64":{"id":9},"65":{"id":9},"66":{"id":9},"67":{"id":9},"68":{"id":9},"69":{"id":9},"70":{"id":9},"71":{"id":9},"72":{"id":9},"73":{"id":9},"74":{"id":9},"75":{"id":9},"76":{"id":9},"77":{"id":9},"78":{"id":9},"79":{"id":9},"80":{"id":9},"81":{"id":9},"82":{"id":9},"83":{"id":9}}}}},"4":{"frameSequences":{"0":{"frames":{"0":{"id":1}}}}}}}}}}