{"meta":{"app":"FFConverter ~ Joopie","format":"RGBA8888","image":"place_holder_furniture.png","scale":"1.0","size":{"w":128,"h":128},"version":"1.0"},"frames":{"place_holder_furniture_place_holder_icon_a.png":{"frame":{"x":2,"y":2,"w":24,"h":24},"sourceSize":{"w":24,"h":24},"spriteSourceSize":{"x":0,"y":0,"w":24,"h":24},"rotated":false,"trimmed":false},"place_holder_furniture_place_holder_64_a_0_0.png":{"frame":{"x":2,"y":28,"w":68,"h":67},"sourceSize":{"w":68,"h":67},"spriteSourceSize":{"x":0,"y":0,"w":68,"h":67},"rotated":false,"trimmed":false}}}