{"meta":{"app":"FFConverter ~ Joopie","format":"RGBA8888","image":"ads_mtv_wall.png","scale":"1.0","size":{"w":1024,"h":256},"version":"1.0"},"frames":{"ads_mtv_wall_ads_mtv_wall_64_a_4_0.png":{"frame":{"x":2,"y":36,"w":138,"h":149},"sourceSize":{"w":138,"h":149},"spriteSourceSize":{"x":0,"y":0,"w":138,"h":149},"rotated":false,"trimmed":false},"ads_mtv_wall_ads_mtv_wall_64_a_2_1.png":{"frame":{"x":282,"y":41,"w":137,"h":144},"sourceSize":{"w":137,"h":144},"spriteSourceSize":{"x":0,"y":0,"w":137,"h":144},"rotated":false,"trimmed":false},"ads_mtv_wall_ads_mtv_wall_64_a_2_0.png":{"frame":{"x":421,"y":41,"w":137,"h":144},"sourceSize":{"w":137,"h":144},"spriteSourceSize":{"x":0,"y":0,"w":137,"h":144},"rotated":false,"trimmed":false},"ads_mtv_wall_ads_mtv_wall_64_a_4_1.png":{"frame":{"x":142,"y":36,"w":138,"h":149},"sourceSize":{"w":138,"h":149},"spriteSourceSize":{"x":0,"y":0,"w":138,"h":149},"rotated":false,"trimmed":false},"ads_mtv_wall_ads_mtv_wall_icon_a.png":{"frame":{"x":2,"y":2,"w":28,"h":32},"sourceSize":{"w":28,"h":32},"spriteSourceSize":{"x":0,"y":0,"w":28,"h":32},"rotated":false,"trimmed":false}}}