{"type":"furniture","name":"ads_mtv_wall","visualizationType":"furniture_animated","logicType":"furniture_multistate","spritesheet":"ads_mtv_wall_spritesheet.json","dimensions":{"x":1.0,"y":0.2,"z":1.0},"directions":[90,180],"assets":{"ads_mtv_wall_64_a_4_1":{"x":37,"y":133},"ads_mtv_wall_64_a_4_0":{"x":37,"y":133},"ads_mtv_wall_64_a_2_1":{"x":37,"y":133},"ads_mtv_wall_64_a_2_0":{"x":37,"y":133},"ads_mtv_wall_icon_a":{"x":11,"y":16}},"visualization":{"layerCount":1,"angle":45,"layers":{"0":{"z":-3000.0}},"directions":{"2":{},"4":{}},"animations":{"0":{"layers":{"0":{"frameSequences":{}}}},"1":{"layers":{"0":{"frameSequences":{"0":{"frames":{"0":{"id":0},"1":{"id":1}}}}}}}}}}