{"type":"furniture","name":"ads_honeymonster","visualizationType":"furniture_animated","logicType":"furniture_multistate","spritesheet":"ads_honeymonster_spritesheet.json","dimensions":{"x":1.0,"y":1.0,"z":1.0},"directions":[90,180],"assets":{"ads_honeymonster_64_c_2_0":{"source":"ads_honeymonster_64_b_4_0","x":27,"y":48,"flipH":true},"ads_honeymonster_64_c_4_0":{"source":"ads_honeymonster_64_b_4_0","x":-26,"y":48,"flipH":true},"ads_honeymonster_64_c_4_1":{"x":27,"y":60},"ads_honeymonster_64_c_4_2":{"x":27,"y":67},"ads_honeymonster_64_c_4_3":{"x":33,"y":75},"ads_honeymonster_64_c_4_4":{"x":40,"y":82},"ads_honeymonster_64_c_4_5":{"x":46,"y":87},"ads_honeymonster_64_c_4_6":{"x":50,"y":92},"ads_honeymonster_64_c_2_7":{"source":"ads_honeymonster_64_c_4_7","x":53,"y":95,"flipH":true},"ads_honeymonster_64_c_2_6":{"source":"ads_honeymonster_64_c_4_6","x":50,"y":92,"flipH":true},"ads_honeymonster_64_c_2_5":{"source":"ads_honeymonster_64_c_4_5","x":46,"y":87,"flipH":true},"ads_honeymonster_64_c_2_4":{"source":"ads_honeymonster_64_c_4_4","x":40,"y":82,"flipH":true},"ads_honeymonster_64_c_2_3":{"source":"ads_honeymonster_64_c_4_3","x":33,"y":75,"flipH":true},"ads_honeymonster_64_c_2_2":{"source":"ads_honeymonster_64_c_4_2","x":27,"y":67,"flipH":true},"ads_honeymonster_64_c_2_1":{"source":"ads_honeymonster_64_c_4_1","x":27,"y":60,"flipH":true},"ads_honeymonster_64_b_4_1":{"x":43,"y":80},"ads_honeymonster_64_b_4_0":{"x":27,"y":48},"ads_honeymonster_64_c_4_7":{"x":53,"y":95},"ads_honeymonster_icon_a":{"x":10,"y":11},"ads_honeymonster_64_b_2_1":{"source":"ads_honeymonster_64_b_4_1","x":43,"y":80,"flipH":true},"ads_honeymonster_64_b_2_0":{"source":"ads_honeymonster_64_b_4_0","x":27,"y":48,"flipH":true},"ads_honeymonster_64_a_4_1":{"x":39,"y":88},"ads_honeymonster_64_sd_4_0":{"x":13,"y":10},"ads_honeymonster_64_sd_2_0":{"source":"ads_honeymonster_64_sd_4_0","x":13,"y":10,"flipH":true},"ads_honeymonster_64_a_4_0":{"x":35,"y":86},"ads_honeymonster_64_a_2_1":{"x":34,"y":88},"ads_honeymonster_64_a_2_0":{"x":34,"y":86}},"visualization":{"layerCount":3,"angle":45,"layers":{"0":{},"1":{"ink":"ADD"},"2":{}},"directions":{"2":{},"4":{}},"animations":{"1":{"layers":{"0":{"frameSequences":{"0":{"frames":{"0":{"id":1}}}}},"1":{"frameSequences":{"0":{"frames":{"0":{"id":1}}}}},"2":{"loopCount":1,"frameRepeat":2,"frameSequences":{"0":{"frames":{"0":{"id":1},"1":{"id":2},"2":{"id":3},"3":{"id":4},"4":{"id":5},"5":{"id":6},"6":{"id":7},"7":{"id":0}}}}}}}}}}