{"meta":{"app":"FFConverter ~ Joopie","format":"RGBA8888","image":"ads_honeymonster.png","scale":"1.0","size":{"w":512,"h":128},"version":"1.0"},"frames":{"ads_honeymonster_ads_honeymonster_64_a_2_1.png":{"frame":{"x":2,"y":34,"w":73,"h":92},"sourceSize":{"w":73,"h":92},"spriteSourceSize":{"x":0,"y":0,"w":73,"h":92},"rotated":false,"trimmed":false},"ads_honeymonster_ads_honeymonster_64_c_4_7.png":{"frame":{"x":294,"y":49,"w":49,"h":77},"sourceSize":{"w":49,"h":77},"spriteSourceSize":{"x":0,"y":0,"w":49,"h":77},"rotated":false,"trimmed":false},"ads_honeymonster_ads_honeymonster_64_b_4_0.png":{"frame":{"x":345,"y":49,"w":1,"h":1},"sourceSize":{"w":1,"h":1},"spriteSourceSize":{"x":0,"y":0,"w":1,"h":1},"rotated":false,"trimmed":false},"ads_honeymonster_ads_honeymonster_64_sd_4_0.png":{"frame":{"x":2,"y":15,"w":34,"h":17},"sourceSize":{"w":34,"h":17},"spriteSourceSize":{"x":0,"y":0,"w":34,"h":17},"rotated":false,"trimmed":false},"ads_honeymonster_ads_honeymonster_64_c_4_2.png":{"frame":{"x":489,"y":77,"w":16,"h":49},"sourceSize":{"w":16,"h":49},"spriteSourceSize":{"x":0,"y":0,"w":16,"h":49},"rotated":false,"trimmed":false},"ads_honeymonster_ads_honeymonster_64_c_4_5.png":{"frame":{"x":391,"y":57,"w":38,"h":69},"sourceSize":{"w":38,"h":69},"spriteSourceSize":{"x":0,"y":0,"w":38,"h":69},"rotated":false,"trimmed":false},"ads_honeymonster_ads_honeymonster_64_a_2_0.png":{"frame":{"x":152,"y":36,"w":69,"h":90},"sourceSize":{"w":69,"h":90},"spriteSourceSize":{"x":0,"y":0,"w":69,"h":90},"rotated":false,"trimmed":false},"ads_honeymonster_ads_honeymonster_64_a_4_1.png":{"frame":{"x":77,"y":34,"w":73,"h":92},"sourceSize":{"w":73,"h":92},"spriteSourceSize":{"x":0,"y":0,"w":73,"h":92},"rotated":false,"trimmed":false},"ads_honeymonster_ads_honeymonster_64_c_4_1.png":{"frame":{"x":294,"y":5,"w":16,"h":42},"sourceSize":{"w":16,"h":42},"spriteSourceSize":{"x":0,"y":0,"w":16,"h":42},"rotated":false,"trimmed":false},"ads_honeymonster_ads_honeymonster_64_b_4_1.png":{"frame":{"x":152,"y":2,"w":44,"h":32},"sourceSize":{"w":44,"h":32},"spriteSourceSize":{"x":0,"y":0,"w":44,"h":32},"rotated":false,"trimmed":false},"ads_honeymonster_ads_honeymonster_64_c_4_6.png":{"frame":{"x":345,"y":52,"w":44,"h":74},"sourceSize":{"w":44,"h":74},"spriteSourceSize":{"x":0,"y":0,"w":44,"h":74},"rotated":false,"trimmed":false},"ads_honeymonster_ads_honeymonster_icon_a.png":{"frame":{"x":198,"y":13,"w":22,"h":21},"sourceSize":{"w":22,"h":21},"spriteSourceSize":{"x":0,"y":0,"w":22,"h":21},"rotated":false,"trimmed":false},"ads_honeymonster_ads_honeymonster_64_c_4_3.png":{"frame":{"x":464,"y":69,"w":23,"h":57},"sourceSize":{"w":23,"h":57},"spriteSourceSize":{"x":0,"y":0,"w":23,"h":57},"rotated":false,"trimmed":false},"ads_honeymonster_ads_honeymonster_64_c_4_4.png":{"frame":{"x":431,"y":62,"w":31,"h":64},"sourceSize":{"w":31,"h":64},"spriteSourceSize":{"x":0,"y":0,"w":31,"h":64},"rotated":false,"trimmed":false},"ads_honeymonster_ads_honeymonster_64_a_4_0.png":{"frame":{"x":223,"y":36,"w":69,"h":90},"sourceSize":{"w":69,"h":90},"spriteSourceSize":{"x":0,"y":0,"w":69,"h":90},"rotated":false,"trimmed":false}}}