{"meta":{"app":"FFConverter ~ Joopie","format":"RGBA8888","image":"ads_grefusa_cactus.png","scale":"1.0","size":{"w":128,"h":256},"version":"1.0"},"frames":{"ads_grefusa_cactus_ads_grefusa_cactus_icon_a.png":{"frame":{"x":71,"y":126,"w":19,"h":38},"sourceSize":{"w":19,"h":38},"spriteSourceSize":{"x":0,"y":0,"w":19,"h":38},"rotated":false,"trimmed":false},"ads_grefusa_cactus_ads_grefusa_cactus_64_a_0_0.png":{"frame":{"x":2,"y":30,"w":67,"h":134},"sourceSize":{"w":67,"h":134},"spriteSourceSize":{"x":0,"y":0,"w":67,"h":134},"rotated":false,"trimmed":false},"ads_grefusa_cactus_ads_grefusa_cactus_64_sd_0_0.png":{"frame":{"x":2,"y":2,"w":51,"h":26},"sourceSize":{"w":51,"h":26},"spriteSourceSize":{"x":0,"y":0,"w":51,"h":26},"rotated":false,"trimmed":false}}}