{"type":"furniture","name":"ads_gsArcade_2","visualizationType":"furniture_animated","logicType":"furniture_multistate","spritesheet":"ads_gsArcade_2_spritesheet.json","dimensions":{"x":1.0,"y":1.0,"z":2.0},"directions":[90,180],"assets":{"ads_gsArcade_2_64_b_2_7":{"x":5,"y":69},"ads_gsArcade_2_64_b_4_5":{"source":"ads_gsArcade_2_64_b_2_5","x":5,"y":69,"flipH":true},"ads_gsArcade_2_64_b_2_6":{"x":5,"y":69},"ads_gsArcade_2_64_b_4_4":{"source":"ads_gsArcade_2_64_b_2_4","x":5,"y":69,"flipH":true},"ads_gsArcade_2_64_b_2_9":{"x":5,"y":69},"ads_gsArcade_2_64_b_4_7":{"source":"ads_gsArcade_2_64_b_2_7","x":5,"y":69,"flipH":true},"ads_gsArcade_2_64_b_2_8":{"x":5,"y":69},"ads_gsArcade_2_64_b_4_6":{"source":"ads_gsArcade_2_64_b_2_6","x":5,"y":69,"flipH":true},"ads_gsArcade_2_64_b_2_3":{"x":5,"y":69},"ads_gsArcade_2_64_b_4_1":{"source":"ads_gsArcade_2_64_b_2_1","x":5,"y":69,"flipH":true},"ads_gsArcade_2_64_b_2_2":{"x":5,"y":69},"ads_gsArcade_2_64_b_4_0":{"source":"ads_gsArcade_2_64_b_2_0","x":5,"y":69,"flipH":true},"ads_gsArcade_2_64_b_2_5":{"x":5,"y":69},"ads_gsArcade_2_64_b_4_3":{"source":"ads_gsArcade_2_64_b_2_3","x":5,"y":69,"flipH":true},"ads_gsArcade_2_64_b_2_4":{"x":5,"y":69},"ads_gsArcade_2_64_b_4_2":{"source":"ads_gsArcade_2_64_b_2_2","x":5,"y":69,"flipH":true},"ads_gsArcade_2_64_b_2_1":{"x":5,"y":69},"ads_gsArcade_2_64_b_2_0":{"x":5,"y":69},"ads_gsArcade_2_64_b_4_9":{"source":"ads_gsArcade_2_64_b_2_9","x":5,"y":69,"flipH":true},"ads_gsArcade_2_icon_a":{"x":10,"y":15},"ads_gsArcade_2_64_b_4_8":{"source":"ads_gsArcade_2_64_b_2_8","x":5,"y":69,"flipH":true},"ads_gsArcade_2_64_b_4_10":{"source":"ads_gsArcade_2_64_b_2_10","x":5,"y":69,"flipH":true},"ads_gsArcade_2_64_b_2_10":{"x":5,"y":69},"ads_gsArcade_2_64_a_4_0":{"source":"ads_gsArcade_2_64_a_2_0","x":30,"y":95,"flipH":true},"ads_gsArcade_2_64_a_2_0":{"x":30,"y":95}},"visualization":{"layerCount":2,"angle":45,"directions":{"2":{},"4":{}},"animations":{"0":{"layers":{"0":{"frameSequences":{"0":{"frames":{"0":{"id":0}}}}},"1":{"frameSequences":{"0":{"frames":{"0":{"id":0}}}}}}},"1":{"layers":{"1":{"loopCount":0,"frameRepeat":3,"frameSequences":{"0":{"frames":{"0":{"id":1},"1":{"id":2},"2":{"id":3},"3":{"id":4},"4":{"id":5},"5":{"id":6},"6":{"id":7},"7":{"id":8},"8":{"id":9},"9":{"id":10},"10":{"id":0},"11":{"id":10},"12":{"id":0},"13":{"id":10},"14":{"id":0},"15":{"id":0},"16":{"id":0},"17":{"id":0},"18":{"id":1}}}}}}}}}}