{"meta":{"app":"FFConverter ~ Joopie","format":"RGBA8888","image":"ads_woz_mpu.png","scale":"1.0","size":{"w":512,"h":512},"version":"1.0"},"frames":{"ads_woz_mpu_ads_woz_mpu_64_a_4_0.png":{"frame":{"x":2,"y":28,"w":312,"h":365},"sourceSize":{"w":312,"h":365},"spriteSourceSize":{"x":0,"y":0,"w":312,"h":365},"rotated":false,"trimmed":false},"ads_woz_mpu_ads_woz_mpu_icon_a.png":{"frame":{"x":2,"y":2,"w":28,"h":24},"sourceSize":{"w":28,"h":24},"spriteSourceSize":{"x":0,"y":0,"w":28,"h":24},"rotated":false,"trimmed":false}}}