{"meta":{"app":"FFConverter ~ Joopie","format":"RGBA8888","image":"ads_idol_mirror.png","scale":"1.0","size":{"w":256,"h":128},"version":"1.0"},"frames":{"ads_idol_mirror_ads_idol_mirror_64_b_2_0.png":{"frame":{"x":106,"y":42,"w":10,"h":9},"sourceSize":{"w":10,"h":9},"spriteSourceSize":{"x":0,"y":0,"w":10,"h":9},"rotated":false,"trimmed":false},"ads_idol_mirror_ads_idol_mirror_64_c_2_1.png":{"frame":{"x":106,"y":53,"w":46,"h":63},"sourceSize":{"w":46,"h":63},"spriteSourceSize":{"x":0,"y":0,"w":46,"h":63},"rotated":false,"trimmed":false},"ads_idol_mirror_ads_idol_mirror_64_a_2_0.png":{"frame":{"x":2,"y":34,"w":52,"h":82},"sourceSize":{"w":52,"h":82},"spriteSourceSize":{"x":0,"y":0,"w":52,"h":82},"rotated":false,"trimmed":false},"ads_idol_mirror_ads_idol_mirror_icon_a.png":{"frame":{"x":2,"y":2,"w":18,"h":30},"sourceSize":{"w":18,"h":30},"spriteSourceSize":{"x":0,"y":0,"w":18,"h":30},"rotated":false,"trimmed":false},"ads_idol_mirror_ads_idol_mirror_64_c_2_0.png":{"frame":{"x":154,"y":115,"w":1,"h":1},"sourceSize":{"w":1,"h":1},"spriteSourceSize":{"x":0,"y":0,"w":1,"h":1},"rotated":false,"trimmed":false},"ads_idol_mirror_ads_idol_mirror_64_a_4_0.png":{"frame":{"x":56,"y":34,"w":48,"h":82},"sourceSize":{"w":48,"h":82},"spriteSourceSize":{"x":0,"y":0,"w":48,"h":82},"rotated":false,"trimmed":false}}}