{"meta":{"app":"FFConverter ~ Joopie","format":"RGBA8888","image":"ads_durex_carpet.png","scale":"1.0","size":{"w":512,"h":128},"version":"1.0"},"frames":{"ads_durex_carpet_ads_durex_carpet_64_a_2_0.png":{"frame":{"x":2,"y":28,"w":167,"h":84},"sourceSize":{"w":167,"h":84},"spriteSourceSize":{"x":0,"y":0,"w":167,"h":84},"rotated":false,"trimmed":false},"ads_durex_carpet_ads_durex_carpet_64_a_4_0.png":{"frame":{"x":171,"y":28,"w":167,"h":84},"sourceSize":{"w":167,"h":84},"spriteSourceSize":{"x":0,"y":0,"w":167,"h":84},"rotated":false,"trimmed":false},"ads_durex_carpet_ads_durex_carpet_icon_a.png":{"frame":{"x":2,"y":2,"w":30,"h":24},"sourceSize":{"w":30,"h":24},"spriteSourceSize":{"x":0,"y":0,"w":30,"h":24},"rotated":false,"trimmed":false}}}