{"meta":{"app":"FFConverter ~ Joopie","format":"RGBA8888","image":"ads_grefu_trophy.png","scale":"1.0","size":{"w":64,"h":256},"version":"1.0"},"frames":{"ads_grefu_trophy_ads_grefu_trophy_icon_a.png":{"frame":{"x":2,"y":15,"w":30,"h":25},"sourceSize":{"w":30,"h":25},"spriteSourceSize":{"x":0,"y":0,"w":30,"h":25},"rotated":false,"trimmed":false},"ads_grefu_trophy_ads_grefu_trophy_64_a_0_0.png":{"frame":{"x":2,"y":42,"w":40,"h":104},"sourceSize":{"w":40,"h":104},"spriteSourceSize":{"x":0,"y":0,"w":40,"h":104},"rotated":false,"trimmed":false},"ads_grefu_trophy_ads_grefu_trophy_64_sd_0_0.png":{"frame":{"x":2,"y":2,"w":38,"h":11},"sourceSize":{"w":38,"h":11},"spriteSourceSize":{"x":0,"y":0,"w":38,"h":11},"rotated":false,"trimmed":false}}}