{"type":"furniture","name":"ads_grefu_trophy","visualizationType":"furniture_static","logicType":"furniture_basic","spritesheet":"ads_grefu_trophy_spritesheet.json","dimensions":{"x":1.0,"y":1.0,"z":1.0},"directions":[0],"assets":{"ads_grefu_trophy_64_a_0_0":{"x":18,"y":95},"ads_grefu_trophy_icon_a":{"x":14,"y":23},"ads_grefu_trophy_64_sd_0_0":{"x":18,"y":1}},"visualization":{"layerCount":1,"angle":45,"directions":{"0":{}},"animations":{"0":{"layers":{"-1":{"frameSequences":{"0":{"frames":{"0":{"id":0}}}}},"0":{"frameSequences":{"0":{"frames":{"0":{"id":0}}}}}}}}}}