{"meta":{"app":"FFConverter ~ Joopie","format":"RGBA8888","image":"anc_savanna_wall.png","scale":"1.0","size":{"w":512,"h":512},"version":"1.0"},"frames":{"anc_savanna_wall_anc_savanna_wall_icon_a.png":{"frame":{"x":2,"y":2,"w":14,"h":32},"sourceSize":{"w":14,"h":32},"spriteSourceSize":{"x":0,"y":0,"w":14,"h":32},"rotated":false,"trimmed":false},"anc_savanna_wall_anc_savanna_wall_64_a_2_0.png":{"frame":{"x":2,"y":36,"w":164,"h":325},"sourceSize":{"w":164,"h":325},"spriteSourceSize":{"x":0,"y":0,"w":164,"h":325},"rotated":false,"trimmed":false},"anc_savanna_wall_anc_savanna_wall_64_a_2_1.png":{"frame":{"x":168,"y":36,"w":144,"h":325},"sourceSize":{"w":144,"h":325},"spriteSourceSize":{"x":0,"y":0,"w":144,"h":325},"rotated":false,"trimmed":false}}}