{"meta":{"app":"FFConverter ~ Joopie","format":"RGBA8888","image":"ads_chups.png","scale":"1.0","size":{"w":512,"h":128},"version":"1.0"},"frames":{"ads_chups_ads_chups_64_sd_0_0.png":{"frame":{"x":455,"y":91,"w":35,"h":21},"sourceSize":{"w":35,"h":21},"spriteSourceSize":{"x":0,"y":0,"w":35,"h":21},"rotated":false,"trimmed":false},"ads_chups_ads_chups_64_a_0_7.png":{"frame":{"x":373,"y":2,"w":51,"h":110},"sourceSize":{"w":51,"h":110},"spriteSourceSize":{"x":0,"y":0,"w":51,"h":110},"rotated":false,"trimmed":false},"ads_chups_ads_chups_64_a_0_1.png":{"frame":{"x":55,"y":2,"w":51,"h":110},"sourceSize":{"w":51,"h":110},"spriteSourceSize":{"x":0,"y":0,"w":51,"h":110},"rotated":false,"trimmed":false},"ads_chups_ads_chups_64_a_0_0.png":{"frame":{"x":2,"y":2,"w":51,"h":110},"sourceSize":{"w":51,"h":110},"spriteSourceSize":{"x":0,"y":0,"w":51,"h":110},"rotated":false,"trimmed":false},"ads_chups_ads_chups_64_a_0_3.png":{"frame":{"x":161,"y":2,"w":51,"h":110},"sourceSize":{"w":51,"h":110},"spriteSourceSize":{"x":0,"y":0,"w":51,"h":110},"rotated":false,"trimmed":false},"ads_chups_ads_chups_64_a_0_6.png":{"frame":{"x":320,"y":2,"w":51,"h":110},"sourceSize":{"w":51,"h":110},"spriteSourceSize":{"x":0,"y":0,"w":51,"h":110},"rotated":false,"trimmed":false},"ads_chups_ads_chups_icon_a.png":{"frame":{"x":426,"y":82,"w":27,"h":30},"sourceSize":{"w":27,"h":30},"spriteSourceSize":{"x":0,"y":0,"w":27,"h":30},"rotated":false,"trimmed":false},"ads_chups_ads_chups_64_a_0_2.png":{"frame":{"x":108,"y":2,"w":51,"h":110},"sourceSize":{"w":51,"h":110},"spriteSourceSize":{"x":0,"y":0,"w":51,"h":110},"rotated":false,"trimmed":false},"ads_chups_ads_chups_64_a_0_5.png":{"frame":{"x":267,"y":2,"w":51,"h":110},"sourceSize":{"w":51,"h":110},"spriteSourceSize":{"x":0,"y":0,"w":51,"h":110},"rotated":false,"trimmed":false},"ads_chups_ads_chups_64_a_0_4.png":{"frame":{"x":214,"y":2,"w":51,"h":110},"sourceSize":{"w":51,"h":110},"spriteSourceSize":{"x":0,"y":0,"w":51,"h":110},"rotated":false,"trimmed":false}}}