{"type":"furniture","name":"ads_chups","visualizationType":"furniture_animated","logicType":"furniture_multistate","spritesheet":"ads_chups_spritesheet.json","dimensions":{"x":1.0,"y":1.0,"z":1.0},"directions":[0],"assets":{"ads_chups_64_sd_0_0":{"x":17,"y":13},"ads_chups_64_a_0_0":{"x":25,"y":105},"ads_chups_icon_a":{"x":13,"y":15},"ads_chups_64_a_0_1":{"x":25,"y":105},"ads_chups_64_a_0_2":{"x":25,"y":105},"ads_chups_64_a_0_3":{"x":25,"y":105},"ads_chups_64_a_0_4":{"x":25,"y":105},"ads_chups_64_a_0_5":{"x":25,"y":105},"ads_chups_64_a_0_6":{"x":25,"y":105},"ads_chups_64_a_0_7":{"x":25,"y":105}},"visualization":{"layerCount":1,"angle":45,"directions":{"0":{}},"animations":{"0":{"layers":{"0":{"frameSequences":{"0":{"frames":{"0":{"id":0}}}}}}},"1":{"layers":{"0":{"loopCount":1,"frameRepeat":100,"random":1,"frameSequences":{"0":{"frames":{"0":{"id":1}}},"1":{"frames":{"0":{"id":2}}},"2":{"frames":{"0":{"id":3}}},"3":{"frames":{"0":{"id":4}}},"4":{"frames":{"0":{"id":5}}},"5":{"frames":{"0":{"id":6}}},"6":{"frames":{"0":{"id":7}}}}}}}}}}