{"meta":{"app":"FFConverter ~ Joopie","format":"RGBA8888","image":"ads_idol_desk.png","scale":"1.0","size":{"w":512,"h":128},"version":"1.0"},"frames":{"ads_idol_desk_ads_idol_desk_64_d_0_0.png":{"frame":{"x":235,"y":65,"w":72,"h":57},"sourceSize":{"w":72,"h":57},"spriteSourceSize":{"x":0,"y":0,"w":72,"h":57},"rotated":false,"trimmed":false},"ads_idol_desk_ads_idol_desk_64_sd_0_0.png":{"frame":{"x":2,"y":39,"w":163,"h":83},"sourceSize":{"w":163,"h":83},"spriteSourceSize":{"x":0,"y":0,"w":163,"h":83},"rotated":false,"trimmed":false},"ads_idol_desk_ads_idol_desk_64_c_0_0.png":{"frame":{"x":2,"y":2,"w":68,"h":35},"sourceSize":{"w":68,"h":35},"spriteSourceSize":{"x":0,"y":0,"w":68,"h":35},"rotated":false,"trimmed":false},"ads_idol_desk_ads_idol_desk_64_g_0_0.png":{"frame":{"x":447,"y":91,"w":62,"h":31},"sourceSize":{"w":62,"h":31},"spriteSourceSize":{"x":0,"y":0,"w":62,"h":31},"rotated":false,"trimmed":false},"ads_idol_desk_ads_idol_desk_64_a_0_0.png":{"frame":{"x":167,"y":58,"w":66,"h":64},"sourceSize":{"w":66,"h":64},"spriteSourceSize":{"x":0,"y":0,"w":66,"h":64},"rotated":false,"trimmed":false},"ads_idol_desk_ads_idol_desk_icon_a.png":{"frame":{"x":379,"y":67,"w":32,"h":20},"sourceSize":{"w":32,"h":20},"spriteSourceSize":{"x":0,"y":0,"w":32,"h":20},"rotated":false,"trimmed":false},"ads_idol_desk_ads_idol_desk_64_f_0_0.png":{"frame":{"x":379,"y":89,"w":66,"h":33},"sourceSize":{"w":66,"h":33},"spriteSourceSize":{"x":0,"y":0,"w":66,"h":33},"rotated":false,"trimmed":false},"ads_idol_desk_ads_idol_desk_64_e_0_0.png":{"frame":{"x":167,"y":25,"w":60,"h":31},"sourceSize":{"w":60,"h":31},"spriteSourceSize":{"x":0,"y":0,"w":60,"h":31},"rotated":false,"trimmed":false},"ads_idol_desk_ads_idol_desk_64_b_0_0.png":{"frame":{"x":309,"y":73,"w":68,"h":49},"sourceSize":{"w":68,"h":49},"spriteSourceSize":{"x":0,"y":0,"w":68,"h":49},"rotated":false,"trimmed":false},"ads_idol_desk_ads_idol_desk_64_h_0_0.png":{"frame":{"x":72,"y":5,"w":64,"h":32},"sourceSize":{"w":64,"h":32},"spriteSourceSize":{"x":0,"y":0,"w":64,"h":32},"rotated":false,"trimmed":false}}}