{"type":"furniture","name":"ads_idol_desk","visualizationType":"furniture_static","logicType":"furniture_basic","spritesheet":"ads_idol_desk_spritesheet.json","dimensions":{"x":1.0,"y":4.0,"z":1.2},"directions":[0,90],"assets":{"ads_idol_desk_64_sd_2_0":{"source":"ads_idol_desk_64_sd_0_0","x":130,"y":16,"flipH":true},"ads_idol_desk_64_b_0_0":{"x":67,"y":37},"ads_idol_desk_64_g_0_0":{"x":96,"y":19},"ads_idol_desk_icon_a":{"x":16,"y":10},"ads_idol_desk_64_sd_4_0":{"source":"ads_idol_desk_64_sd_0_0","x":130,"y":16,"flipH":true},"ads_idol_desk_64_b_2_0":{"source":"ads_idol_desk_64_b_0_0","x":67,"y":37,"flipH":true},"ads_idol_desk_64_sd_6_0":{"source":"ads_idol_desk_64_sd_0_0","x":130,"y":16},"ads_idol_desk_64_c_2_0":{"source":"ads_idol_desk_64_c_0_0","x":98,"y":20,"flipH":true},"ads_idol_desk_64_c_0_0":{"x":98,"y":20},"ads_idol_desk_64_e_2_0":{"source":"ads_idol_desk_64_e_0_0","x":30,"y":51,"flipH":true},"ads_idol_desk_64_sd_0_0":{"x":130,"y":16},"ads_idol_desk_64_e_0_0":{"x":30,"y":51},"ads_idol_desk_64_g_2_0":{"source":"ads_idol_desk_64_g_0_0","x":96,"y":19,"flipH":true},"ads_idol_desk_64_a_2_0":{"source":"ads_idol_desk_64_a_0_0","x":32,"y":53,"flipH":true},"ads_idol_desk_64_a_0_0":{"x":32,"y":53},"ads_idol_desk_64_h_0_0":{"x":128,"y":3},"ads_idol_desk_64_d_2_0":{"source":"ads_idol_desk_64_d_0_0","x":132,"y":4,"flipH":true},"ads_idol_desk_64_f_0_0":{"x":65,"y":36},"ads_idol_desk_64_h_2_0":{"source":"ads_idol_desk_64_h_0_0","x":128,"y":3,"flipH":true},"ads_idol_desk_64_d_0_0":{"x":132,"y":4},"ads_idol_desk_64_f_2_0":{"source":"ads_idol_desk_64_f_0_0","x":65,"y":36,"flipH":true}},"visualization":{"layerCount":8,"angle":45,"layers":{"4":{"alpha":153},"5":{"alpha":153},"6":{"alpha":153},"7":{"alpha":153}},"directions":{"0":{"layers":{"1":{"z":1000.0},"2":{"z":2000.0},"3":{"z":3000.0},"4":{"z":1.0},"5":{"z":1001.0},"6":{"z":2001.0},"7":{"z":3001.0}}},"2":{"layers":{"1":{"z":1000.0},"2":{"z":2000.0},"3":{"z":3000.0},"4":{"z":1.0},"5":{"z":1001.0},"6":{"z":2001.0},"7":{"z":3001.0}}}}}}