{"meta":{"app":"FFConverter ~ Joopie","format":"RGBA8888","image":"african_tree1.png","scale":"1.0","size":{"w":256,"h":256},"version":"1.0"},"frames":{"african_tree1_african_tree1_64_sd_0_0.png":{"frame":{"x":2,"y":2,"w":75,"h":39},"sourceSize":{"w":75,"h":39},"spriteSourceSize":{"x":0,"y":0,"w":75,"h":39},"rotated":false,"trimmed":false},"african_tree1_african_tree1_icon_a.png":{"frame":{"x":166,"y":172,"w":30,"h":29},"sourceSize":{"w":30,"h":29},"spriteSourceSize":{"x":0,"y":0,"w":30,"h":29},"rotated":false,"trimmed":false},"african_tree1_african_tree1_64_a_0_0.png":{"frame":{"x":2,"y":43,"w":162,"h":158},"sourceSize":{"w":162,"h":158},"spriteSourceSize":{"x":0,"y":0,"w":162,"h":158},"rotated":false,"trimmed":false}}}