{"type":"furniture","name":"african_tree1","visualizationType":"furniture_static","logicType":"furniture_basic","spritesheet":"african_tree1_spritesheet.json","dimensions":{"x":1.0,"y":1.0,"z":1.0},"directions":[0,90],"assets":{"african_tree1_64_a_2_0":{"source":"african_tree1_64_a_0_0","x":85,"y":150,"flipH":true},"african_tree1_64_a_0_0":{"x":85,"y":150},"african_tree1_64_sd_0_0":{"x":38,"y":18},"african_tree1_icon_a":{"x":14,"y":13},"african_tree1_64_sd_2_0":{"source":"african_tree1_64_sd_0_0","x":38,"y":18,"flipH":true}},"visualization":{"layerCount":1,"angle":45,"directions":{"0":{},"2":{}},"animations":{"0":{"layers":{"-1":{"frameSequences":{"0":{"frames":{"0":{"id":0}}}}},"0":{"frameSequences":{"0":{"frames":{"0":{"id":0}}}}}}}}}}