{"meta":{"app":"FFConverter ~ Joopie","format":"RGBA8888","image":"ads_mall_wintra.png","scale":"1.0","size":{"w":1024,"h":256},"version":"1.0"},"frames":{"ads_mall_wintra_ads_mall_wintra_64_c_2_0.png":{"frame":{"x":822,"y":106,"w":110,"h":130},"sourceSize":{"w":110,"h":130},"spriteSourceSize":{"x":0,"y":0,"w":110,"h":130},"rotated":false,"trimmed":false},"ads_mall_wintra_ads_mall_wintra_64_d_2_0.png":{"frame":{"x":2,"y":90,"w":120,"h":146},"sourceSize":{"w":120,"h":146},"spriteSourceSize":{"x":0,"y":0,"w":120,"h":146},"rotated":false,"trimmed":false},"ads_mall_wintra_ads_mall_wintra_64_a_2_0.png":{"frame":{"x":246,"y":92,"w":118,"h":144},"sourceSize":{"w":118,"h":144},"spriteSourceSize":{"x":0,"y":0,"w":118,"h":144},"rotated":false,"trimmed":false},"ads_mall_wintra_ads_mall_wintra_64_a_4_0.png":{"frame":{"x":366,"y":92,"w":118,"h":144},"sourceSize":{"w":118,"h":144},"spriteSourceSize":{"x":0,"y":0,"w":118,"h":144},"rotated":false,"trimmed":false},"ads_mall_wintra_ads_mall_wintra_64_d_4_0.png":{"frame":{"x":124,"y":90,"w":120,"h":146},"sourceSize":{"w":120,"h":146},"spriteSourceSize":{"x":0,"y":0,"w":120,"h":146},"rotated":false,"trimmed":false},"ads_mall_wintra_ads_mall_wintra_64_b_4_0.png":{"frame":{"x":710,"y":106,"w":110,"h":130},"sourceSize":{"w":110,"h":130},"spriteSourceSize":{"x":0,"y":0,"w":110,"h":130},"rotated":false,"trimmed":false},"ads_mall_wintra_ads_mall_wintra_64_e_2_0.png":{"frame":{"x":124,"y":2,"w":120,"h":86},"sourceSize":{"w":120,"h":86},"spriteSourceSize":{"x":0,"y":0,"w":120,"h":86},"rotated":false,"trimmed":false},"ads_mall_wintra_ads_mall_wintra_64_c_4_0.png":{"frame":{"x":598,"y":106,"w":110,"h":130},"sourceSize":{"w":110,"h":130},"spriteSourceSize":{"x":0,"y":0,"w":110,"h":130},"rotated":false,"trimmed":false},"ads_mall_wintra_ads_mall_wintra_64_e_4_0.png":{"frame":{"x":2,"y":2,"w":120,"h":86},"sourceSize":{"w":120,"h":86},"spriteSourceSize":{"x":0,"y":0,"w":120,"h":86},"rotated":false,"trimmed":false},"ads_mall_wintra_ads_mall_wintra_64_b_2_0.png":{"frame":{"x":486,"y":106,"w":110,"h":130},"sourceSize":{"w":110,"h":130},"spriteSourceSize":{"x":0,"y":0,"w":110,"h":130},"rotated":false,"trimmed":false},"ads_mall_wintra_ads_mall_wintra_icon_a.png":{"frame":{"x":246,"y":61,"w":27,"h":29},"sourceSize":{"w":27,"h":29},"spriteSourceSize":{"x":0,"y":0,"w":27,"h":29},"rotated":false,"trimmed":false}}}