{"type":"furniture","name":"ads_mad3","visualizationType":"furniture_static","logicType":"furniture_basic","spritesheet":"ads_mad3_spritesheet.json","dimensions":{"x":1.0,"y":1.0,"z":1.0},"directions":[90,180],"assets":{"ads_mad3_icon_a":{"x":14,"y":14},"ads_mad3_64_a_4_0":{"x":58,"y":167},"ads_mad3_64_sd_2_0":{"source":"ads_mad3_64_sd_4_0","x":30,"y":6},"ads_mad3_64_a_2_0":{"x":35,"y":167},"ads_mad3_64_sd_4_0":{"x":30,"y":6}},"visualization":{"layerCount":1,"angle":45,"directions":{"2":{},"4":{}}}}