{"meta":{"app":"FFConverter ~ Joopie","format":"RGBA8888","image":"ads_mad3.png","scale":"1.0","size":{"w":256,"h":256},"version":"1.0"},"frames":{"ads_mad3_ads_mad3_icon_a.png":{"frame":{"x":194,"y":167,"w":30,"h":30},"sourceSize":{"w":30,"h":30},"spriteSourceSize":{"x":0,"y":0,"w":30,"h":30},"rotated":false,"trimmed":false},"ads_mad3_ads_mad3_64_a_2_0.png":{"frame":{"x":98,"y":23,"w":94,"h":174},"sourceSize":{"w":94,"h":174},"spriteSourceSize":{"x":0,"y":0,"w":94,"h":174},"rotated":false,"trimmed":false},"ads_mad3_ads_mad3_64_a_4_0.png":{"frame":{"x":2,"y":23,"w":94,"h":174},"sourceSize":{"w":94,"h":174},"spriteSourceSize":{"x":0,"y":0,"w":94,"h":174},"rotated":false,"trimmed":false},"ads_mad3_ads_mad3_64_sd_4_0.png":{"frame":{"x":2,"y":2,"w":61,"h":19},"sourceSize":{"w":61,"h":19},"spriteSourceSize":{"x":0,"y":0,"w":61,"h":19},"rotated":false,"trimmed":false}}}