{"meta":{"app":"FFConverter ~ Joopie","format":"RGBA8888","image":"ads_mpu_160.png","scale":"1.0","size":{"w":512,"h":128},"version":"1.0"},"frames":{"ads_mpu_160_ads_mpu_160_64_a_4_0.png":{"frame":{"x":2,"y":2,"w":172,"h":123},"sourceSize":{"w":172,"h":123},"spriteSourceSize":{"x":0,"y":0,"w":172,"h":123},"rotated":false,"trimmed":false},"ads_mpu_160_ads_mpu_160_icon_a.png":{"frame":{"x":338,"y":101,"w":28,"h":24},"sourceSize":{"w":28,"h":24},"spriteSourceSize":{"x":0,"y":0,"w":28,"h":24},"rotated":false,"trimmed":false},"ads_mpu_160_ads_mpu_160_64_b_4_0.png":{"frame":{"x":176,"y":15,"w":160,"h":110},"sourceSize":{"w":160,"h":110},"spriteSourceSize":{"x":0,"y":0,"w":160,"h":110},"rotated":false,"trimmed":false}}}