{"type":"furniture","name":"ads_mpu_160","visualizationType":"furniture_bb","logicType":"furniture_bb","spritesheet":"ads_mpu_160_spritesheet.json","dimensions":{"x":1.0,"y":1.0,"z":0.0},"directions":[180],"assets":{"ads_mpu_160_64_a_4_0":{"x":85,"y":226},"ads_mpu_160_icon_a":{"x":14,"y":12},"ads_mpu_160_64_b_4_0":{"x":0,"y":0}},"visualization":{"layerCount":2,"angle":45,"layers":{"0":{"x":0,"y":0},"1":{"x":-79,"y":-220,"tag":"branded_image"}},"directions":{"4":{}},"animations":{"0":{"layers":{"0":{"frameSequences":{"0":{"frames":{"0":{"id":0}}}}},"1":{"frameSequences":{"0":{"frames":{"0":{"id":0}}}}}}}}}}