{"meta":{"app":"FFConverter ~ Joopie","format":"RGBA8888","image":"africa15_meerkat.png","scale":"1.0","size":{"w":512,"h":64},"version":"1.0"},"frames":{"africa15_meerkat_africa15_meerkat_64_c_0_3.png":{"frame":{"x":488,"y":49,"w":11,"h":13},"sourceSize":{"w":11,"h":13},"spriteSourceSize":{"x":0,"y":0,"w":11,"h":13},"rotated":false,"trimmed":false},"africa15_meerkat_africa15_meerkat_64_b_0_8.png":{"frame":{"x":399,"y":43,"w":16,"h":19},"sourceSize":{"w":16,"h":19},"spriteSourceSize":{"x":0,"y":0,"w":16,"h":19},"rotated":false,"trimmed":false},"africa15_meerkat_africa15_meerkat_64_d_0_3.png":{"frame":{"x":433,"y":47,"w":10,"h":15},"sourceSize":{"w":10,"h":15},"spriteSourceSize":{"x":0,"y":0,"w":10,"h":15},"rotated":false,"trimmed":false},"africa15_meerkat_africa15_meerkat_64_b_0_18.png":{"frame":{"x":165,"y":25,"w":21,"h":37},"sourceSize":{"w":21,"h":37},"spriteSourceSize":{"x":0,"y":0,"w":21,"h":37},"rotated":false,"trimmed":false},"africa15_meerkat_africa15_meerkat_64_b_0_19.png":{"frame":{"x":188,"y":25,"w":21,"h":37},"sourceSize":{"w":21,"h":37},"spriteSourceSize":{"x":0,"y":0,"w":21,"h":37},"rotated":false,"trimmed":false},"africa15_meerkat_africa15_meerkat_64_b_0_13.png":{"frame":{"x":278,"y":27,"w":16,"h":35},"sourceSize":{"w":16,"h":35},"spriteSourceSize":{"x":0,"y":0,"w":16,"h":35},"rotated":false,"trimmed":false},"africa15_meerkat_africa15_meerkat_64_b_0_4.png":{"frame":{"x":318,"y":41,"w":19,"h":21},"sourceSize":{"w":19,"h":21},"spriteSourceSize":{"x":0,"y":0,"w":19,"h":21},"rotated":false,"trimmed":false},"africa15_meerkat_africa15_meerkat_64_b_0_15.png":{"frame":{"x":256,"y":27,"w":20,"h":35},"sourceSize":{"w":20,"h":35},"spriteSourceSize":{"x":0,"y":0,"w":20,"h":35},"rotated":false,"trimmed":false},"africa15_meerkat_africa15_meerkat_64_c_0_4.png":{"frame":{"x":462,"y":50,"w":11,"h":12},"sourceSize":{"w":11,"h":12},"spriteSourceSize":{"x":0,"y":0,"w":11,"h":12},"rotated":false,"trimmed":false},"africa15_meerkat_africa15_meerkat_64_d_0_4.png":{"frame":{"x":79,"y":35,"w":11,"h":14},"sourceSize":{"w":11,"h":14},"spriteSourceSize":{"x":0,"y":0,"w":11,"h":14},"rotated":false,"trimmed":false},"africa15_meerkat_africa15_meerkat_icon_a.png":{"frame":{"x":20,"y":12,"w":23,"h":24},"sourceSize":{"w":23,"h":24},"spriteSourceSize":{"x":0,"y":0,"w":23,"h":24},"rotated":false,"trimmed":false},"africa15_meerkat_africa15_meerkat_64_b_0_9.png":{"frame":{"x":52,"y":30,"w":25,"h":19},"sourceSize":{"w":25,"h":19},"spriteSourceSize":{"x":0,"y":0,"w":25,"h":19},"rotated":false,"trimmed":false},"africa15_meerkat_africa15_meerkat_64_b_0_5.png":{"frame":{"x":360,"y":41,"w":19,"h":21},"sourceSize":{"w":19,"h":21},"spriteSourceSize":{"x":0,"y":0,"w":19,"h":21},"rotated":false,"trimmed":false},"africa15_meerkat_africa15_meerkat_64_b_0_14.png":{"frame":{"x":233,"y":27,"w":21,"h":35},"sourceSize":{"w":21,"h":35},"spriteSourceSize":{"x":0,"y":0,"w":21,"h":35},"rotated":false,"trimmed":false},"africa15_meerkat_africa15_meerkat_64_b_0_1.png":{"frame":{"x":445,"y":53,"w":15,"h":9},"sourceSize":{"w":15,"h":9},"spriteSourceSize":{"x":0,"y":0,"w":15,"h":9},"rotated":false,"trimmed":false},"africa15_meerkat_africa15_meerkat_64_b_0_10.png":{"frame":{"x":417,"y":47,"w":14,"h":15},"sourceSize":{"w":14,"h":15},"spriteSourceSize":{"x":0,"y":0,"w":14,"h":15},"rotated":false,"trimmed":false},"africa15_meerkat_africa15_meerkat_64_b_0_16.png":{"frame":{"x":117,"y":25,"w":22,"h":37},"sourceSize":{"w":22,"h":37},"spriteSourceSize":{"x":0,"y":0,"w":22,"h":37},"rotated":false,"trimmed":false},"africa15_meerkat_africa15_meerkat_64_e_0_0.png":{"frame":{"x":52,"y":51,"w":39,"h":11},"sourceSize":{"w":39,"h":11},"spriteSourceSize":{"x":0,"y":0,"w":39,"h":11},"rotated":false,"trimmed":false},"africa15_meerkat_africa15_meerkat_64_c_0_1.png":{"frame":{"x":501,"y":56,"w":9,"h":6},"sourceSize":{"w":9,"h":6},"spriteSourceSize":{"x":0,"y":0,"w":9,"h":6},"rotated":false,"trimmed":false},"africa15_meerkat_africa15_meerkat_64_b_0_0.png":{"frame":{"x":399,"y":40,"w":1,"h":1},"sourceSize":{"w":1,"h":1},"spriteSourceSize":{"x":0,"y":0,"w":1,"h":1},"rotated":false,"trimmed":false},"africa15_meerkat_africa15_meerkat_64_d_0_1.png":{"frame":{"x":20,"y":2,"w":10,"h":8},"sourceSize":{"w":10,"h":8},"spriteSourceSize":{"x":0,"y":0,"w":10,"h":8},"rotated":false,"trimmed":false},"africa15_meerkat_africa15_meerkat_64_b_0_20.png":{"frame":{"x":93,"y":25,"w":22,"h":37},"sourceSize":{"w":22,"h":37},"spriteSourceSize":{"x":0,"y":0,"w":22,"h":37},"rotated":false,"trimmed":false},"africa15_meerkat_africa15_meerkat_64_a_0_0.png":{"frame":{"x":2,"y":38,"w":48,"h":24},"sourceSize":{"w":48,"h":24},"spriteSourceSize":{"x":0,"y":0,"w":48,"h":24},"rotated":false,"trimmed":false},"africa15_meerkat_africa15_meerkat_64_b_0_6.png":{"frame":{"x":296,"y":40,"w":20,"h":22},"sourceSize":{"w":20,"h":22},"spriteSourceSize":{"x":0,"y":0,"w":20,"h":22},"rotated":false,"trimmed":false},"africa15_meerkat_africa15_meerkat_64_b_0_11.png":{"frame":{"x":381,"y":37,"w":16,"h":25},"sourceSize":{"w":16,"h":25},"spriteSourceSize":{"x":0,"y":0,"w":16,"h":25},"rotated":false,"trimmed":false},"africa15_meerkat_africa15_meerkat_64_b_0_2.png":{"frame":{"x":296,"y":29,"w":15,"h":9},"sourceSize":{"w":15,"h":9},"spriteSourceSize":{"x":0,"y":0,"w":15,"h":9},"rotated":false,"trimmed":false},"africa15_meerkat_africa15_meerkat_64_b_0_7.png":{"frame":{"x":57,"y":15,"w":10,"h":13},"sourceSize":{"w":10,"h":13},"spriteSourceSize":{"x":0,"y":0,"w":10,"h":13},"rotated":false,"trimmed":false},"africa15_meerkat_africa15_meerkat_64_c_0_2.png":{"frame":{"x":475,"y":50,"w":11,"h":12},"sourceSize":{"w":11,"h":12},"spriteSourceSize":{"x":0,"y":0,"w":11,"h":12},"rotated":false,"trimmed":false},"africa15_meerkat_africa15_meerkat_64_b_0_17.png":{"frame":{"x":141,"y":25,"w":22,"h":37},"sourceSize":{"w":22,"h":37},"spriteSourceSize":{"x":0,"y":0,"w":22,"h":37},"rotated":false,"trimmed":false},"africa15_meerkat_africa15_meerkat_64_d_0_2.png":{"frame":{"x":45,"y":14,"w":10,"h":14},"sourceSize":{"w":10,"h":14},"spriteSourceSize":{"x":0,"y":0,"w":10,"h":14},"rotated":false,"trimmed":false},"africa15_meerkat_africa15_meerkat_64_b_0_21.png":{"frame":{"x":211,"y":25,"w":20,"h":37},"sourceSize":{"w":20,"h":37},"spriteSourceSize":{"x":0,"y":0,"w":20,"h":37},"rotated":false,"trimmed":false},"africa15_meerkat_africa15_meerkat_64_b_0_12.png":{"frame":{"x":2,"y":2,"w":16,"h":34},"sourceSize":{"w":16,"h":34},"spriteSourceSize":{"x":0,"y":0,"w":16,"h":34},"rotated":false,"trimmed":false},"africa15_meerkat_africa15_meerkat_64_b_0_3.png":{"frame":{"x":339,"y":41,"w":19,"h":21},"sourceSize":{"w":19,"h":21},"spriteSourceSize":{"x":0,"y":0,"w":19,"h":21},"rotated":false,"trimmed":false}}}