{"type":"furniture","name":"africa15_meerkat","visualizationType":"furniture_animated","logicType":"furniture_multistate","spritesheet":"africa15_meerkat_spritesheet.json","dimensions":{"x":1.0,"y":1.0,"z":0.001},"directions":[0,270],"assets":{"africa15_meerkat_64_b_6_17":{"source":"africa15_meerkat_64_b_0_17","x":12,"y":37,"flipH":true},"africa15_meerkat_64_d_6_4":{"source":"africa15_meerkat_64_d_0_4","x":1,"y":14,"flipH":true},"africa15_meerkat_64_b_6_18":{"source":"africa15_meerkat_64_b_0_18","x":10,"y":37,"flipH":true},"africa15_meerkat_64_b_6_15":{"source":"africa15_meerkat_64_b_0_15","x":7,"y":35,"flipH":true},"africa15_meerkat_64_d_6_2":{"source":"africa15_meerkat_64_d_0_2","x":1,"y":14,"flipH":true},"africa15_meerkat_64_c_0_0":{"source":"africa15_meerkat_64_b_0_0","x":-5,"y":0},"africa15_meerkat_64_b_6_16":{"source":"africa15_meerkat_64_b_0_16","x":12,"y":37,"flipH":true},"africa15_meerkat_64_d_6_3":{"source":"africa15_meerkat_64_d_0_3","x":1,"y":15,"flipH":true},"africa15_meerkat_64_c_0_1":{"x":7,"y":6},"africa15_meerkat_64_b_6_13":{"source":"africa15_meerkat_64_b_0_13","x":7,"y":35,"flipH":true},"africa15_meerkat_64_d_6_0":{"source":"africa15_meerkat_64_b_0_0","x":-5,"y":0,"flipH":true},"africa15_meerkat_64_c_0_2":{"x":9,"y":12},"africa15_meerkat_64_b_6_14":{"source":"africa15_meerkat_64_b_0_14","x":12,"y":35,"flipH":true},"africa15_meerkat_64_d_6_1":{"source":"africa15_meerkat_64_d_0_1","x":1,"y":8,"flipH":true},"africa15_meerkat_64_c_0_3":{"x":9,"y":13},"africa15_meerkat_64_d_0_4":{"x":1,"y":14},"africa15_meerkat_64_b_6_11":{"source":"africa15_meerkat_64_b_0_11","x":7,"y":25,"flipH":true},"africa15_meerkat_64_c_0_4":{"x":8,"y":12},"africa15_meerkat_64_b_6_12":{"source":"africa15_meerkat_64_b_0_12","x":7,"y":34,"flipH":true},"africa15_meerkat_64_b_6_19":{"source":"africa15_meerkat_64_b_0_19","x":10,"y":37,"flipH":true},"africa15_meerkat_64_d_0_2":{"x":1,"y":14},"africa15_meerkat_64_b_6_20":{"source":"africa15_meerkat_64_b_0_20","x":12,"y":37,"flipH":true},"africa15_meerkat_64_d_0_3":{"x":1,"y":15},"africa15_meerkat_64_b_6_21":{"source":"africa15_meerkat_64_b_0_21","x":10,"y":37,"flipH":true},"africa15_meerkat_64_c_6_0":{"source":"africa15_meerkat_64_b_0_0","x":-5,"y":0,"flipH":true},"africa15_meerkat_64_d_0_0":{"source":"africa15_meerkat_64_b_0_0","x":-5,"y":0},"africa15_meerkat_64_c_6_1":{"source":"africa15_meerkat_64_c_0_1","x":7,"y":6,"flipH":true},"africa15_meerkat_64_d_0_1":{"x":1,"y":8},"africa15_meerkat_64_c_6_2":{"source":"africa15_meerkat_64_c_0_2","x":9,"y":12,"flipH":true},"africa15_meerkat_64_c_6_3":{"source":"africa15_meerkat_64_c_0_3","x":9,"y":13,"flipH":true},"africa15_meerkat_64_c_6_4":{"source":"africa15_meerkat_64_c_0_4","x":8,"y":12,"flipH":true},"africa15_meerkat_64_e_0_0":{"x":19,"y":3},"africa15_meerkat_64_e_6_0":{"source":"africa15_meerkat_64_e_0_0","x":19,"y":3,"flipH":true},"africa15_meerkat_icon_a":{"x":10,"y":11},"africa15_meerkat_64_b_0_12":{"x":7,"y":34},"africa15_meerkat_64_b_0_11":{"x":7,"y":25},"africa15_meerkat_64_b_0_10":{"x":6,"y":15},"africa15_meerkat_64_b_0_16":{"x":12,"y":37},"africa15_meerkat_64_b_0_15":{"x":7,"y":35},"africa15_meerkat_64_b_0_14":{"x":12,"y":35},"africa15_meerkat_64_b_0_13":{"x":7,"y":35},"africa15_meerkat_64_b_0_19":{"x":10,"y":37},"africa15_meerkat_64_b_0_18":{"x":10,"y":37},"africa15_meerkat_64_b_0_17":{"x":12,"y":37},"africa15_meerkat_64_a_0_0":{"x":23,"y":12},"africa15_meerkat_64_b_6_8":{"source":"africa15_meerkat_64_b_0_8","x":6,"y":19,"flipH":true},"africa15_meerkat_64_b_6_9":{"source":"africa15_meerkat_64_b_0_9","x":17,"y":19,"flipH":true},"africa15_meerkat_64_a_6_0":{"source":"africa15_meerkat_64_a_0_0","x":23,"y":12,"flipH":true},"africa15_meerkat_64_b_0_21":{"x":10,"y":37},"africa15_meerkat_64_b_0_20":{"x":12,"y":37},"africa15_meerkat_64_b_0_7":{"x":4,"y":13},"africa15_meerkat_64_b_6_2":{"source":"africa15_meerkat_64_b_0_2","x":7,"y":9,"flipH":true},"africa15_meerkat_64_b_0_6":{"x":10,"y":22},"africa15_meerkat_64_b_6_3":{"source":"africa15_meerkat_64_b_0_3","x":10,"y":21,"flipH":true},"africa15_meerkat_64_b_0_9":{"x":17,"y":19},"africa15_meerkat_64_b_6_0":{"source":"africa15_meerkat_64_b_0_0","x":-5,"y":0,"flipH":true},"africa15_meerkat_64_b_0_8":{"x":6,"y":19},"africa15_meerkat_64_b_6_1":{"source":"africa15_meerkat_64_b_0_1","x":7,"y":9,"flipH":true},"africa15_meerkat_64_b_6_6":{"source":"africa15_meerkat_64_b_0_6","x":10,"y":22,"flipH":true},"africa15_meerkat_64_b_6_7":{"source":"africa15_meerkat_64_b_0_7","x":4,"y":13,"flipH":true},"africa15_meerkat_64_b_6_4":{"source":"africa15_meerkat_64_b_0_4","x":7,"y":21,"flipH":true},"africa15_meerkat_64_b_6_5":{"source":"africa15_meerkat_64_b_0_5","x":10,"y":21,"flipH":true},"africa15_meerkat_64_b_0_1":{"x":7,"y":9},"africa15_meerkat_64_b_0_0":{"x":-5,"y":0},"africa15_meerkat_64_b_0_3":{"x":10,"y":21},"africa15_meerkat_64_b_0_2":{"x":7,"y":9},"africa15_meerkat_64_b_0_5":{"x":10,"y":21},"africa15_meerkat_64_b_0_4":{"x":7,"y":21},"africa15_meerkat_64_b_6_10":{"source":"africa15_meerkat_64_b_0_10","x":6,"y":15,"flipH":true}},"visualization":{"layerCount":6,"angle":45,"layers":{"0":{},"1":{"z":100.0},"2":{"z":150.0},"3":{"z":150.0},"4":{},"5":{"z":200.0}},"directions":{"0":{},"6":{}},"animations":{"0":{"layers":{"0":{"frameSequences":{"0":{"frames":{"0":{"id":0}}}}},"1":{"loopCount":0,"frameRepeat":2,"random":1,"frameSequences":{"0":{"frames":{"0":{"id":1},"1":{"id":5},"2":{"id":3},"3":{"id":6},"4":{"id":6},"5":{"id":6},"6":{"id":6},"7":{"id":6},"8":{"id":6},"9":{"id":3},"10":{"id":3},"11":{"id":3},"12":{"id":3},"13":{"id":1},"14":{"id":0},"15":{"id":0},"16":{"id":0},"17":{"id":0},"18":{"id":0},"19":{"id":0},"20":{"id":0},"21":{"id":0},"22":{"id":0},"23":{"id":0},"24":{"id":0},"25":{"id":0},"26":{"id":0},"27":{"id":0},"28":{"id":0},"29":{"id":0},"30":{"id":0},"31":{"id":0},"32":{"id":0},"33":{"id":0},"34":{"id":0},"35":{"id":0},"36":{"id":0},"37":{"id":0},"38":{"id":0},"39":{"id":0},"40":{"id":0},"41":{"id":0},"42":{"id":0},"43":{"id":0},"44":{"id":0},"45":{"id":0},"46":{"id":0},"47":{"id":0},"48":{"id":0},"49":{"id":0},"50":{"id":0},"51":{"id":0},"52":{"id":0},"53":{"id":0},"54":{"id":0},"55":{"id":0},"56":{"id":0},"57":{"id":0},"58":{"id":0},"59":{"id":0},"60":{"id":0},"61":{"id":0},"62":{"id":0},"63":{"id":0},"64":{"id":0},"65":{"id":0},"66":{"id":0},"67":{"id":0},"68":{"id":0},"69":{"id":0},"70":{"id":0},"71":{"id":0},"72":{"id":0},"73":{"id":0},"74":{"id":0},"75":{"id":0},"76":{"id":0},"77":{"id":0},"78":{"id":0},"79":{"id":0},"80":{"id":0},"81":{"id":0},"82":{"id":0},"83":{"id":0},"84":{"id":0},"85":{"id":0},"86":{"id":0},"87":{"id":0},"88":{"id":0},"89":{"id":0},"90":{"id":0},"91":{"id":0},"92":{"id":0},"93":{"id":0},"94":{"id":0},"95":{"id":0},"96":{"id":0},"97":{"id":0},"98":{"id":0},"99":{"id":0},"100":{"id":0},"101":{"id":0}}},"1":{"frames":{"0":{"id":7},"1":{"id":8},"2":{"id":9},"3":{"id":8},"4":{"id":9},"5":{"id":8},"6":{"id":9},"7":{"id":8},"8":{"id":9},"9":{"id":8},"10":{"id":9},"11":{"id":8},"12":{"id":9},"13":{"id":8},"14":{"id":9},"15":{"id":8},"16":{"id":9},"17":{"id":8},"18":{"id":9},"19":{"id":8},"20":{"id":9},"21":{"id":8},"22":{"id":9},"23":{"id":8},"24":{"id":9},"25":{"id":8},"26":{"id":9},"27":{"id":8},"28":{"id":9},"29":{"id":8},"30":{"id":9},"31":{"id":8},"32":{"id":9},"33":{"id":8},"34":{"id":9},"35":{"id":8},"36":{"id":9},"37":{"id":8},"38":{"id":9},"39":{"id":7},"40":{"id":0},"41":{"id":0},"42":{"id":0},"43":{"id":0},"44":{"id":0},"45":{"id":0},"46":{"id":0},"47":{"id":0},"48":{"id":0},"49":{"id":0},"50":{"id":0},"51":{"id":0},"52":{"id":0},"53":{"id":0},"54":{"id":0},"55":{"id":0},"56":{"id":0},"57":{"id":0},"58":{"id":0},"59":{"id":0},"60":{"id":0},"61":{"id":0},"62":{"id":0},"63":{"id":0},"64":{"id":0},"65":{"id":0},"66":{"id":0},"67":{"id":0},"68":{"id":0},"69":{"id":0},"70":{"id":0},"71":{"id":0},"72":{"id":0},"73":{"id":0},"74":{"id":0},"75":{"id":0},"76":{"id":0},"77":{"id":0},"78":{"id":0},"79":{"id":0},"80":{"id":0},"81":{"id":0},"82":{"id":0},"83":{"id":0},"84":{"id":0},"85":{"id":0},"86":{"id":0},"87":{"id":0},"88":{"id":0},"89":{"id":0},"90":{"id":0},"91":{"id":0},"92":{"id":0},"93":{"id":0},"94":{"id":0},"95":{"id":0},"96":{"id":0},"97":{"id":0},"98":{"id":0},"99":{"id":0},"100":{"id":0},"101":{"id":0},"102":{"id":0},"103":{"id":0},"104":{"id":0},"105":{"id":0},"106":{"id":0},"107":{"id":0},"108":{"id":0},"109":{"id":0},"110":{"id":0},"111":{"id":0},"112":{"id":0},"113":{"id":0},"114":{"id":0},"115":{"id":0},"116":{"id":0},"117":{"id":0},"118":{"id":0},"119":{"id":0},"120":{"id":0},"121":{"id":0},"122":{"id":0},"123":{"id":0},"124":{"id":0},"125":{"id":0},"126":{"id":0},"127":{"id":0},"128":{"id":0}}},"2":{"frames":{"0":{"id":1},"1":{"id":3},"2":{"id":6},"3":{"id":16},"4":{"id":17},"5":{"id":16},"6":{"id":16},"7":{"id":16},"8":{"id":16},"9":{"id":16},"10":{"id":16},"11":{"id":16},"12":{"id":16},"13":{"id":16},"14":{"id":16},"15":{"id":16},"16":{"id":16},"17":{"id":20},"18":{"id":20},"19":{"id":20},"20":{"id":20},"21":{"id":20},"22":{"id":20},"23":{"id":20},"24":{"id":21},"25":{"id":21},"26":{"id":18},"27":{"id":18},"28":{"id":18},"29":{"id":18},"30":{"id":18},"31":{"id":18},"32":{"id":18},"33":{"id":18},"34":{"id":18},"35":{"id":21},"36":{"id":21},"37":{"id":4},"38":{"id":2},"39":{"id":0},"40":{"id":0},"41":{"id":0},"42":{"id":0},"43":{"id":0},"44":{"id":0},"45":{"id":0},"46":{"id":0},"47":{"id":0},"48":{"id":0},"49":{"id":0}}},"3":{"frames":{"0":{"id":0},"1":{"id":0},"2":{"id":0},"3":{"id":0},"4":{"id":0},"5":{"id":0},"6":{"id":0},"7":{"id":0},"8":{"id":0},"9":{"id":0},"10":{"id":0},"11":{"id":0},"12":{"id":0},"13":{"id":0},"14":{"id":0},"15":{"id":0},"16":{"id":0},"17":{"id":0},"18":{"id":0},"19":{"id":0},"20":{"id":0},"21":{"id":0},"22":{"id":0},"23":{"id":0},"24":{"id":0},"25":{"id":0},"26":{"id":0},"27":{"id":0},"28":{"id":0},"29":{"id":0},"30":{"id":0},"31":{"id":0},"32":{"id":0},"33":{"id":0},"34":{"id":0},"35":{"id":0},"36":{"id":0},"37":{"id":0},"38":{"id":0},"39":{"id":0},"40":{"id":0},"41":{"id":0},"42":{"id":0},"43":{"id":0},"44":{"id":0},"45":{"id":0},"46":{"id":0},"47":{"id":0},"48":{"id":0},"49":{"id":0},"50":{"id":0},"51":{"id":0},"52":{"id":0},"53":{"id":0},"54":{"id":0},"55":{"id":0},"56":{"id":0},"57":{"id":0},"58":{"id":0},"59":{"id":0},"60":{"id":0},"61":{"id":0},"62":{"id":0},"63":{"id":0},"64":{"id":0},"65":{"id":0},"66":{"id":0},"67":{"id":0},"68":{"id":0},"69":{"id":0},"70":{"id":0},"71":{"id":0},"72":{"id":0},"73":{"id":0},"74":{"id":0},"75":{"id":0},"76":{"id":0},"77":{"id":0},"78":{"id":0},"79":{"id":0},"80":{"id":0},"81":{"id":0},"82":{"id":0},"83":{"id":0},"84":{"id":0},"85":{"id":0},"86":{"id":0},"87":{"id":0},"88":{"id":0},"89":{"id":0},"90":{"id":0},"91":{"id":0},"92":{"id":0},"93":{"id":0},"94":{"id":0},"95":{"id":0},"96":{"id":0},"97":{"id":0},"98":{"id":0},"99":{"id":0},"100":{"id":0},"101":{"id":0},"102":{"id":0},"103":{"id":0},"104":{"id":0},"105":{"id":0},"106":{"id":0},"107":{"id":0},"108":{"id":0},"109":{"id":0},"110":{"id":0},"111":{"id":0},"112":{"id":0},"113":{"id":0},"114":{"id":0},"115":{"id":0},"116":{"id":0},"117":{"id":0},"118":{"id":0},"119":{"id":0},"120":{"id":0},"121":{"id":0}}},"4":{"frames":{"0":{"id":2},"1":{"id":4},"2":{"id":4},"3":{"id":4},"4":{"id":4},"5":{"id":4},"6":{"id":4},"7":{"id":4},"8":{"id":4},"9":{"id":4},"10":{"id":5},"11":{"id":5},"12":{"id":5},"13":{"id":5},"14":{"id":5},"15":{"id":5},"16":{"id":3},"17":{"id":3},"18":{"id":3},"19":{"id":3},"20":{"id":3},"21":{"id":3},"22":{"id":6},"23":{"id":6},"24":{"id":6},"25":{"id":6},"26":{"id":6},"27":{"id":6},"28":{"id":6},"29":{"id":6},"30":{"id":6},"31":{"id":6},"32":{"id":6},"33":{"id":3},"34":{"id":3},"35":{"id":3},"36":{"id":3},"37":{"id":3},"38":{"id":1},"39":{"id":0},"40":{"id":0},"41":{"id":0},"42":{"id":0},"43":{"id":0},"44":{"id":0},"45":{"id":0},"46":{"id":0},"47":{"id":0},"48":{"id":0},"49":{"id":0},"50":{"id":0},"51":{"id":0},"52":{"id":0},"53":{"id":0},"54":{"id":0},"55":{"id":0},"56":{"id":0},"57":{"id":0},"58":{"id":0},"59":{"id":0},"60":{"id":0},"61":{"id":0},"62":{"id":0},"63":{"id":0},"64":{"id":0},"65":{"id":0},"66":{"id":0},"67":{"id":0},"68":{"id":0},"69":{"id":0},"70":{"id":0},"71":{"id":0},"72":{"id":0},"73":{"id":0},"74":{"id":0},"75":{"id":0},"76":{"id":0},"77":{"id":0},"78":{"id":0},"79":{"id":0},"80":{"id":0},"81":{"id":0},"82":{"id":0},"83":{"id":0},"84":{"id":0},"85":{"id":0},"86":{"id":0},"87":{"id":0},"88":{"id":0},"89":{"id":0},"90":{"id":0},"91":{"id":0},"92":{"id":0},"93":{"id":0},"94":{"id":0},"95":{"id":0},"96":{"id":0},"97":{"id":0},"98":{"id":0},"99":{"id":0},"100":{"id":0},"101":{"id":0},"102":{"id":0},"103":{"id":0},"104":{"id":0},"105":{"id":0},"106":{"id":0},"107":{"id":0},"108":{"id":0},"109":{"id":0},"110":{"id":0},"111":{"id":0},"112":{"id":0},"113":{"id":0},"114":{"id":0},"115":{"id":0},"116":{"id":0},"117":{"id":0},"118":{"id":0},"119":{"id":0},"120":{"id":0},"121":{"id":0},"122":{"id":0},"123":{"id":0},"124":{"id":0},"125":{"id":0},"126":{"id":0},"127":{"id":0},"128":{"id":0},"129":{"id":0},"130":{"id":0},"131":{"id":0},"132":{"id":0},"133":{"id":0},"134":{"id":0},"135":{"id":0},"136":{"id":0},"137":{"id":0},"138":{"id":0},"139":{"id":0},"140":{"id":0},"141":{"id":0},"142":{"id":0},"143":{"id":0}}},"5":{"frames":{"0":{"id":10},"1":{"id":11},"2":{"id":13},"3":{"id":12},"4":{"id":12},"5":{"id":12},"6":{"id":12},"7":{"id":12},"8":{"id":12},"9":{"id":12},"10":{"id":12},"11":{"id":12},"12":{"id":12},"13":{"id":12},"14":{"id":14},"15":{"id":14},"16":{"id":14},"17":{"id":14},"18":{"id":14},"19":{"id":14},"20":{"id":14},"21":{"id":14},"22":{"id":14},"23":{"id":14},"24":{"id":14},"25":{"id":14},"26":{"id":14},"27":{"id":14},"28":{"id":14},"29":{"id":14},"30":{"id":12},"31":{"id":12},"32":{"id":15},"33":{"id":15},"34":{"id":15},"35":{"id":15},"36":{"id":15},"37":{"id":15},"38":{"id":15},"39":{"id":15},"40":{"id":15},"41":{"id":15},"42":{"id":15},"43":{"id":15},"44":{"id":15},"45":{"id":15},"46":{"id":15},"47":{"id":15},"48":{"id":12},"49":{"id":11},"50":{"id":10},"51":{"id":0},"52":{"id":0},"53":{"id":0},"54":{"id":0},"55":{"id":0},"56":{"id":0},"57":{"id":0},"58":{"id":0},"59":{"id":0},"60":{"id":0},"61":{"id":0},"62":{"id":0},"63":{"id":0},"64":{"id":0},"65":{"id":0},"66":{"id":0},"67":{"id":0},"68":{"id":0},"69":{"id":0},"70":{"id":0},"71":{"id":0},"72":{"id":0},"73":{"id":0},"74":{"id":0},"75":{"id":0},"76":{"id":0},"77":{"id":0},"78":{"id":0},"79":{"id":0},"80":{"id":0},"81":{"id":0},"82":{"id":0},"83":{"id":0},"84":{"id":0},"85":{"id":0},"86":{"id":0},"87":{"id":0},"88":{"id":0},"89":{"id":0},"90":{"id":0},"91":{"id":0},"92":{"id":0},"93":{"id":0},"94":{"id":0},"95":{"id":0},"96":{"id":0},"97":{"id":0},"98":{"id":0},"99":{"id":0},"100":{"id":0},"101":{"id":0},"102":{"id":0},"103":{"id":0},"104":{"id":0},"105":{"id":0},"106":{"id":0},"107":{"id":0},"108":{"id":0},"109":{"id":0},"110":{"id":0},"111":{"id":0},"112":{"id":0},"113":{"id":0},"114":{"id":0},"115":{"id":0},"116":{"id":0},"117":{"id":0},"118":{"id":0},"119":{"id":0},"120":{"id":0},"121":{"id":0},"122":{"id":0},"123":{"id":0},"124":{"id":0},"125":{"id":0},"126":{"id":0},"127":{"id":0},"128":{"id":0},"129":{"id":0},"130":{"id":0},"131":{"id":0},"132":{"id":0},"133":{"id":0},"134":{"id":0},"135":{"id":0},"136":{"id":0},"137":{"id":0},"138":{"id":0},"139":{"id":0},"140":{"id":0},"141":{"id":0},"142":{"id":0},"143":{"id":0},"144":{"id":0},"145":{"id":0},"146":{"id":0},"147":{"id":0},"148":{"id":0},"149":{"id":0},"150":{"id":0},"151":{"id":0},"152":{"id":0},"153":{"id":0},"154":{"id":0},"155":{"id":0},"156":{"id":0},"157":{"id":0},"158":{"id":0},"159":{"id":0},"160":{"id":0},"161":{"id":0},"162":{"id":0},"163":{"id":0},"164":{"id":0},"165":{"id":0},"166":{"id":0},"167":{"id":0},"168":{"id":0},"169":{"id":0},"170":{"id":0},"171":{"id":0},"172":{"id":0},"173":{"id":0},"174":{"id":0},"175":{"id":0},"176":{"id":0},"177":{"id":0},"178":{"id":0},"179":{"id":0},"180":{"id":0},"181":{"id":0},"182":{"id":0},"183":{"id":0},"184":{"id":0},"185":{"id":0},"186":{"id":0},"187":{"id":0},"188":{"id":0},"189":{"id":0},"190":{"id":0},"191":{"id":0},"192":{"id":0},"193":{"id":0},"194":{"id":0},"195":{"id":0},"196":{"id":0},"197":{"id":0},"198":{"id":0},"199":{"id":0},"200":{"id":0},"201":{"id":0},"202":{"id":0},"203":{"id":0},"204":{"id":0},"205":{"id":0},"206":{"id":0},"207":{"id":0},"208":{"id":0},"209":{"id":0},"210":{"id":0},"211":{"id":0},"212":{"id":0}}}}},"2":{"loopCount":0,"frameRepeat":3,"frameSequences":{"0":{"frames":{"0":{"id":0},"1":{"id":0},"2":{"id":0},"3":{"id":0},"4":{"id":0},"5":{"id":0},"6":{"id":0},"7":{"id":0},"8":{"id":0},"9":{"id":0},"10":{"id":0},"11":{"id":0},"12":{"id":0},"13":{"id":0},"14":{"id":0},"15":{"id":0},"16":{"id":0},"17":{"id":0},"18":{"id":0},"19":{"id":0},"20":{"id":0},"21":{"id":0},"22":{"id":0},"23":{"id":0},"24":{"id":0},"25":{"id":0},"26":{"id":0},"27":{"id":0},"28":{"id":0},"29":{"id":0},"30":{"id":0},"31":{"id":0},"32":{"id":0},"33":{"id":0},"34":{"id":0},"35":{"id":0},"36":{"id":0},"37":{"id":0},"38":{"id":0},"39":{"id":0},"40":{"id":0},"41":{"id":0},"42":{"id":0},"43":{"id":0},"44":{"id":0},"45":{"id":0},"46":{"id":0},"47":{"id":0},"48":{"id":0},"49":{"id":0},"50":{"id":0},"51":{"id":0},"52":{"id":0},"53":{"id":0},"54":{"id":0},"55":{"id":0},"56":{"id":0},"57":{"id":0},"58":{"id":0},"59":{"id":0},"60":{"id":0},"61":{"id":0},"62":{"id":0},"63":{"id":0},"64":{"id":0},"65":{"id":0},"66":{"id":0},"67":{"id":0},"68":{"id":0},"69":{"id":0},"70":{"id":0},"71":{"id":0},"72":{"id":0},"73":{"id":0},"74":{"id":0},"75":{"id":0},"76":{"id":0},"77":{"id":0},"78":{"id":0},"79":{"id":0},"80":{"id":0},"81":{"id":0},"82":{"id":0},"83":{"id":0},"84":{"id":0},"85":{"id":0},"86":{"id":0},"87":{"id":0},"88":{"id":0},"89":{"id":0},"90":{"id":0},"91":{"id":0},"92":{"id":0},"93":{"id":0},"94":{"id":0},"95":{"id":0},"96":{"id":0},"97":{"id":0},"98":{"id":0},"99":{"id":0},"100":{"id":0},"101":{"id":0},"102":{"id":0},"103":{"id":0},"104":{"id":0},"105":{"id":0},"106":{"id":0},"107":{"id":0},"108":{"id":0},"109":{"id":0},"110":{"id":0},"111":{"id":0},"112":{"id":0},"113":{"id":0},"114":{"id":0},"115":{"id":0},"116":{"id":0},"117":{"id":0},"118":{"id":0},"119":{"id":0},"120":{"id":0},"121":{"id":0},"122":{"id":0},"123":{"id":0},"124":{"id":0},"125":{"id":0},"126":{"id":0},"127":{"id":0},"128":{"id":0},"129":{"id":0},"130":{"id":0},"131":{"id":0},"132":{"id":0},"133":{"id":0},"134":{"id":0},"135":{"id":0},"136":{"id":0},"137":{"id":0},"138":{"id":0},"139":{"id":0},"140":{"id":0},"141":{"id":0},"142":{"id":0},"143":{"id":0},"144":{"id":0},"145":{"id":0},"146":{"id":0},"147":{"id":0},"148":{"id":0},"149":{"id":0},"150":{"id":0},"151":{"id":0},"152":{"id":0},"153":{"id":0},"154":{"id":0},"155":{"id":0},"156":{"id":0},"157":{"id":0},"158":{"id":0},"159":{"id":0},"160":{"id":0},"161":{"id":0},"162":{"id":0},"163":{"id":0},"164":{"id":0},"165":{"id":0},"166":{"id":0},"167":{"id":0},"168":{"id":0},"169":{"id":0},"170":{"id":0},"171":{"id":0},"172":{"id":0},"173":{"id":0},"174":{"id":0},"175":{"id":0},"176":{"id":0},"177":{"id":0},"178":{"id":0},"179":{"id":0},"180":{"id":0},"181":{"id":0},"182":{"id":0},"183":{"id":0},"184":{"id":0},"185":{"id":0},"186":{"id":0},"187":{"id":0},"188":{"id":0},"189":{"id":0},"190":{"id":0},"191":{"id":0},"192":{"id":0},"193":{"id":0},"194":{"id":0},"195":{"id":0},"196":{"id":0},"197":{"id":0},"198":{"id":0},"199":{"id":0},"200":{"id":0},"201":{"id":0},"202":{"id":0},"203":{"id":0},"204":{"id":0},"205":{"id":0},"206":{"id":0},"207":{"id":0},"208":{"id":0},"209":{"id":0},"210":{"id":0},"211":{"id":0},"212":{"id":0},"213":{"id":0},"214":{"id":0},"215":{"id":0},"216":{"id":0},"217":{"id":0},"218":{"id":0},"219":{"id":0},"220":{"id":0},"221":{"id":0},"222":{"id":0},"223":{"id":0},"224":{"id":0},"225":{"id":0},"226":{"id":0},"227":{"id":0},"228":{"id":0},"229":{"id":0},"230":{"id":0},"231":{"id":0},"232":{"id":0},"233":{"id":0},"234":{"id":0},"235":{"id":0},"236":{"id":0},"237":{"id":0},"238":{"id":0},"239":{"id":0},"240":{"id":0},"241":{"id":0},"242":{"id":0},"243":{"id":0},"244":{"id":0},"245":{"id":0},"246":{"id":0},"247":{"id":0},"248":{"id":0},"249":{"id":0},"250":{"id":0},"251":{"id":0},"252":{"id":0},"253":{"id":0},"254":{"id":0},"255":{"id":0},"256":{"id":0},"257":{"id":0},"258":{"id":0},"259":{"id":0},"260":{"id":0},"261":{"id":0},"262":{"id":0},"263":{"id":0},"264":{"id":0},"265":{"id":0},"266":{"id":0},"267":{"id":0},"268":{"id":0},"269":{"id":0},"270":{"id":0},"271":{"id":0},"272":{"id":0},"273":{"id":0},"274":{"id":0},"275":{"id":0},"276":{"id":0},"277":{"id":0},"278":{"id":0},"279":{"id":0},"280":{"id":0},"281":{"id":0},"282":{"id":0},"283":{"id":0},"284":{"id":0},"285":{"id":0},"286":{"id":0},"287":{"id":0},"288":{"id":0},"289":{"id":0},"290":{"id":0},"291":{"id":0},"292":{"id":0},"293":{"id":0},"294":{"id":0},"295":{"id":0},"296":{"id":0},"297":{"id":0},"298":{"id":0},"299":{"id":0},"300":{"id":0},"301":{"id":0},"302":{"id":0},"303":{"id":0},"304":{"id":0},"305":{"id":0},"306":{"id":0},"307":{"id":0},"308":{"id":0},"309":{"id":0},"310":{"id":0},"311":{"id":0},"312":{"id":0},"313":{"id":0},"314":{"id":0},"315":{"id":0},"316":{"id":0},"317":{"id":0},"318":{"id":0},"319":{"id":0},"320":{"id":0},"321":{"id":0},"322":{"id":0},"323":{"id":0},"324":{"id":0},"325":{"id":0},"326":{"id":0},"327":{"id":0},"328":{"id":0},"329":{"id":0},"330":{"id":0},"331":{"id":0},"332":{"id":0},"333":{"id":0},"334":{"id":0},"335":{"id":0},"336":{"id":0},"337":{"id":0},"338":{"id":0},"339":{"id":0},"340":{"id":0},"341":{"id":0},"342":{"id":0},"343":{"id":0},"344":{"id":0},"345":{"id":0},"346":{"id":0},"347":{"id":0},"348":{"id":0},"349":{"id":0},"350":{"id":0},"351":{"id":0},"352":{"id":0},"353":{"id":0},"354":{"id":0},"355":{"id":0},"356":{"id":0},"357":{"id":0},"358":{"id":0},"359":{"id":0},"360":{"id":0},"361":{"id":0},"362":{"id":0},"363":{"id":0},"364":{"id":0},"365":{"id":0},"366":{"id":0},"367":{"id":0},"368":{"id":0},"369":{"id":0},"370":{"id":0},"371":{"id":0},"372":{"id":0},"373":{"id":0},"374":{"id":0},"375":{"id":0},"376":{"id":0},"377":{"id":0},"378":{"id":0},"379":{"id":0},"380":{"id":0},"381":{"id":0},"382":{"id":0},"383":{"id":0},"384":{"id":0},"385":{"id":0},"386":{"id":0},"387":{"id":0},"388":{"id":0},"389":{"id":0},"390":{"id":0},"391":{"id":0},"392":{"id":0},"393":{"id":0},"394":{"id":0},"395":{"id":0},"396":{"id":0},"397":{"id":0},"398":{"id":0},"399":{"id":0},"400":{"id":0},"401":{"id":0},"402":{"id":0},"403":{"id":0},"404":{"id":0},"405":{"id":0},"406":{"id":0},"407":{"id":0},"408":{"id":0},"409":{"id":0},"410":{"id":0},"411":{"id":0},"412":{"id":0},"413":{"id":0},"414":{"id":0},"415":{"id":0},"416":{"id":0},"417":{"id":0},"418":{"id":0},"419":{"id":0},"420":{"id":0},"421":{"id":0},"422":{"id":0},"423":{"id":0},"424":{"id":0},"425":{"id":0},"426":{"id":0},"427":{"id":0},"428":{"id":0},"429":{"id":0},"430":{"id":0},"431":{"id":0},"432":{"id":0},"433":{"id":0},"434":{"id":0},"435":{"id":0},"436":{"id":0},"437":{"id":0},"438":{"id":0},"439":{"id":0},"440":{"id":0},"441":{"id":0},"442":{"id":0},"443":{"id":0},"444":{"id":0},"445":{"id":0},"446":{"id":0},"447":{"id":0},"448":{"id":0},"449":{"id":0},"450":{"id":0},"451":{"id":0},"452":{"id":0},"453":{"id":0},"454":{"id":0},"455":{"id":0},"456":{"id":0},"457":{"id":0},"458":{"id":0},"459":{"id":0},"460":{"id":0},"461":{"id":3},"462":{"id":2},"463":{"id":2},"464":{"id":2},"465":{"id":2},"466":{"id":2},"467":{"id":2},"468":{"id":2},"469":{"id":4},"470":{"id":4},"471":{"id":4},"472":{"id":4},"473":{"id":4},"474":{"id":4},"475":{"id":4},"476":{"id":4},"477":{"id":4},"478":{"id":2},"479":{"id":2},"480":{"id":1},"481":{"id":0},"482":{"id":0},"483":{"id":0},"484":{"id":0},"485":{"id":0},"486":{"id":0},"487":{"id":0},"488":{"id":0},"489":{"id":0},"490":{"id":0},"491":{"id":0},"492":{"id":0},"493":{"id":0},"494":{"id":0},"495":{"id":0},"496":{"id":0},"497":{"id":0},"498":{"id":0},"499":{"id":0},"500":{"id":0},"501":{"id":0},"502":{"id":0},"503":{"id":0},"504":{"id":0},"505":{"id":0},"506":{"id":0},"507":{"id":0},"508":{"id":0},"509":{"id":0},"510":{"id":0},"511":{"id":0},"512":{"id":0},"513":{"id":0},"514":{"id":0},"515":{"id":0},"516":{"id":0},"517":{"id":0},"518":{"id":0},"519":{"id":0},"520":{"id":0},"521":{"id":0},"522":{"id":0},"523":{"id":0},"524":{"id":0},"525":{"id":0},"526":{"id":0},"527":{"id":0},"528":{"id":0},"529":{"id":0},"530":{"id":0},"531":{"id":0},"532":{"id":0},"533":{"id":0},"534":{"id":0},"535":{"id":0},"536":{"id":0},"537":{"id":0},"538":{"id":0},"539":{"id":0},"540":{"id":0},"541":{"id":0},"542":{"id":0},"543":{"id":0},"544":{"id":0},"545":{"id":0},"546":{"id":0},"547":{"id":0},"548":{"id":0},"549":{"id":0},"550":{"id":0},"551":{"id":0},"552":{"id":0},"553":{"id":0},"554":{"id":0},"555":{"id":0},"556":{"id":0},"557":{"id":0},"558":{"id":0},"559":{"id":0},"560":{"id":0},"561":{"id":0},"562":{"id":0},"563":{"id":0},"564":{"id":0},"565":{"id":0},"566":{"id":0},"567":{"id":0},"568":{"id":0},"569":{"id":0},"570":{"id":0},"571":{"id":0},"572":{"id":0},"573":{"id":0},"574":{"id":0},"575":{"id":0},"576":{"id":0},"577":{"id":0},"578":{"id":0},"579":{"id":0},"580":{"id":0},"581":{"id":0},"582":{"id":0},"583":{"id":0},"584":{"id":0},"585":{"id":0},"586":{"id":0},"587":{"id":0},"588":{"id":0},"589":{"id":0},"590":{"id":0},"591":{"id":0},"592":{"id":0},"593":{"id":0},"594":{"id":0},"595":{"id":0},"596":{"id":0},"597":{"id":0},"598":{"id":0},"599":{"id":0},"600":{"id":0},"601":{"id":0},"602":{"id":0},"603":{"id":0},"604":{"id":0},"605":{"id":0},"606":{"id":0},"607":{"id":0},"608":{"id":0},"609":{"id":0},"610":{"id":0},"611":{"id":0},"612":{"id":0},"613":{"id":0},"614":{"id":0},"615":{"id":0},"616":{"id":0},"617":{"id":0},"618":{"id":0},"619":{"id":0},"620":{"id":0},"621":{"id":0},"622":{"id":0},"623":{"id":0},"624":{"id":0},"625":{"id":0},"626":{"id":0},"627":{"id":0},"628":{"id":0},"629":{"id":0},"630":{"id":0},"631":{"id":0},"632":{"id":0},"633":{"id":0},"634":{"id":0},"635":{"id":0},"636":{"id":0},"637":{"id":0},"638":{"id":0},"639":{"id":0},"640":{"id":0},"641":{"id":0},"642":{"id":0},"643":{"id":0},"644":{"id":0},"645":{"id":0},"646":{"id":0},"647":{"id":0},"648":{"id":0},"649":{"id":0},"650":{"id":0},"651":{"id":0},"652":{"id":0},"653":{"id":0},"654":{"id":0},"655":{"id":0},"656":{"id":0},"657":{"id":0},"658":{"id":0},"659":{"id":0},"660":{"id":0},"661":{"id":0},"662":{"id":0},"663":{"id":0},"664":{"id":0},"665":{"id":0},"666":{"id":0},"667":{"id":0},"668":{"id":0},"669":{"id":0},"670":{"id":0},"671":{"id":0},"672":{"id":0},"673":{"id":0},"674":{"id":0},"675":{"id":0},"676":{"id":0},"677":{"id":0},"678":{"id":0},"679":{"id":0},"680":{"id":0},"681":{"id":0},"682":{"id":0},"683":{"id":0},"684":{"id":0},"685":{"id":0},"686":{"id":0},"687":{"id":0},"688":{"id":0},"689":{"id":0},"690":{"id":0},"691":{"id":0},"692":{"id":0},"693":{"id":0},"694":{"id":0},"695":{"id":0},"696":{"id":0},"697":{"id":0},"698":{"id":0},"699":{"id":0},"700":{"id":0},"701":{"id":0},"702":{"id":0},"703":{"id":0},"704":{"id":0},"705":{"id":0},"706":{"id":0},"707":{"id":0},"708":{"id":0},"709":{"id":0},"710":{"id":0},"711":{"id":0},"712":{"id":0},"713":{"id":0},"714":{"id":0},"715":{"id":0},"716":{"id":0},"717":{"id":0},"718":{"id":0},"719":{"id":0},"720":{"id":0},"721":{"id":0},"722":{"id":0},"723":{"id":0},"724":{"id":0},"725":{"id":0},"726":{"id":0},"727":{"id":0},"728":{"id":0},"729":{"id":0},"730":{"id":0},"731":{"id":0},"732":{"id":0},"733":{"id":0},"734":{"id":0},"735":{"id":0},"736":{"id":0},"737":{"id":0},"738":{"id":0},"739":{"id":0},"740":{"id":0},"741":{"id":0},"742":{"id":0},"743":{"id":0},"744":{"id":0},"745":{"id":0},"746":{"id":0},"747":{"id":0},"748":{"id":0},"749":{"id":0},"750":{"id":0},"751":{"id":0},"752":{"id":0},"753":{"id":0},"754":{"id":0},"755":{"id":0},"756":{"id":0},"757":{"id":0},"758":{"id":0},"759":{"id":0},"760":{"id":0},"761":{"id":0},"762":{"id":0},"763":{"id":0},"764":{"id":0},"765":{"id":0},"766":{"id":0},"767":{"id":0},"768":{"id":0},"769":{"id":0},"770":{"id":0},"771":{"id":0},"772":{"id":0},"773":{"id":0},"774":{"id":0},"775":{"id":0},"776":{"id":0},"777":{"id":0},"778":{"id":0},"779":{"id":0},"780":{"id":0},"781":{"id":0},"782":{"id":0},"783":{"id":0},"784":{"id":0},"785":{"id":0},"786":{"id":0},"787":{"id":0},"788":{"id":0},"789":{"id":0},"790":{"id":0},"791":{"id":0},"792":{"id":0},"793":{"id":0},"794":{"id":0},"795":{"id":0},"796":{"id":0},"797":{"id":0},"798":{"id":0},"799":{"id":0},"800":{"id":0},"801":{"id":0},"802":{"id":0},"803":{"id":0},"804":{"id":0},"805":{"id":0},"806":{"id":0},"807":{"id":0},"808":{"id":0},"809":{"id":0},"810":{"id":0},"811":{"id":0},"812":{"id":0},"813":{"id":0},"814":{"id":0},"815":{"id":0},"816":{"id":0},"817":{"id":0},"818":{"id":0},"819":{"id":0},"820":{"id":0},"821":{"id":0},"822":{"id":0},"823":{"id":0},"824":{"id":0},"825":{"id":0},"826":{"id":0},"827":{"id":0},"828":{"id":0},"829":{"id":0},"830":{"id":0},"831":{"id":0},"832":{"id":0},"833":{"id":0},"834":{"id":0},"835":{"id":0},"836":{"id":0},"837":{"id":0},"838":{"id":0},"839":{"id":0},"840":{"id":0},"841":{"id":0},"842":{"id":0},"843":{"id":0},"844":{"id":0},"845":{"id":0},"846":{"id":0},"847":{"id":0},"848":{"id":0},"849":{"id":0},"850":{"id":0},"851":{"id":0},"852":{"id":0},"853":{"id":0},"854":{"id":0},"855":{"id":0},"856":{"id":0},"857":{"id":0},"858":{"id":0},"859":{"id":0},"860":{"id":0},"861":{"id":0},"862":{"id":0},"863":{"id":0},"864":{"id":0},"865":{"id":0},"866":{"id":0},"867":{"id":0},"868":{"id":0},"869":{"id":0},"870":{"id":0},"871":{"id":0},"872":{"id":0},"873":{"id":0},"874":{"id":0},"875":{"id":0},"876":{"id":0},"877":{"id":0},"878":{"id":0},"879":{"id":0},"880":{"id":0},"881":{"id":0},"882":{"id":0},"883":{"id":0},"884":{"id":0},"885":{"id":0},"886":{"id":0},"887":{"id":0},"888":{"id":0},"889":{"id":0},"890":{"id":0},"891":{"id":0},"892":{"id":0},"893":{"id":0},"894":{"id":0},"895":{"id":0},"896":{"id":0},"897":{"id":0},"898":{"id":0},"899":{"id":0},"900":{"id":0},"901":{"id":0},"902":{"id":0},"903":{"id":0},"904":{"id":0},"905":{"id":0},"906":{"id":0},"907":{"id":0},"908":{"id":0},"909":{"id":0},"910":{"id":0},"911":{"id":0},"912":{"id":0},"913":{"id":0},"914":{"id":0},"915":{"id":0},"916":{"id":0},"917":{"id":0},"918":{"id":0},"919":{"id":0},"920":{"id":0},"921":{"id":0},"922":{"id":0},"923":{"id":0},"924":{"id":0},"925":{"id":0},"926":{"id":0},"927":{"id":0},"928":{"id":0},"929":{"id":0},"930":{"id":0},"931":{"id":0},"932":{"id":0},"933":{"id":0},"934":{"id":0},"935":{"id":0},"936":{"id":0},"937":{"id":0},"938":{"id":0},"939":{"id":0},"940":{"id":0},"941":{"id":0},"942":{"id":0},"943":{"id":0},"944":{"id":0},"945":{"id":0},"946":{"id":0},"947":{"id":0},"948":{"id":0},"949":{"id":0},"950":{"id":0},"951":{"id":0},"952":{"id":0},"953":{"id":0},"954":{"id":0},"955":{"id":0},"956":{"id":0},"957":{"id":0},"958":{"id":0},"959":{"id":0},"960":{"id":0},"961":{"id":0},"962":{"id":0},"963":{"id":0},"964":{"id":0},"965":{"id":0},"966":{"id":0},"967":{"id":0},"968":{"id":0},"969":{"id":0},"970":{"id":0},"971":{"id":0},"972":{"id":0},"973":{"id":0},"974":{"id":0},"975":{"id":0},"976":{"id":0},"977":{"id":0},"978":{"id":0},"979":{"id":0},"980":{"id":0},"981":{"id":0},"982":{"id":0},"983":{"id":0},"984":{"id":0},"985":{"id":0},"986":{"id":0},"987":{"id":0},"988":{"id":0},"989":{"id":0},"990":{"id":0},"991":{"id":0},"992":{"id":0},"993":{"id":0},"994":{"id":0},"995":{"id":0},"996":{"id":0},"997":{"id":0},"998":{"id":0},"999":{"id":0},"1000":{"id":0},"1001":{"id":0},"1002":{"id":0},"1003":{"id":0},"1004":{"id":0},"1005":{"id":0},"1006":{"id":0},"1007":{"id":0},"1008":{"id":0},"1009":{"id":0},"1010":{"id":0},"1011":{"id":0},"1012":{"id":0},"1013":{"id":0},"1014":{"id":0},"1015":{"id":0},"1016":{"id":0},"1017":{"id":0},"1018":{"id":0},"1019":{"id":0},"1020":{"id":0},"1021":{"id":0},"1022":{"id":0},"1023":{"id":0},"1024":{"id":0},"1025":{"id":0},"1026":{"id":0},"1027":{"id":0},"1028":{"id":0},"1029":{"id":0},"1030":{"id":0},"1031":{"id":0},"1032":{"id":0},"1033":{"id":0},"1034":{"id":0},"1035":{"id":0},"1036":{"id":0},"1037":{"id":0},"1038":{"id":0},"1039":{"id":0},"1040":{"id":0},"1041":{"id":0},"1042":{"id":0},"1043":{"id":0},"1044":{"id":0},"1045":{"id":0},"1046":{"id":0},"1047":{"id":0},"1048":{"id":0},"1049":{"id":0},"1050":{"id":0},"1051":{"id":0},"1052":{"id":0},"1053":{"id":0},"1054":{"id":0},"1055":{"id":0},"1056":{"id":0},"1057":{"id":0},"1058":{"id":0},"1059":{"id":0},"1060":{"id":0},"1061":{"id":0},"1062":{"id":0},"1063":{"id":0},"1064":{"id":0},"1065":{"id":0},"1066":{"id":0},"1067":{"id":0},"1068":{"id":0},"1069":{"id":0},"1070":{"id":0},"1071":{"id":0},"1072":{"id":0},"1073":{"id":0},"1074":{"id":0},"1075":{"id":0},"1076":{"id":0},"1077":{"id":0},"1078":{"id":0},"1079":{"id":0},"1080":{"id":0},"1081":{"id":0},"1082":{"id":0},"1083":{"id":0},"1084":{"id":0},"1085":{"id":0},"1086":{"id":0},"1087":{"id":0},"1088":{"id":0},"1089":{"id":0},"1090":{"id":0},"1091":{"id":0},"1092":{"id":0},"1093":{"id":0},"1094":{"id":0},"1095":{"id":0},"1096":{"id":0},"1097":{"id":0},"1098":{"id":0},"1099":{"id":0},"1100":{"id":0},"1101":{"id":0},"1102":{"id":0},"1103":{"id":0},"1104":{"id":0},"1105":{"id":0},"1106":{"id":0},"1107":{"id":0},"1108":{"id":0},"1109":{"id":0},"1110":{"id":0},"1111":{"id":0},"1112":{"id":0},"1113":{"id":0},"1114":{"id":0},"1115":{"id":0},"1116":{"id":0},"1117":{"id":0},"1118":{"id":0},"1119":{"id":0},"1120":{"id":0},"1121":{"id":1},"1122":{"id":3},"1123":{"id":2},"1124":{"id":2},"1125":{"id":2},"1126":{"id":2},"1127":{"id":4},"1128":{"id":4},"1129":{"id":4},"1130":{"id":4},"1131":{"id":2},"1132":{"id":2},"1133":{"id":2},"1134":{"id":2},"1135":{"id":4},"1136":{"id":4},"1137":{"id":4},"1138":{"id":4},"1139":{"id":2},"1140":{"id":2},"1141":{"id":2},"1142":{"id":2},"1143":{"id":1},"1144":{"id":0},"1145":{"id":0},"1146":{"id":0},"1147":{"id":0},"1148":{"id":0},"1149":{"id":0},"1150":{"id":0},"1151":{"id":0},"1152":{"id":0},"1153":{"id":0},"1154":{"id":0},"1155":{"id":0},"1156":{"id":0},"1157":{"id":0},"1158":{"id":0},"1159":{"id":0},"1160":{"id":0},"1161":{"id":0},"1162":{"id":0},"1163":{"id":0},"1164":{"id":0},"1165":{"id":0},"1166":{"id":0},"1167":{"id":0},"1168":{"id":0},"1169":{"id":0},"1170":{"id":0},"1171":{"id":0},"1172":{"id":0},"1173":{"id":0},"1174":{"id":0},"1175":{"id":0},"1176":{"id":0},"1177":{"id":0},"1178":{"id":0},"1179":{"id":0},"1180":{"id":0},"1181":{"id":0},"1182":{"id":0},"1183":{"id":0},"1184":{"id":0},"1185":{"id":0},"1186":{"id":0},"1187":{"id":0},"1188":{"id":0},"1189":{"id":0},"1190":{"id":0},"1191":{"id":0},"1192":{"id":0},"1193":{"id":0},"1194":{"id":0},"1195":{"id":0},"1196":{"id":0},"1197":{"id":0},"1198":{"id":0},"1199":{"id":0},"1200":{"id":0},"1201":{"id":0},"1202":{"id":0},"1203":{"id":0},"1204":{"id":0},"1205":{"id":0},"1206":{"id":0},"1207":{"id":0},"1208":{"id":0},"1209":{"id":0},"1210":{"id":0},"1211":{"id":0},"1212":{"id":0},"1213":{"id":0},"1214":{"id":0},"1215":{"id":0},"1216":{"id":0},"1217":{"id":0},"1218":{"id":0},"1219":{"id":0},"1220":{"id":0},"1221":{"id":0},"1222":{"id":0},"1223":{"id":0},"1224":{"id":0},"1225":{"id":0},"1226":{"id":0},"1227":{"id":0},"1228":{"id":0},"1229":{"id":0},"1230":{"id":0},"1231":{"id":0},"1232":{"id":0},"1233":{"id":0},"1234":{"id":0},"1235":{"id":0},"1236":{"id":0},"1237":{"id":0},"1238":{"id":0},"1239":{"id":0},"1240":{"id":0},"1241":{"id":0},"1242":{"id":0},"1243":{"id":0},"1244":{"id":0},"1245":{"id":0},"1246":{"id":0},"1247":{"id":0},"1248":{"id":0},"1249":{"id":0},"1250":{"id":0},"1251":{"id":0},"1252":{"id":0},"1253":{"id":0},"1254":{"id":0},"1255":{"id":0},"1256":{"id":0},"1257":{"id":0},"1258":{"id":0},"1259":{"id":0},"1260":{"id":0},"1261":{"id":0},"1262":{"id":0},"1263":{"id":0},"1264":{"id":0},"1265":{"id":0},"1266":{"id":0},"1267":{"id":0},"1268":{"id":0},"1269":{"id":0},"1270":{"id":0},"1271":{"id":0},"1272":{"id":0},"1273":{"id":0},"1274":{"id":0},"1275":{"id":0},"1276":{"id":0},"1277":{"id":0},"1278":{"id":0},"1279":{"id":0},"1280":{"id":0},"1281":{"id":0},"1282":{"id":0},"1283":{"id":0},"1284":{"id":0},"1285":{"id":0},"1286":{"id":0},"1287":{"id":0},"1288":{"id":0},"1289":{"id":0},"1290":{"id":0},"1291":{"id":0},"1292":{"id":0},"1293":{"id":0},"1294":{"id":0},"1295":{"id":0},"1296":{"id":0},"1297":{"id":0},"1298":{"id":0},"1299":{"id":0},"1300":{"id":0},"1301":{"id":0},"1302":{"id":0},"1303":{"id":0},"1304":{"id":0},"1305":{"id":0},"1306":{"id":0},"1307":{"id":0},"1308":{"id":0},"1309":{"id":0},"1310":{"id":0},"1311":{"id":0},"1312":{"id":0},"1313":{"id":0},"1314":{"id":0},"1315":{"id":0},"1316":{"id":0},"1317":{"id":0},"1318":{"id":0},"1319":{"id":0},"1320":{"id":0},"1321":{"id":0},"1322":{"id":0},"1323":{"id":0},"1324":{"id":0},"1325":{"id":0},"1326":{"id":0},"1327":{"id":0},"1328":{"id":0},"1329":{"id":0},"1330":{"id":0},"1331":{"id":0},"1332":{"id":0},"1333":{"id":0},"1334":{"id":0},"1335":{"id":0},"1336":{"id":0},"1337":{"id":0},"1338":{"id":0},"1339":{"id":0},"1340":{"id":0},"1341":{"id":0},"1342":{"id":0},"1343":{"id":0},"1344":{"id":0},"1345":{"id":0},"1346":{"id":0},"1347":{"id":0},"1348":{"id":0},"1349":{"id":0},"1350":{"id":0},"1351":{"id":0},"1352":{"id":0},"1353":{"id":0},"1354":{"id":0},"1355":{"id":0},"1356":{"id":0},"1357":{"id":0},"1358":{"id":0},"1359":{"id":0},"1360":{"id":0},"1361":{"id":0},"1362":{"id":0},"1363":{"id":0},"1364":{"id":0},"1365":{"id":0},"1366":{"id":0},"1367":{"id":0},"1368":{"id":0},"1369":{"id":0},"1370":{"id":0},"1371":{"id":0},"1372":{"id":0},"1373":{"id":0},"1374":{"id":0},"1375":{"id":0},"1376":{"id":0},"1377":{"id":0},"1378":{"id":0},"1379":{"id":0},"1380":{"id":0},"1381":{"id":0},"1382":{"id":0},"1383":{"id":0},"1384":{"id":0},"1385":{"id":0},"1386":{"id":0},"1387":{"id":0},"1388":{"id":0},"1389":{"id":0},"1390":{"id":0},"1391":{"id":0},"1392":{"id":0},"1393":{"id":0},"1394":{"id":0},"1395":{"id":0},"1396":{"id":0},"1397":{"id":0},"1398":{"id":0},"1399":{"id":0},"1400":{"id":0},"1401":{"id":0},"1402":{"id":0},"1403":{"id":0},"1404":{"id":0},"1405":{"id":0},"1406":{"id":0},"1407":{"id":0},"1408":{"id":0},"1409":{"id":0},"1410":{"id":0},"1411":{"id":0},"1412":{"id":0},"1413":{"id":0},"1414":{"id":0},"1415":{"id":0},"1416":{"id":0},"1417":{"id":0},"1418":{"id":0},"1419":{"id":0},"1420":{"id":0},"1421":{"id":0},"1422":{"id":0},"1423":{"id":0},"1424":{"id":0},"1425":{"id":0},"1426":{"id":0},"1427":{"id":0},"1428":{"id":0},"1429":{"id":0},"1430":{"id":0},"1431":{"id":0},"1432":{"id":0},"1433":{"id":0},"1434":{"id":0},"1435":{"id":0},"1436":{"id":0},"1437":{"id":0},"1438":{"id":0},"1439":{"id":0},"1440":{"id":0},"1441":{"id":0},"1442":{"id":0},"1443":{"id":0},"1444":{"id":0},"1445":{"id":0},"1446":{"id":0},"1447":{"id":0},"1448":{"id":0},"1449":{"id":0},"1450":{"id":0},"1451":{"id":0},"1452":{"id":0},"1453":{"id":0},"1454":{"id":0},"1455":{"id":0},"1456":{"id":0},"1457":{"id":0},"1458":{"id":0},"1459":{"id":0},"1460":{"id":0},"1461":{"id":0},"1462":{"id":0},"1463":{"id":0},"1464":{"id":0},"1465":{"id":0},"1466":{"id":0},"1467":{"id":0},"1468":{"id":0},"1469":{"id":0},"1470":{"id":0},"1471":{"id":0},"1472":{"id":0},"1473":{"id":0},"1474":{"id":0},"1475":{"id":0},"1476":{"id":0},"1477":{"id":0},"1478":{"id":0},"1479":{"id":0},"1480":{"id":0},"1481":{"id":0},"1482":{"id":0},"1483":{"id":0},"1484":{"id":0},"1485":{"id":0},"1486":{"id":0},"1487":{"id":0},"1488":{"id":0},"1489":{"id":0},"1490":{"id":0},"1491":{"id":0},"1492":{"id":0},"1493":{"id":0},"1494":{"id":0},"1495":{"id":0},"1496":{"id":0},"1497":{"id":0},"1498":{"id":0},"1499":{"id":0},"1500":{"id":0},"1501":{"id":0},"1502":{"id":0},"1503":{"id":0},"1504":{"id":0},"1505":{"id":0},"1506":{"id":0},"1507":{"id":0},"1508":{"id":0},"1509":{"id":0},"1510":{"id":0},"1511":{"id":0},"1512":{"id":0},"1513":{"id":0},"1514":{"id":0},"1515":{"id":0},"1516":{"id":0},"1517":{"id":0},"1518":{"id":0},"1519":{"id":0},"1520":{"id":0},"1521":{"id":0},"1522":{"id":0},"1523":{"id":0},"1524":{"id":0},"1525":{"id":0},"1526":{"id":0},"1527":{"id":0},"1528":{"id":0},"1529":{"id":0},"1530":{"id":0},"1531":{"id":0},"1532":{"id":0},"1533":{"id":0},"1534":{"id":0},"1535":{"id":0},"1536":{"id":0},"1537":{"id":0},"1538":{"id":0}}}}},"3":{"loopCount":0,"frameRepeat":3,"frameSequences":{"0":{"frames":{"0":{"id":0},"1":{"id":0},"2":{"id":0},"3":{"id":0},"4":{"id":0},"5":{"id":0},"6":{"id":0},"7":{"id":0},"8":{"id":0},"9":{"id":0},"10":{"id":0},"11":{"id":0},"12":{"id":0},"13":{"id":0},"14":{"id":0},"15":{"id":0},"16":{"id":0},"17":{"id":0},"18":{"id":0},"19":{"id":0},"20":{"id":0},"21":{"id":0},"22":{"id":0},"23":{"id":0},"24":{"id":0},"25":{"id":0},"26":{"id":0},"27":{"id":0},"28":{"id":0},"29":{"id":0},"30":{"id":0},"31":{"id":0},"32":{"id":0},"33":{"id":0},"34":{"id":0},"35":{"id":0},"36":{"id":0},"37":{"id":0},"38":{"id":0},"39":{"id":0},"40":{"id":0},"41":{"id":0},"42":{"id":0},"43":{"id":0},"44":{"id":0},"45":{"id":0},"46":{"id":0},"47":{"id":0},"48":{"id":0},"49":{"id":0},"50":{"id":0},"51":{"id":0},"52":{"id":0},"53":{"id":0},"54":{"id":0},"55":{"id":0},"56":{"id":0},"57":{"id":0},"58":{"id":0},"59":{"id":0},"60":{"id":0},"61":{"id":0},"62":{"id":0},"63":{"id":0},"64":{"id":0},"65":{"id":0},"66":{"id":0},"67":{"id":0},"68":{"id":0},"69":{"id":0},"70":{"id":0},"71":{"id":0},"72":{"id":0},"73":{"id":0},"74":{"id":0},"75":{"id":0},"76":{"id":0},"77":{"id":0},"78":{"id":1},"79":{"id":3},"80":{"id":2},"81":{"id":2},"82":{"id":2},"83":{"id":2},"84":{"id":2},"85":{"id":2},"86":{"id":2},"87":{"id":4},"88":{"id":4},"89":{"id":4},"90":{"id":4},"91":{"id":4},"92":{"id":4},"93":{"id":4},"94":{"id":4},"95":{"id":4},"96":{"id":4},"97":{"id":2},"98":{"id":2},"99":{"id":2},"100":{"id":2},"101":{"id":2},"102":{"id":2},"103":{"id":2},"104":{"id":3},"105":{"id":1},"106":{"id":0},"107":{"id":0},"108":{"id":0},"109":{"id":0},"110":{"id":0},"111":{"id":0},"112":{"id":0},"113":{"id":0},"114":{"id":0},"115":{"id":0},"116":{"id":0},"117":{"id":0},"118":{"id":0},"119":{"id":0},"120":{"id":0},"121":{"id":0},"122":{"id":0},"123":{"id":0},"124":{"id":0},"125":{"id":0},"126":{"id":0},"127":{"id":0},"128":{"id":0},"129":{"id":0},"130":{"id":0},"131":{"id":0},"132":{"id":0},"133":{"id":0},"134":{"id":0},"135":{"id":0}}},"1":{"frames":{"0":{"id":0},"1":{"id":0},"2":{"id":0},"3":{"id":0},"4":{"id":0},"5":{"id":0},"6":{"id":0},"7":{"id":0},"8":{"id":0},"9":{"id":0},"10":{"id":0},"11":{"id":0},"12":{"id":0},"13":{"id":0},"14":{"id":0},"15":{"id":0},"16":{"id":0},"17":{"id":0},"18":{"id":0},"19":{"id":0},"20":{"id":0},"21":{"id":0},"22":{"id":0},"23":{"id":0},"24":{"id":0},"25":{"id":0},"26":{"id":0},"27":{"id":0},"28":{"id":0},"29":{"id":0},"30":{"id":0},"31":{"id":0},"32":{"id":0},"33":{"id":0},"34":{"id":0},"35":{"id":0},"36":{"id":0},"37":{"id":0},"38":{"id":0},"39":{"id":0},"40":{"id":0},"41":{"id":0},"42":{"id":0},"43":{"id":0},"44":{"id":0},"45":{"id":0},"46":{"id":0},"47":{"id":0},"48":{"id":0},"49":{"id":0},"50":{"id":0},"51":{"id":0},"52":{"id":0},"53":{"id":0},"54":{"id":0},"55":{"id":0},"56":{"id":0},"57":{"id":0},"58":{"id":0},"59":{"id":0},"60":{"id":0},"61":{"id":0},"62":{"id":0},"63":{"id":0},"64":{"id":0},"65":{"id":0},"66":{"id":0},"67":{"id":0},"68":{"id":0},"69":{"id":0},"70":{"id":0},"71":{"id":0},"72":{"id":0},"73":{"id":0},"74":{"id":0},"75":{"id":0},"76":{"id":0},"77":{"id":0},"78":{"id":0},"79":{"id":0},"80":{"id":0},"81":{"id":0},"82":{"id":0},"83":{"id":0},"84":{"id":0},"85":{"id":0},"86":{"id":0},"87":{"id":0},"88":{"id":0},"89":{"id":0},"90":{"id":0},"91":{"id":0},"92":{"id":0},"93":{"id":0},"94":{"id":0},"95":{"id":0},"96":{"id":0},"97":{"id":0},"98":{"id":0},"99":{"id":0},"100":{"id":0},"101":{"id":0},"102":{"id":0},"103":{"id":0},"104":{"id":0},"105":{"id":0},"106":{"id":0},"107":{"id":0},"108":{"id":0},"109":{"id":0},"110":{"id":0},"111":{"id":0},"112":{"id":0},"113":{"id":0},"114":{"id":0},"115":{"id":0},"116":{"id":0},"117":{"id":0},"118":{"id":0},"119":{"id":0},"120":{"id":0},"121":{"id":0},"122":{"id":0},"123":{"id":0},"124":{"id":0},"125":{"id":0},"126":{"id":0},"127":{"id":0},"128":{"id":0},"129":{"id":0},"130":{"id":0},"131":{"id":0},"132":{"id":0},"133":{"id":0},"134":{"id":0},"135":{"id":0},"136":{"id":0},"137":{"id":0},"138":{"id":0},"139":{"id":0},"140":{"id":0},"141":{"id":0},"142":{"id":0},"143":{"id":0},"144":{"id":0},"145":{"id":0},"146":{"id":0},"147":{"id":0},"148":{"id":0},"149":{"id":0},"150":{"id":0},"151":{"id":0},"152":{"id":0},"153":{"id":0},"154":{"id":0},"155":{"id":0},"156":{"id":0},"157":{"id":0},"158":{"id":0},"159":{"id":0},"160":{"id":0},"161":{"id":0},"162":{"id":0},"163":{"id":0},"164":{"id":0},"165":{"id":0},"166":{"id":0},"167":{"id":0},"168":{"id":0},"169":{"id":0},"170":{"id":0},"171":{"id":0},"172":{"id":0},"173":{"id":0},"174":{"id":1},"175":{"id":3},"176":{"id":2},"177":{"id":2},"178":{"id":2},"179":{"id":2},"180":{"id":4},"181":{"id":4},"182":{"id":4},"183":{"id":4},"184":{"id":2},"185":{"id":2},"186":{"id":2},"187":{"id":2},"188":{"id":4},"189":{"id":4},"190":{"id":4},"191":{"id":4},"192":{"id":2},"193":{"id":2},"194":{"id":2},"195":{"id":2},"196":{"id":4},"197":{"id":4},"198":{"id":4},"199":{"id":4},"200":{"id":3},"201":{"id":1},"202":{"id":0},"203":{"id":0},"204":{"id":0},"205":{"id":0},"206":{"id":0},"207":{"id":0},"208":{"id":0},"209":{"id":0},"210":{"id":0},"211":{"id":0},"212":{"id":0},"213":{"id":0},"214":{"id":0},"215":{"id":0},"216":{"id":0},"217":{"id":0},"218":{"id":0},"219":{"id":0},"220":{"id":0},"221":{"id":0},"222":{"id":0},"223":{"id":0},"224":{"id":0},"225":{"id":0},"226":{"id":0},"227":{"id":0},"228":{"id":0},"229":{"id":0},"230":{"id":0},"231":{"id":0},"232":{"id":0},"233":{"id":0},"234":{"id":0},"235":{"id":0},"236":{"id":0},"237":{"id":0},"238":{"id":0},"239":{"id":0},"240":{"id":0},"241":{"id":0},"242":{"id":0},"243":{"id":0},"244":{"id":0},"245":{"id":0},"246":{"id":0},"247":{"id":0},"248":{"id":0},"249":{"id":0},"250":{"id":0},"251":{"id":0},"252":{"id":0},"253":{"id":0},"254":{"id":0},"255":{"id":0},"256":{"id":0},"257":{"id":0},"258":{"id":0},"259":{"id":0},"260":{"id":0},"261":{"id":0},"262":{"id":0},"263":{"id":0},"264":{"id":0},"265":{"id":0},"266":{"id":0},"267":{"id":0},"268":{"id":0},"269":{"id":0},"270":{"id":0},"271":{"id":0},"272":{"id":0},"273":{"id":0},"274":{"id":0},"275":{"id":0},"276":{"id":0},"277":{"id":0},"278":{"id":0},"279":{"id":0},"280":{"id":0},"281":{"id":0},"282":{"id":0},"283":{"id":0},"284":{"id":0},"285":{"id":0},"286":{"id":0},"287":{"id":0},"288":{"id":0},"289":{"id":0},"290":{"id":0},"291":{"id":0},"292":{"id":0},"293":{"id":0},"294":{"id":0},"295":{"id":0},"296":{"id":0},"297":{"id":0},"298":{"id":0},"299":{"id":0},"300":{"id":0},"301":{"id":0},"302":{"id":0},"303":{"id":0},"304":{"id":0},"305":{"id":0},"306":{"id":0},"307":{"id":0},"308":{"id":0},"309":{"id":0},"310":{"id":0},"311":{"id":0},"312":{"id":0},"313":{"id":0},"314":{"id":0},"315":{"id":0},"316":{"id":0},"317":{"id":0},"318":{"id":0},"319":{"id":0},"320":{"id":0},"321":{"id":0},"322":{"id":0},"323":{"id":0},"324":{"id":0},"325":{"id":0},"326":{"id":0},"327":{"id":0},"328":{"id":0},"329":{"id":0},"330":{"id":0},"331":{"id":0},"332":{"id":0},"333":{"id":0},"334":{"id":0},"335":{"id":0},"336":{"id":0},"337":{"id":0},"338":{"id":0},"339":{"id":0},"340":{"id":0},"341":{"id":0},"342":{"id":0},"343":{"id":0},"344":{"id":0},"345":{"id":0},"346":{"id":0},"347":{"id":0},"348":{"id":0},"349":{"id":0},"350":{"id":0},"351":{"id":0},"352":{"id":0},"353":{"id":0},"354":{"id":0},"355":{"id":0},"356":{"id":0},"357":{"id":0}}}}},"4":{"frameSequences":{"0":{"frames":{"0":{"id":0}}}}},"5":{"frameSequences":{"0":{"frames":{"0":{"id":0}}}}}}}}}}