{"meta":{"app":"FFConverter ~ Joopie","format":"RGBA8888","image":"ads_dave_cns.png","scale":"1.0","size":{"w":128,"h":128},"version":"1.0"},"frames":{"ads_dave_cns_ads_dave_cns_64_b_0_0.png":{"frame":{"x":2,"y":2,"w":52,"h":54},"sourceSize":{"w":52,"h":54},"spriteSourceSize":{"x":0,"y":0,"w":52,"h":54},"rotated":false,"trimmed":false},"ads_dave_cns_ads_dave_cns_icon_a.png":{"frame":{"x":66,"y":67,"w":30,"h":26},"sourceSize":{"w":30,"h":26},"spriteSourceSize":{"x":0,"y":0,"w":30,"h":26},"rotated":false,"trimmed":false},"ads_dave_cns_ads_dave_cns_64_sd_0_0.png":{"frame":{"x":66,"y":95,"w":59,"h":27},"sourceSize":{"w":59,"h":27},"spriteSourceSize":{"x":0,"y":0,"w":59,"h":27},"rotated":false,"trimmed":false},"ads_dave_cns_ads_dave_cns_64_a_0_0.png":{"frame":{"x":2,"y":58,"w":62,"h":64},"sourceSize":{"w":62,"h":64},"spriteSourceSize":{"x":0,"y":0,"w":62,"h":64},"rotated":false,"trimmed":false}}}