{"type":"furniture","name":"ads_dave_cns","visualizationType":"furniture_static","logicType":"furniture_basic","spritesheet":"ads_dave_cns_spritesheet.json","dimensions":{"x":1.0,"y":1.0,"z":0.0},"directions":[0,90],"assets":{"ads_dave_cns_64_a_0_0":{"x":32,"y":50},"ads_dave_cns_64_a_2_0":{"source":"ads_dave_cns_64_a_0_0","x":32,"y":50,"flipH":true},"ads_dave_cns_64_b_2_0":{"source":"ads_dave_cns_64_b_0_0","x":30,"y":59,"flipH":true},"ads_dave_cns_64_b_0_0":{"x":30,"y":59},"ads_dave_cns_64_sd_2_0":{"source":"ads_dave_cns_64_sd_0_0","x":31,"y":12,"flipH":true},"ads_dave_cns_64_sd_0_0":{"x":31,"y":12},"ads_dave_cns_icon_a":{"x":15,"y":13}},"visualization":{"layerCount":2,"angle":45,"layers":{"1":{"ink":"ADD"}},"directions":{"0":{},"2":{}}}}