{"type":"furniture","name":"ads_bigtv_missmix","visualizationType":"furniture_animated","logicType":"furniture_multistate","spritesheet":"ads_bigtv_missmix_spritesheet.json","dimensions":{"x":3.75,"y":0.2,"z":1.875},"directions":[90,180],"assets":{"ads_bigtv_missmix_64_a_4_1":{"x":39,"y":38},"ads_bigtv_missmix_64_a_2_1":{"source":"ads_bigtv_missmix_64_a_2_0","x":79,"y":38},"ads_bigtv_missmix_64_a_4_0":{"source":"ads_bigtv_missmix_64_a_4_1","x":39,"y":38},"ads_bigtv_missmix_64_f_2_0":{"source":"ads_bigtv_missmix_64_f_2_1","x":95,"y":87},"ads_bigtv_missmix_64_f_2_1":{"x":95,"y":87},"ads_bigtv_missmix_64_f_4_0":{"x":70,"y":87},"ads_bigtv_missmix_64_f_4_1":{"source":"ads_bigtv_missmix_64_f_4_0","x":70,"y":87},"ads_bigtv_missmix_64_d_2_0":{"x":69,"y":70},"ads_bigtv_missmix_64_d_2_1":{"source":"ads_bigtv_missmix_64_d_2_0","x":69,"y":70},"ads_bigtv_missmix_64_d_4_0":{"x":69,"y":70},"ads_bigtv_missmix_64_d_4_1":{"source":"ads_bigtv_missmix_64_d_4_0","x":69,"y":70},"ads_bigtv_missmix_64_e_4_1":{"x":139,"y":70},"ads_bigtv_missmix_64_a_2_0":{"x":79,"y":38},"ads_bigtv_missmix_64_e_2_1":{"x":69,"y":70},"ads_bigtv_missmix_64_e_4_0":{"x":0,"y":0},"ads_bigtv_missmix_64_e_2_0":{"source":"ads_bigtv_missmix_64_e_4_0","x":0,"y":0},"ads_bigtv_missmix_64_c_2_1":{"x":69,"y":71},"ads_bigtv_missmix_64_c_2_2":{"x":69,"y":70},"ads_bigtv_missmix_64_c_4_0":{"source":"ads_bigtv_missmix_64_e_4_0","x":0,"y":0},"ads_bigtv_missmix_64_c_2_0":{"source":"ads_bigtv_missmix_64_e_4_0","x":0,"y":0},"ads_bigtv_missmix_64_c_2_5":{"x":69,"y":70},"ads_bigtv_missmix_64_c_4_3":{"x":69,"y":72},"ads_bigtv_missmix_64_c_2_6":{"x":69,"y":70},"ads_bigtv_missmix_64_c_4_4":{"x":69,"y":72},"ads_bigtv_missmix_64_c_2_3":{"x":69,"y":70},"ads_bigtv_missmix_64_c_4_1":{"x":69,"y":71},"ads_bigtv_missmix_64_c_2_4":{"x":69,"y":70},"ads_bigtv_missmix_64_c_4_2":{"x":69,"y":72},"ads_bigtv_missmix_64_c_4_5":{"x":69,"y":72},"ads_bigtv_missmix_64_c_4_6":{"x":69,"y":72},"ads_bigtv_missmix_64_b_2_4":{"x":92,"y":86},"ads_bigtv_missmix_64_b_4_2":{"x":80,"y":86},"ads_bigtv_missmix_64_b_2_5":{"x":92,"y":86},"ads_bigtv_missmix_64_b_4_3":{"x":80,"y":86},"ads_bigtv_missmix_icon_a":{"x":13,"y":10},"ads_bigtv_missmix_64_b_4_4":{"x":80,"y":86},"ads_bigtv_missmix_64_b_4_5":{"x":80,"y":86},"ads_bigtv_missmix_64_b_2_0":{"x":92,"y":86},"ads_bigtv_missmix_64_b_2_1":{"x":92,"y":86},"ads_bigtv_missmix_64_b_2_2":{"x":92,"y":86},"ads_bigtv_missmix_64_b_4_0":{"x":80,"y":86},"ads_bigtv_missmix_64_b_2_3":{"x":92,"y":86},"ads_bigtv_missmix_64_b_4_1":{"x":80,"y":86}},"visualization":{"layerCount":6,"angle":45,"layers":{"0":{"alpha":0,"z":-3000.0},"1":{"z":-2995.0},"2":{"z":-2990.0},"3":{"alpha":179,"z":-2985.0,"ink":"ADD","ignoreMouse":true},"4":{"z":-2980.0,"ink":"ADD","ignoreMouse":true},"5":{"alpha":41,"z":-3000.0}},"directions":{"2":{},"4":{}},"animations":{"0":{"layers":{"0":{"frameSequences":{"0":{"frames":{"0":{"id":0}}}}},"1":{"frameSequences":{"0":{"frames":{"0":{"id":0}}}}},"2":{"frameSequences":{"0":{"frames":{"0":{"id":0}}}}},"3":{"frameSequences":{"0":{"frames":{"0":{"id":0}}}}},"4":{"frameSequences":{"0":{"frames":{"0":{"id":0}}}}},"5":{"frameSequences":{"0":{"frames":{"0":{"id":0}}}}}}},"1":{"layers":{"1":{"frameSequences":{"0":{"frames":{"0":{"id":1},"1":{"id":2},"2":{"id":3},"3":{"id":4},"4":{"id":5}}}}},"2":{"loopCount":0,"frameRepeat":2,"frameSequences":{"0":{"frames":{"0":{"id":2},"1":{"id":3},"2":{"id":4},"3":{"id":2},"4":{"id":3},"5":{"id":4},"6":{"id":2},"7":{"id":3},"8":{"id":4},"9":{"id":2},"10":{"id":3},"11":{"id":4},"12":{"id":2},"13":{"id":3},"14":{"id":4},"15":{"id":2},"16":{"id":3},"17":{"id":4},"18":{"id":2},"19":{"id":3},"20":{"id":4},"21":{"id":2},"22":{"id":3},"23":{"id":4},"24":{"id":2},"25":{"id":3},"26":{"id":4},"27":{"id":2},"28":{"id":3},"29":{"id":4},"30":{"id":2},"31":{"id":3},"32":{"id":4},"33":{"id":2},"34":{"id":3},"35":{"id":4},"36":{"id":2},"37":{"id":3},"38":{"id":4},"39":{"id":2},"40":{"id":3},"41":{"id":4},"42":{"id":2},"43":{"id":3},"44":{"id":4},"45":{"id":5},"46":{"id":5},"47":{"id":5},"48":{"id":5},"49":{"id":5},"50":{"id":5},"51":{"id":5},"52":{"id":5},"53":{"id":5},"54":{"id":5},"55":{"id":5},"56":{"id":5},"57":{"id":5},"58":{"id":5},"59":{"id":5},"60":{"id":5},"61":{"id":5},"62":{"id":5},"63":{"id":5},"64":{"id":5},"65":{"id":5},"66":{"id":5},"67":{"id":5},"68":{"id":5},"69":{"id":6},"70":{"id":6},"71":{"id":6},"72":{"id":6},"73":{"id":6},"74":{"id":6},"75":{"id":6},"76":{"id":6},"77":{"id":6},"78":{"id":6},"79":{"id":6},"80":{"id":6},"81":{"id":6},"82":{"id":6},"83":{"id":6},"84":{"id":6},"85":{"id":6},"86":{"id":6},"87":{"id":6},"88":{"id":6},"89":{"id":6},"90":{"id":6},"91":{"id":6},"92":{"id":6}}}}},"4":{"frameSequences":{"0":{"frames":{"0":{"id":1}}}}}}}}}}