{"type":"furniture","name":"ads_mall_kiosk","visualizationType":"furniture_static","logicType":"furniture_basic","spritesheet":"ads_mall_kiosk_spritesheet.json","dimensions":{"x":1.0,"y":2.0,"z":3.0},"directions":[0,90],"assets":{"ads_mall_kiosk_64_d_0_0":{"x":82,"y":66},"ads_mall_kiosk_64_i_0_0":{"x":35,"y":102},"ads_mall_kiosk_64_sd_0_0":{"x":67,"y":0},"ads_mall_kiosk_64_i_2_0":{"source":"ads_mall_kiosk_64_i_0_0","x":35,"y":102,"flipH":true},"ads_mall_kiosk_64_sd_2_0":{"source":"ads_mall_kiosk_64_sd_0_0","x":67,"y":0,"flipH":true},"ads_mall_kiosk_64_f_2_0":{"source":"ads_mall_kiosk_64_f_0_0","x":53,"y":100,"flipH":true},"ads_mall_kiosk_64_f_0_0":{"x":53,"y":100},"ads_mall_kiosk_64_b_2_0":{"source":"ads_mall_kiosk_64_b_0_0","x":66,"y":24,"flipH":true},"ads_mall_kiosk_64_b_0_0":{"x":66,"y":24},"ads_mall_kiosk_64_d_2_0":{"source":"ads_mall_kiosk_64_d_0_0","x":82,"y":66,"flipH":true},"ads_mall_kiosk_64_c_2_0":{"source":"ads_mall_kiosk_64_c_0_0","x":11,"y":82,"flipH":true},"ads_mall_kiosk_64_h_2_0":{"source":"ads_mall_kiosk_64_h_0_0","x":80,"y":88,"flipH":true},"ads_mall_kiosk_64_h_0_0":{"x":80,"y":88},"ads_mall_kiosk_64_j_2_0":{"source":"ads_mall_kiosk_64_j_0_0","x":66,"y":85,"flipH":true},"ads_mall_kiosk_icon_a":{"x":9,"y":13},"ads_mall_kiosk_64_j_0_0":{"x":66,"y":85},"ads_mall_kiosk_64_a_0_0":{"x":24,"y":41},"ads_mall_kiosk_64_a_2_0":{"source":"ads_mall_kiosk_64_a_0_0","x":24,"y":41,"flipH":true},"ads_mall_kiosk_64_g_0_0":{"x":37,"y":98},"ads_mall_kiosk_64_e_0_0":{"x":25,"y":113},"ads_mall_kiosk_64_g_2_0":{"source":"ads_mall_kiosk_64_g_0_0","x":37,"y":98,"flipH":true},"ads_mall_kiosk_64_c_0_0":{"x":11,"y":82},"ads_mall_kiosk_64_e_2_0":{"source":"ads_mall_kiosk_64_e_0_0","x":25,"y":113,"flipH":true}},"visualization":{"layerCount":10,"angle":45,"layers":{"0":{"z":10.0},"1":{"z":1010.0},"2":{"alpha":179,"z":20.0,"ignoreMouse":true},"3":{"alpha":179,"z":1020.0,"ignoreMouse":true},"4":{"z":30.0,"ignoreMouse":true},"5":{"z":1030.0,"ignoreMouse":true},"6":{"alpha":179,"z":1.0,"ignoreMouse":true},"7":{"alpha":179,"z":1001.0,"ignoreMouse":true},"8":{"z":10.0,"ignoreMouse":true},"9":{"z":1010.0,"ignoreMouse":true}},"directions":{"0":{},"2":{}}}}