{"meta":{"app":"FFConverter ~ Joopie","format":"RGBA8888","image":"ads_mall_kiosk.png","scale":"1.0","size":{"w":256,"h":256},"version":"1.0"},"frames":{"ads_mall_kiosk_ads_mall_kiosk_64_b_0_0.png":{"frame":{"x":2,"y":2,"w":64,"h":56},"sourceSize":{"w":64,"h":56},"spriteSourceSize":{"x":0,"y":0,"w":64,"h":56},"rotated":false,"trimmed":false},"ads_mall_kiosk_ads_mall_kiosk_64_f_0_0.png":{"frame":{"x":2,"y":60,"w":47,"h":105},"sourceSize":{"w":47,"h":105},"spriteSourceSize":{"x":0,"y":0,"w":47,"h":105},"rotated":false,"trimmed":false},"ads_mall_kiosk_ads_mall_kiosk_64_j_0_0.png":{"frame":{"x":99,"y":58,"w":60,"h":61},"sourceSize":{"w":60,"h":61},"spriteSourceSize":{"x":0,"y":0,"w":60,"h":61},"rotated":false,"trimmed":false},"ads_mall_kiosk_ads_mall_kiosk_64_a_0_0.png":{"frame":{"x":170,"y":42,"w":56,"h":54},"sourceSize":{"w":56,"h":54},"spriteSourceSize":{"x":0,"y":0,"w":56,"h":54},"rotated":false,"trimmed":false},"ads_mall_kiosk_ads_mall_kiosk_64_d_0_0.png":{"frame":{"x":2,"y":167,"w":96,"h":84},"sourceSize":{"w":96,"h":84},"spriteSourceSize":{"x":0,"y":0,"w":96,"h":84},"rotated":false,"trimmed":false},"ads_mall_kiosk_ads_mall_kiosk_64_g_0_0.png":{"frame":{"x":100,"y":184,"w":83,"h":67},"sourceSize":{"w":83,"h":67},"spriteSourceSize":{"x":0,"y":0,"w":83,"h":67},"rotated":false,"trimmed":false},"ads_mall_kiosk_ads_mall_kiosk_64_i_0_0.png":{"frame":{"x":100,"y":121,"w":67,"h":61},"sourceSize":{"w":67,"h":61},"spriteSourceSize":{"x":0,"y":0,"w":67,"h":61},"rotated":false,"trimmed":false},"ads_mall_kiosk_ads_mall_kiosk_icon_a.png":{"frame":{"x":230,"y":157,"w":19,"h":23},"sourceSize":{"w":19,"h":23},"spriteSourceSize":{"x":0,"y":0,"w":19,"h":23},"rotated":false,"trimmed":false},"ads_mall_kiosk_ads_mall_kiosk_64_sd_0_0.png":{"frame":{"x":68,"y":21,"w":100,"h":35},"sourceSize":{"w":100,"h":35},"spriteSourceSize":{"x":0,"y":0,"w":100,"h":35},"rotated":false,"trimmed":false},"ads_mall_kiosk_ads_mall_kiosk_64_c_0_0.png":{"frame":{"x":169,"y":98,"w":59,"h":82},"sourceSize":{"w":59,"h":82},"spriteSourceSize":{"x":0,"y":0,"w":59,"h":82},"rotated":false,"trimmed":false},"ads_mall_kiosk_ads_mall_kiosk_64_e_0_0.png":{"frame":{"x":51,"y":61,"w":46,"h":104},"sourceSize":{"w":46,"h":104},"spriteSourceSize":{"x":0,"y":0,"w":46,"h":104},"rotated":false,"trimmed":false},"ads_mall_kiosk_ads_mall_kiosk_64_h_0_0.png":{"frame":{"x":185,"y":182,"w":64,"h":69},"sourceSize":{"w":64,"h":69},"spriteSourceSize":{"x":0,"y":0,"w":64,"h":69},"rotated":false,"trimmed":false}}}