{"type":"furniture","name":"anc_bones","visualizationType":"furniture_animated","logicType":"furniture_multistate","spritesheet":"anc_bones_spritesheet.json","dimensions":{"x":1.0,"y":1.0,"z":0.0},"directions":[180,90],"assets":{"anc_bones_icon_a":{"x":15,"y":15},"anc_bones_64_a_4_2":{"x":44,"y":57},"anc_bones_64_a_4_1":{"x":44,"y":57},"anc_bones_64_a_2_3":{"source":"anc_bones_64_a_4_3","x":44,"y":57,"flipH":true},"anc_bones_64_a_4_3":{"x":44,"y":57},"anc_bones_64_a_2_0":{"source":"anc_bones_64_a_4_0","x":44,"y":57,"flipH":true},"anc_bones_64_a_4_0":{"x":44,"y":57},"anc_bones_64_a_2_2":{"source":"anc_bones_64_a_4_2","x":44,"y":57,"flipH":true},"anc_bones_64_a_2_1":{"source":"anc_bones_64_a_4_1","x":44,"y":57,"flipH":true}},"visualization":{"layerCount":1,"angle":45,"directions":{"2":{},"4":{}},"animations":{"0":{"layers":{"0":{"frameSequences":{"0":{"frames":{"0":{"id":0}}}}}}},"1":{"layers":{"0":{"frameSequences":{"0":{"frames":{"0":{"id":1}}}}}}},"2":{"layers":{"0":{"frameSequences":{"0":{"frames":{"0":{"id":2}}}}}}},"3":{"layers":{"0":{"frameSequences":{"0":{"frames":{"0":{"id":3}}}}}}}}}}