{"meta":{"app":"FFConverter ~ Joopie","format":"RGBA8888","image":"anc_bones.png","scale":"1.0","size":{"w":256,"h":128},"version":"1.0"},"frames":{"anc_bones_anc_bones_64_a_4_3.png":{"frame":{"x":188,"y":35,"w":42,"h":63},"sourceSize":{"w":42,"h":63},"spriteSourceSize":{"x":0,"y":0,"w":42,"h":63},"rotated":false,"trimmed":false},"anc_bones_anc_bones_icon_a.png":{"frame":{"x":2,"y":2,"w":32,"h":31},"sourceSize":{"w":32,"h":31},"spriteSourceSize":{"x":0,"y":0,"w":32,"h":31},"rotated":false,"trimmed":false},"anc_bones_anc_bones_64_a_4_2.png":{"frame":{"x":127,"y":35,"w":59,"h":63},"sourceSize":{"w":59,"h":63},"spriteSourceSize":{"x":0,"y":0,"w":59,"h":63},"rotated":false,"trimmed":false},"anc_bones_anc_bones_64_a_4_1.png":{"frame":{"x":66,"y":35,"w":59,"h":63},"sourceSize":{"w":59,"h":63},"spriteSourceSize":{"x":0,"y":0,"w":59,"h":63},"rotated":false,"trimmed":false},"anc_bones_anc_bones_64_a_4_0.png":{"frame":{"x":2,"y":35,"w":62,"h":63},"sourceSize":{"w":62,"h":63},"spriteSourceSize":{"x":0,"y":0,"w":62,"h":63},"rotated":false,"trimmed":false}}}