{"type":"furniture","name":"ads_vpiggy_santapig","visualizationType":"furniture_static","logicType":"furniture_basic","spritesheet":"ads_vpiggy_santapig_spritesheet.json","dimensions":{"x":1.0,"y":1.0,"z":1.0},"directions":[0,90],"assets":{"ads_vpiggy_santapig_64_sd_0_0":{"x":14,"y":5},"ads_vpiggy_santapig_64_a_2_0":{"source":"ads_vpiggy_santapig_64_a_0_0","x":24,"y":43,"flipH":true},"ads_vpiggy_santapig_64_sd_2_0":{"source":"ads_vpiggy_santapig_64_sd_0_0","x":14,"y":5,"flipH":true},"ads_vpiggy_santapig_64_a_0_0":{"x":24,"y":43},"ads_vpiggy_santapig_icon_a":{"x":12,"y":13}},"visualization":{"layerCount":1,"angle":45,"directions":{"0":{},"2":{}}}}