{"meta":{"app":"FFConverter ~ Joopie","format":"RGBA8888","image":"ads_vpiggy_santapig.png","scale":"1.0","size":{"w":128,"h":64},"version":"1.0"},"frames":{"ads_vpiggy_santapig_ads_vpiggy_santapig_64_a_0_0.png":{"frame":{"x":2,"y":2,"w":44,"h":54},"sourceSize":{"w":44,"h":54},"spriteSourceSize":{"x":0,"y":0,"w":44,"h":54},"rotated":false,"trimmed":false},"ads_vpiggy_santapig_ads_vpiggy_santapig_64_sd_0_0.png":{"frame":{"x":73,"y":42,"w":28,"h":14},"sourceSize":{"w":28,"h":14},"spriteSourceSize":{"x":0,"y":0,"w":28,"h":14},"rotated":false,"trimmed":false},"ads_vpiggy_santapig_ads_vpiggy_santapig_icon_a.png":{"frame":{"x":48,"y":27,"w":23,"h":29},"sourceSize":{"w":23,"h":29},"spriteSourceSize":{"x":0,"y":0,"w":23,"h":29},"rotated":false,"trimmed":false}}}