{"type":"furniture","name":"ads_goldtabl","visualizationType":"furniture_static","logicType":"furniture_basic","spritesheet":"ads_goldtabl_spritesheet.json","dimensions":{"x":1.0,"y":1.0,"z":0.0},"directions":[0,90],"assets":{"ads_goldtabl_64_c_2_0":{"source":"ads_goldtabl_64_c_0_0","x":19,"y":85,"flipH":true},"ads_goldtabl_64_c_0_0":{"x":19,"y":85},"ads_goldtabl_icon_a":{"x":8,"y":14},"ads_goldtabl_64_a_0_0":{"x":19,"y":34},"ads_goldtabl_64_b_0_0":{"x":0,"y":22},"ads_goldtabl_64_a_2_0":{"source":"ads_goldtabl_64_a_0_0","x":19,"y":34,"flipH":true},"ads_goldtabl_64_b_2_0":{"source":"ads_goldtabl_64_b_0_0","x":0,"y":22,"flipH":true}},"visualization":{"layerCount":3,"angle":45,"directions":{"0":{},"2":{}}}}