{"meta":{"app":"FFConverter ~ Joopie","format":"RGBA8888","image":"ads_goldtabl.png","scale":"1.0","size":{"w":128,"h":64},"version":"1.0"},"frames":{"ads_goldtabl_ads_goldtabl_64_a_0_0.png":{"frame":{"x":35,"y":19,"w":34,"h":39},"sourceSize":{"w":34,"h":39},"spriteSourceSize":{"x":0,"y":0,"w":34,"h":39},"rotated":false,"trimmed":false},"ads_goldtabl_ads_goldtabl_64_c_0_0.png":{"frame":{"x":2,"y":2,"w":31,"h":56},"sourceSize":{"w":31,"h":56},"spriteSourceSize":{"x":0,"y":0,"w":31,"h":56},"rotated":false,"trimmed":false},"ads_goldtabl_ads_goldtabl_icon_a.png":{"frame":{"x":71,"y":29,"w":17,"h":29},"sourceSize":{"w":17,"h":29},"spriteSourceSize":{"x":0,"y":0,"w":17,"h":29},"rotated":false,"trimmed":false},"ads_goldtabl_ads_goldtabl_64_b_0_0.png":{"frame":{"x":90,"y":27,"w":14,"h":31},"sourceSize":{"w":14,"h":31},"spriteSourceSize":{"x":0,"y":0,"w":14,"h":31},"rotated":false,"trimmed":false}}}