{"meta":{"app":"FFConverter ~ Joopie","format":"RGBA8888","image":"anc_jngl_patch.png","scale":"1.0","size":{"w":1024,"h":128},"version":"1.0"},"frames":{"anc_jngl_patch_anc_jngl_patch_64_d_2_1.png":{"frame":{"x":2,"y":26,"w":118,"h":24},"sourceSize":{"w":118,"h":24},"spriteSourceSize":{"x":0,"y":0,"w":118,"h":24},"rotated":false,"trimmed":false},"anc_jngl_patch_anc_jngl_patch_64_e_2_1.png":{"frame":{"x":649,"y":99,"w":64,"h":23},"sourceSize":{"w":64,"h":23},"spriteSourceSize":{"x":0,"y":0,"w":64,"h":23},"rotated":false,"trimmed":false},"anc_jngl_patch_anc_jngl_patch_64_b_2_2.png":{"frame":{"x":391,"y":54,"w":127,"h":68},"sourceSize":{"w":127,"h":68},"spriteSourceSize":{"x":0,"y":0,"w":127,"h":68},"rotated":false,"trimmed":false},"anc_jngl_patch_anc_jngl_patch_icon_a.png":{"frame":{"x":649,"y":75,"w":41,"h":22},"sourceSize":{"w":41,"h":22},"spriteSourceSize":{"x":0,"y":0,"w":41,"h":22},"rotated":false,"trimmed":false},"anc_jngl_patch_anc_jngl_patch_64_b_2_3.png":{"frame":{"x":133,"y":54,"w":127,"h":68},"sourceSize":{"w":127,"h":68},"spriteSourceSize":{"x":0,"y":0,"w":127,"h":68},"rotated":false,"trimmed":false},"anc_jngl_patch_anc_jngl_patch_64_b_2_1.png":{"frame":{"x":520,"y":54,"w":127,"h":68},"sourceSize":{"w":127,"h":68},"spriteSourceSize":{"x":0,"y":0,"w":127,"h":68},"rotated":false,"trimmed":false},"anc_jngl_patch_anc_jngl_patch_64_a_2_0.png":{"frame":{"x":2,"y":52,"w":129,"h":70},"sourceSize":{"w":129,"h":70},"spriteSourceSize":{"x":0,"y":0,"w":129,"h":70},"rotated":false,"trimmed":false},"anc_jngl_patch_anc_jngl_patch_64_b_2_0.png":{"frame":{"x":262,"y":54,"w":127,"h":68},"sourceSize":{"w":127,"h":68},"spriteSourceSize":{"x":0,"y":0,"w":127,"h":68},"rotated":false,"trimmed":false},"anc_jngl_patch_anc_jngl_patch_64_e_2_0.png":{"frame":{"x":122,"y":49,"w":1,"h":1},"sourceSize":{"w":1,"h":1},"spriteSourceSize":{"x":0,"y":0,"w":1,"h":1},"rotated":false,"trimmed":false},"anc_jngl_patch_anc_jngl_patch_64_c_2_1.png":{"frame":{"x":2,"y":2,"w":62,"h":22},"sourceSize":{"w":62,"h":22},"spriteSourceSize":{"x":0,"y":0,"w":62,"h":22},"rotated":false,"trimmed":false}}}