{"type":"furniture","name":"anc_jngl_patch","visualizationType":"furniture_animated","logicType":"furniture_multistate","spritesheet":"anc_jngl_patch_spritesheet.json","dimensions":{"x":2.0,"y":2.0,"z":0.01},"directions":[90,180],"assets":{"anc_jngl_patch_64_b_2_1":{"x":64,"y":20},"anc_jngl_patch_64_b_2_2":{"x":64,"y":20},"anc_jngl_patch_64_b_4_0":{"source":"anc_jngl_patch_64_b_2_0","x":64,"y":20,"flipH":true},"anc_jngl_patch_icon_a":{"x":20,"y":10},"anc_jngl_patch_64_b_2_0":{"x":64,"y":20},"anc_jngl_patch_64_b_4_3":{"source":"anc_jngl_patch_64_b_2_3","x":64,"y":20,"flipH":true},"anc_jngl_patch_64_b_2_3":{"x":64,"y":20},"anc_jngl_patch_64_b_4_1":{"source":"anc_jngl_patch_64_b_2_1","x":64,"y":20,"flipH":true},"anc_jngl_patch_64_b_4_2":{"source":"anc_jngl_patch_64_b_2_2","x":64,"y":20,"flipH":true},"anc_jngl_patch_64_d_4_1":{"source":"anc_jngl_patch_64_d_2_1","x":64,"y":-9,"flipH":true},"anc_jngl_patch_64_d_2_1":{"x":64,"y":-9},"anc_jngl_patch_64_d_4_0":{"source":"anc_jngl_patch_64_e_2_0","x":-41,"y":-28,"flipH":true},"anc_jngl_patch_64_d_2_0":{"source":"anc_jngl_patch_64_e_2_0","x":-41,"y":-28},"anc_jngl_patch_64_c_2_0":{"source":"anc_jngl_patch_64_e_2_0","x":-27,"y":6},"anc_jngl_patch_64_c_2_1":{"x":31,"y":6},"anc_jngl_patch_64_a_2_0":{"x":65,"y":21},"anc_jngl_patch_64_c_4_0":{"source":"anc_jngl_patch_64_e_2_0","x":-27,"y":6,"flipH":true},"anc_jngl_patch_64_c_4_1":{"source":"anc_jngl_patch_64_c_2_1","x":31,"y":6,"flipH":true},"anc_jngl_patch_64_a_4_0":{"source":"anc_jngl_patch_64_a_2_0","x":65,"y":21,"flipH":true},"anc_jngl_patch_64_e_2_0":{"x":-1,"y":-48},"anc_jngl_patch_64_e_2_1":{"x":32,"y":-25},"anc_jngl_patch_64_e_4_0":{"source":"anc_jngl_patch_64_e_2_0","x":-1,"y":-48,"flipH":true},"anc_jngl_patch_64_e_4_1":{"source":"anc_jngl_patch_64_e_2_1","x":32,"y":-25,"flipH":true}},"visualization":{"layerCount":5,"angle":45,"layers":{"0":{"z":-10000.0},"1":{"z":-6000.0},"2":{"z":500.0},"3":{"z":1500.0},"4":{"z":2500.0}},"directions":{"2":{},"4":{}},"animations":{"0":{"layers":{"0":{"frameSequences":{"0":{"frames":{"0":{"id":0}}}}},"1":{"frameSequences":{"0":{"frames":{"0":{"id":0}}}}},"2":{"frameSequences":{"0":{"frames":{"0":{"id":0}}}}},"3":{"frameSequences":{"0":{"frames":{"0":{"id":0}}}}},"4":{"frameSequences":{"0":{"frames":{"0":{"id":0}}}}}}},"1":{"layers":{"0":{"frameSequences":{"0":{"frames":{"0":{"id":0}}}}},"1":{"frameSequences":{"0":{"frames":{"0":{"id":1}}}}},"2":{"frameSequences":{"0":{"frames":{"0":{"id":0}}}}},"3":{"frameSequences":{"0":{"frames":{"0":{"id":0}}}}},"4":{"frameSequences":{"0":{"frames":{"0":{"id":0}}}}}}},"2":{"layers":{"0":{"frameSequences":{"0":{"frames":{"0":{"id":0}}}}},"1":{"frameSequences":{"0":{"frames":{"0":{"id":2}}}}},"2":{"frameSequences":{"0":{"frames":{"0":{"id":0}}}}},"3":{"frameSequences":{"0":{"frames":{"0":{"id":0}}}}},"4":{"frameSequences":{"0":{"frames":{"0":{"id":0}}}}}}},"3":{"layers":{"0":{"frameSequences":{"0":{"frames":{"0":{"id":0}}}}},"1":{"frameSequences":{"0":{"frames":{"0":{"id":3}}}}},"2":{"frameSequences":{"0":{"frames":{"0":{"id":1}}}}},"3":{"frameSequences":{"0":{"frames":{"0":{"id":1}}}}},"4":{"frameSequences":{"0":{"frames":{"0":{"id":1}}}}}}}}}}