{"meta":{"app":"FFConverter ~ Joopie","format":"RGBA8888","image":"ads_kfp2_tv.png","scale":"1.0","size":{"w":4096,"h":256},"version":"1.0"},"frames":{"ads_kfp2_tv_ads_kfp2_tv_64_c_2_1.png":{"frame":{"x":3160,"y":94,"w":139,"h":145},"sourceSize":{"w":139,"h":145},"spriteSourceSize":{"x":0,"y":0,"w":139,"h":145},"rotated":false,"trimmed":false},"ads_kfp2_tv_ads_kfp2_tv_64_d_4_0.png":{"frame":{"x":2876,"y":93,"w":140,"h":146},"sourceSize":{"w":140,"h":146},"spriteSourceSize":{"x":0,"y":0,"w":140,"h":146},"rotated":false,"trimmed":false},"ads_kfp2_tv_ads_kfp2_tv_64_b_4_5.png":{"frame":{"x":426,"y":64,"w":174,"h":175},"sourceSize":{"w":174,"h":175},"spriteSourceSize":{"x":0,"y":0,"w":174,"h":175},"rotated":false,"trimmed":false},"ads_kfp2_tv_ads_kfp2_tv_64_b_2_4.png":{"frame":{"x":2186,"y":64,"w":174,"h":175},"sourceSize":{"w":174,"h":175},"spriteSourceSize":{"x":0,"y":0,"w":174,"h":175},"rotated":false,"trimmed":false},"ads_kfp2_tv_ads_kfp2_tv_64_b_4_3.png":{"frame":{"x":1130,"y":64,"w":174,"h":175},"sourceSize":{"w":174,"h":175},"spriteSourceSize":{"x":0,"y":0,"w":174,"h":175},"rotated":false,"trimmed":false},"ads_kfp2_tv_ads_kfp2_tv_64_b_2_1.png":{"frame":{"x":1658,"y":64,"w":174,"h":175},"sourceSize":{"w":174,"h":175},"spriteSourceSize":{"x":0,"y":0,"w":174,"h":175},"rotated":false,"trimmed":false},"ads_kfp2_tv_ads_kfp2_tv_64_b_4_0.png":{"frame":{"x":1306,"y":64,"w":174,"h":175},"sourceSize":{"w":174,"h":175},"spriteSourceSize":{"x":0,"y":0,"w":174,"h":175},"rotated":false,"trimmed":false},"ads_kfp2_tv_ads_kfp2_tv_64_b_4_1.png":{"frame":{"x":778,"y":64,"w":174,"h":175},"sourceSize":{"w":174,"h":175},"spriteSourceSize":{"x":0,"y":0,"w":174,"h":175},"rotated":false,"trimmed":false},"ads_kfp2_tv_ads_kfp2_tv_64_a_4_1.png":{"frame":{"x":3442,"y":119,"w":120,"h":120},"sourceSize":{"w":120,"h":120},"spriteSourceSize":{"x":0,"y":0,"w":120,"h":120},"rotated":false,"trimmed":false},"ads_kfp2_tv_ads_kfp2_tv_64_f_2_0.png":{"frame":{"x":2538,"y":64,"w":167,"h":175},"sourceSize":{"w":167,"h":175},"spriteSourceSize":{"x":0,"y":0,"w":167,"h":175},"rotated":false,"trimmed":false},"ads_kfp2_tv_ads_kfp2_tv_64_b_4_4.png":{"frame":{"x":954,"y":64,"w":174,"h":175},"sourceSize":{"w":174,"h":175},"spriteSourceSize":{"x":0,"y":0,"w":174,"h":175},"rotated":false,"trimmed":false},"ads_kfp2_tv_ads_kfp2_tv_64_b_2_0.png":{"frame":{"x":1834,"y":64,"w":174,"h":175},"sourceSize":{"w":174,"h":175},"spriteSourceSize":{"x":0,"y":0,"w":174,"h":175},"rotated":false,"trimmed":false},"ads_kfp2_tv_ads_kfp2_tv_64_a_2_0.png":{"frame":{"x":3564,"y":119,"w":120,"h":120},"sourceSize":{"w":120,"h":120},"spriteSourceSize":{"x":0,"y":0,"w":120,"h":120},"rotated":false,"trimmed":false},"ads_kfp2_tv_ads_kfp2_tv_64_b_2_5.png":{"frame":{"x":2010,"y":64,"w":174,"h":175},"sourceSize":{"w":174,"h":175},"spriteSourceSize":{"x":0,"y":0,"w":174,"h":175},"rotated":false,"trimmed":false},"ads_kfp2_tv_ads_kfp2_tv_icon_a.png":{"frame":{"x":2,"y":2,"w":28,"h":26},"sourceSize":{"w":28,"h":26},"spriteSourceSize":{"x":0,"y":0,"w":28,"h":26},"rotated":false,"trimmed":false},"ads_kfp2_tv_ads_kfp2_tv_64_b_4_2.png":{"frame":{"x":602,"y":64,"w":174,"h":175},"sourceSize":{"w":174,"h":175},"spriteSourceSize":{"x":0,"y":0,"w":174,"h":175},"rotated":false,"trimmed":false},"ads_kfp2_tv_ads_kfp2_tv_64_b_2_2.png":{"frame":{"x":1482,"y":64,"w":174,"h":175},"sourceSize":{"w":174,"h":175},"spriteSourceSize":{"x":0,"y":0,"w":174,"h":175},"rotated":false,"trimmed":false},"ads_kfp2_tv_ads_kfp2_tv_64_e_4_1.png":{"frame":{"x":214,"y":30,"w":210,"h":209},"sourceSize":{"w":210,"h":209},"spriteSourceSize":{"x":0,"y":0,"w":210,"h":209},"rotated":false,"trimmed":false},"ads_kfp2_tv_ads_kfp2_tv_32_d_2_0.png":{"frame":{"x":3686,"y":238,"w":1,"h":1},"sourceSize":{"w":1,"h":1},"spriteSourceSize":{"x":0,"y":0,"w":1,"h":1},"rotated":false,"trimmed":false},"ads_kfp2_tv_ads_kfp2_tv_64_b_2_3.png":{"frame":{"x":2362,"y":64,"w":174,"h":175},"sourceSize":{"w":174,"h":175},"spriteSourceSize":{"x":0,"y":0,"w":174,"h":175},"rotated":false,"trimmed":false},"ads_kfp2_tv_ads_kfp2_tv_64_d_2_0.png":{"frame":{"x":3018,"y":93,"w":140,"h":146},"sourceSize":{"w":140,"h":146},"spriteSourceSize":{"x":0,"y":0,"w":140,"h":146},"rotated":false,"trimmed":false},"ads_kfp2_tv_ads_kfp2_tv_64_e_2_1.png":{"frame":{"x":2,"y":30,"w":210,"h":209},"sourceSize":{"w":210,"h":209},"spriteSourceSize":{"x":0,"y":0,"w":210,"h":209},"rotated":false,"trimmed":false},"ads_kfp2_tv_ads_kfp2_tv_64_f_4_0.png":{"frame":{"x":2707,"y":64,"w":167,"h":175},"sourceSize":{"w":167,"h":175},"spriteSourceSize":{"x":0,"y":0,"w":167,"h":175},"rotated":false,"trimmed":false},"ads_kfp2_tv_ads_kfp2_tv_64_c_4_1.png":{"frame":{"x":3301,"y":94,"w":139,"h":145},"sourceSize":{"w":139,"h":145},"spriteSourceSize":{"x":0,"y":0,"w":139,"h":145},"rotated":false,"trimmed":false}}}