{"type":"furniture","name":"ads_r7logo","visualizationType":"furniture_static","logicType":"furniture_basic","spritesheet":"ads_r7logo_spritesheet.json","dimensions":{"x":0.1,"y":0.2,"z":0.1},"directions":[90,180],"assets":{"ads_r7logo_icon_a":{"x":12,"y":8},"ads_r7logo_64_a_2_sd":{"x":43,"y":29},"ads_r7logo_64_a_2_0":{"x":43,"y":115}},"visualization":{"layerCount":1,"angle":45,"layers":{"0":{"z":-3000.0}},"directions":{"2":{},"4":{}},"animations":{"0":{"layers":{"0":{"frameSequences":{"0":{"frames":{"0":{"id":0}}}}}}}}}}