{"meta":{"app":"FFConverter ~ Joopie","format":"RGBA8888","image":"ads_r7logo.png","scale":"1.0","size":{"w":128,"h":256},"version":"1.0"},"frames":{"ads_r7logo_ads_r7logo_icon_a.png":{"frame":{"x":99,"y":168,"w":25,"h":17},"sourceSize":{"w":25,"h":17},"spriteSourceSize":{"x":0,"y":0,"w":25,"h":17},"rotated":false,"trimmed":false},"ads_r7logo_ads_r7logo_64_a_2_sd.png":{"frame":{"x":2,"y":2,"w":78,"h":49},"sourceSize":{"w":78,"h":49},"spriteSourceSize":{"x":0,"y":0,"w":78,"h":49},"rotated":false,"trimmed":false},"ads_r7logo_ads_r7logo_64_a_2_0.png":{"frame":{"x":2,"y":53,"w":95,"h":132},"sourceSize":{"w":95,"h":132},"spriteSourceSize":{"x":0,"y":0,"w":95,"h":132},"rotated":false,"trimmed":false}}}