{"meta":{"app":"FFConverter ~ Joopie","format":"RGBA8888","image":"ads_cheetos_bath.png","scale":"1.0","size":{"w":512,"h":128},"version":"1.0"},"frames":{"ads_cheetos_bath_ads_cheetos_bath_icon_a.png":{"frame":{"x":132,"y":47,"w":24,"h":30},"sourceSize":{"w":24,"h":30},"spriteSourceSize":{"x":0,"y":0,"w":24,"h":30},"rotated":false,"trimmed":false},"ads_cheetos_bath_ads_cheetos_bath_64_e_4_1.png":{"frame":{"x":244,"y":90,"w":61,"h":36},"sourceSize":{"w":61,"h":36},"spriteSourceSize":{"x":0,"y":0,"w":61,"h":36},"rotated":false,"trimmed":false},"ads_cheetos_bath_ads_cheetos_bath_32_e_0_0.png":{"frame":{"x":169,"y":81,"w":1,"h":1},"sourceSize":{"w":1,"h":1},"spriteSourceSize":{"x":0,"y":0,"w":1,"h":1},"rotated":false,"trimmed":false},"ads_cheetos_bath_ads_cheetos_bath_64_a_4_0.png":{"frame":{"x":95,"y":79,"w":72,"h":47},"sourceSize":{"w":72,"h":47},"spriteSourceSize":{"x":0,"y":0,"w":72,"h":47},"rotated":false,"trimmed":false},"ads_cheetos_bath_ads_cheetos_bath_64_b_4_0.png":{"frame":{"x":72,"y":26,"w":36,"h":47},"sourceSize":{"w":36,"h":47},"spriteSourceSize":{"x":0,"y":0,"w":36,"h":47},"rotated":false,"trimmed":false},"ads_cheetos_bath_ads_cheetos_bath_64_h_4_1.png":{"frame":{"x":307,"y":96,"w":64,"h":30},"sourceSize":{"w":64,"h":30},"spriteSourceSize":{"x":0,"y":0,"w":64,"h":30},"rotated":false,"trimmed":false},"ads_cheetos_bath_ads_cheetos_bath_64_sd_4_0.png":{"frame":{"x":2,"y":75,"w":91,"h":51},"sourceSize":{"w":91,"h":51},"spriteSourceSize":{"x":0,"y":0,"w":91,"h":51},"rotated":false,"trimmed":false},"ads_cheetos_bath_ads_cheetos_bath_64_c_4_0.png":{"frame":{"x":373,"y":94,"w":41,"h":32},"sourceSize":{"w":41,"h":32},"spriteSourceSize":{"x":0,"y":0,"w":41,"h":32},"rotated":false,"trimmed":false},"ads_cheetos_bath_ads_cheetos_bath_64_f_4_1.png":{"frame":{"x":416,"y":102,"w":46,"h":24},"sourceSize":{"w":46,"h":24},"spriteSourceSize":{"x":0,"y":0,"w":46,"h":24},"rotated":false,"trimmed":false},"ads_cheetos_bath_ads_cheetos_bath_64_d_4_0.png":{"frame":{"x":2,"y":19,"w":68,"h":54},"sourceSize":{"w":68,"h":54},"spriteSourceSize":{"x":0,"y":0,"w":68,"h":54},"rotated":false,"trimmed":false},"ads_cheetos_bath_ads_cheetos_bath_64_i_4_0.png":{"frame":{"x":464,"y":106,"w":22,"h":20},"sourceSize":{"w":22,"h":20},"spriteSourceSize":{"x":0,"y":0,"w":22,"h":20},"rotated":false,"trimmed":false},"ads_cheetos_bath_ads_cheetos_bath_64_j_0_0.png":{"frame":{"x":110,"y":2,"w":14,"h":75},"sourceSize":{"w":14,"h":75},"spriteSourceSize":{"x":0,"y":0,"w":14,"h":75},"rotated":false,"trimmed":false},"ads_cheetos_bath_ads_cheetos_bath_64_i_0_0.png":{"frame":{"x":488,"y":106,"w":22,"h":20},"sourceSize":{"w":22,"h":20},"spriteSourceSize":{"x":0,"y":0,"w":22,"h":20},"rotated":false,"trimmed":false},"ads_cheetos_bath_ads_cheetos_bath_64_j_4_0.png":{"frame":{"x":126,"y":26,"w":4,"h":51},"sourceSize":{"w":4,"h":51},"spriteSourceSize":{"x":0,"y":0,"w":4,"h":51},"rotated":false,"trimmed":false},"ads_cheetos_bath_ads_cheetos_bath_64_g_4_1.png":{"frame":{"x":169,"y":84,"w":73,"h":42},"sourceSize":{"w":73,"h":42},"spriteSourceSize":{"x":0,"y":0,"w":73,"h":42},"rotated":false,"trimmed":false}}}