{"type":"furniture","name":"ads_cheetos_bath","visualizationType":"furniture_animated","logicType":"furniture_multistate","spritesheet":"ads_cheetos_bath_spritesheet.json","dimensions":{"x":1.0,"y":2.0,"z":1.0},"directions":[0,90,180,270],"assets":{"ads_cheetos_bath_64_d_0_0":{"source":"ads_cheetos_bath_64_d_4_0","x":67,"y":27},"ads_cheetos_bath_64_d_6_0":{"source":"ads_cheetos_bath_64_d_4_0","x":67,"y":27,"flipH":true},"ads_cheetos_bath_icon_a":{"x":12,"y":15},"ads_cheetos_bath_64_d_2_0":{"source":"ads_cheetos_bath_64_d_4_0","x":67,"y":27,"flipH":true},"ads_cheetos_bath_64_d_4_0":{"x":67,"y":27},"ads_cheetos_bath_64_c_2_0":{"source":"ads_cheetos_bath_64_c_4_0","x":71,"y":45,"flipH":true},"ads_cheetos_bath_64_c_0_0":{"source":"ads_cheetos_bath_64_c_4_0","x":71,"y":45},"ads_cheetos_bath_64_c_6_0":{"source":"ads_cheetos_bath_64_c_4_0","x":71,"y":45,"flipH":true},"ads_cheetos_bath_64_c_4_0":{"x":71,"y":45},"ads_cheetos_bath_64_g_6_1":{"source":"ads_cheetos_bath_64_g_4_1","x":69,"y":54,"flipH":true},"ads_cheetos_bath_64_b_4_0":{"x":4,"y":45},"ads_cheetos_bath_64_b_6_0":{"source":"ads_cheetos_bath_64_b_4_0","x":4,"y":45,"flipH":true},"ads_cheetos_bath_64_sd_6_0":{"source":"ads_cheetos_bath_64_sd_4_0","x":64,"y":21,"flipH":true},"ads_cheetos_bath_64_sd_4_0":{"x":64,"y":21},"ads_cheetos_bath_64_sd_2_0":{"source":"ads_cheetos_bath_64_sd_4_0","x":64,"y":21,"flipH":true},"ads_cheetos_bath_64_h_6_1":{"source":"ads_cheetos_bath_64_h_4_1","x":61,"y":42,"flipH":true},"ads_cheetos_bath_64_sd_0_0":{"source":"ads_cheetos_bath_64_sd_4_0","x":64,"y":21},"ads_cheetos_bath_64_b_0_0":{"source":"ads_cheetos_bath_64_b_4_0","x":4,"y":45},"ads_cheetos_bath_64_h_6_0":{"source":"ads_cheetos_bath_32_e_0_0","x":32,"y":0,"flipH":true},"ads_cheetos_bath_64_b_2_0":{"source":"ads_cheetos_bath_64_b_4_0","x":4,"y":45,"flipH":true},"ads_cheetos_bath_64_a_6_0":{"source":"ads_cheetos_bath_64_a_4_0","x":40,"y":62,"flipH":true},"ads_cheetos_bath_64_j_2_0":{"source":"ads_cheetos_bath_64_j_4_0","x":-21,"y":106,"flipH":true},"ads_cheetos_bath_64_j_0_0":{"x":65,"y":78},"ads_cheetos_bath_64_a_0_0":{"source":"ads_cheetos_bath_64_a_4_0","x":40,"y":62},"ads_cheetos_bath_64_a_4_0":{"x":40,"y":62},"ads_cheetos_bath_64_i_6_0":{"source":"ads_cheetos_bath_64_i_0_0","x":60,"y":80,"flipH":true},"ads_cheetos_bath_64_a_2_0":{"source":"ads_cheetos_bath_64_a_4_0","x":40,"y":62,"flipH":true},"ads_cheetos_bath_64_i_0_0":{"x":60,"y":80},"ads_cheetos_bath_64_i_2_0":{"source":"ads_cheetos_bath_64_i_4_0","x":1,"y":108,"flipH":true},"ads_cheetos_bath_64_i_4_0":{"x":1,"y":108},"ads_cheetos_bath_64_j_6_0":{"source":"ads_cheetos_bath_64_j_0_0","x":65,"y":78,"flipH":true},"ads_cheetos_bath_64_j_4_0":{"x":-21,"y":106},"ads_cheetos_bath_64_h_2_1":{"source":"ads_cheetos_bath_64_h_4_1","x":61,"y":42,"flipH":true},"ads_cheetos_bath_64_h_2_0":{"source":"ads_cheetos_bath_32_e_0_0","x":32,"y":0,"flipH":true},"ads_cheetos_bath_64_h_4_1":{"x":61,"y":42},"ads_cheetos_bath_64_h_4_0":{"source":"ads_cheetos_bath_32_e_0_0","x":32,"y":0},"ads_cheetos_bath_64_h_0_1":{"source":"ads_cheetos_bath_64_h_4_1","x":61,"y":42},"ads_cheetos_bath_64_h_0_0":{"source":"ads_cheetos_bath_32_e_0_0","x":32,"y":0},"ads_cheetos_bath_64_g_6_0":{"source":"ads_cheetos_bath_32_e_0_0","x":32,"y":0,"flipH":true},"ads_cheetos_bath_64_g_4_1":{"x":69,"y":54},"ads_cheetos_bath_64_g_4_0":{"source":"ads_cheetos_bath_32_e_0_0","x":32,"y":0},"ads_cheetos_bath_64_g_2_1":{"source":"ads_cheetos_bath_64_g_4_1","x":69,"y":54,"flipH":true},"ads_cheetos_bath_64_g_2_0":{"source":"ads_cheetos_bath_32_e_0_0","x":32,"y":0,"flipH":true},"ads_cheetos_bath_64_g_0_1":{"source":"ads_cheetos_bath_64_g_4_1","x":69,"y":54},"ads_cheetos_bath_64_g_0_0":{"source":"ads_cheetos_bath_32_e_0_0","x":32,"y":0},"ads_cheetos_bath_64_f_0_1":{"source":"ads_cheetos_bath_64_f_4_1","x":20,"y":54},"ads_cheetos_bath_64_f_0_0":{"source":"ads_cheetos_bath_32_e_0_0","x":32,"y":0},"ads_cheetos_bath_64_f_2_1":{"source":"ads_cheetos_bath_64_f_4_1","x":20,"y":54,"flipH":true},"ads_cheetos_bath_64_f_2_0":{"source":"ads_cheetos_bath_32_e_0_0","x":32,"y":0,"flipH":true},"ads_cheetos_bath_64_f_4_1":{"x":20,"y":54},"ads_cheetos_bath_64_f_4_0":{"source":"ads_cheetos_bath_32_e_0_0","x":32,"y":0},"ads_cheetos_bath_64_f_6_1":{"source":"ads_cheetos_bath_64_f_4_1","x":20,"y":54,"flipH":true},"ads_cheetos_bath_64_f_6_0":{"source":"ads_cheetos_bath_32_e_0_0","x":32,"y":0,"flipH":true},"ads_cheetos_bath_64_e_0_0":{"source":"ads_cheetos_bath_32_e_0_0","x":32,"y":0},"ads_cheetos_bath_64_e_4_0":{"source":"ads_cheetos_bath_32_e_0_0","x":32,"y":0},"ads_cheetos_bath_64_e_2_1":{"source":"ads_cheetos_bath_64_e_4_1","x":35,"y":66,"flipH":true},"ads_cheetos_bath_64_e_2_0":{"source":"ads_cheetos_bath_32_e_0_0","x":32,"y":0,"flipH":true},"ads_cheetos_bath_64_e_0_1":{"source":"ads_cheetos_bath_64_e_4_1","x":35,"y":66},"ads_cheetos_bath_64_e_6_1":{"source":"ads_cheetos_bath_64_e_4_1","x":35,"y":66,"flipH":true},"ads_cheetos_bath_64_e_6_0":{"source":"ads_cheetos_bath_32_e_0_0","x":32,"y":0,"flipH":true},"ads_cheetos_bath_64_e_4_1":{"x":35,"y":66}},"visualization":{"layerCount":10,"angle":45,"layers":{"1":{"z":500.0},"2":{"z":1000.0},"3":{"z":1500.0},"4":{"z":2.0},"5":{"z":502.0},"6":{"z":1002.0},"7":{"z":1502.0}},"directions":{"0":{"layers":{"8":{"z":1503.0},"9":{"z":1503.0}}},"2":{},"4":{},"6":{"layers":{"8":{"z":1503.0},"9":{"z":1503.0}}}},"animations":{"0":{"layers":{"0":{"frameSequences":{"0":{"frames":{"0":{"id":0}}}}},"1":{"frameSequences":{"0":{"frames":{"0":{"id":0}}}}},"2":{"frameSequences":{"0":{"frames":{"0":{"id":0}}}}},"3":{"frameSequences":{"0":{"frames":{"0":{"id":0}}}}},"4":{"frameSequences":{"0":{"frames":{"0":{"id":0}}}}},"5":{"frameSequences":{"0":{"frames":{"0":{"id":0}}}}},"6":{"frameSequences":{"0":{"frames":{"0":{"id":0}}}}},"7":{"frameSequences":{"0":{"frames":{"0":{"id":0}}}}},"8":{"frameSequences":{"0":{"frames":{"0":{"id":0}}}}}}},"1":{"layers":{"4":{"frameSequences":{"0":{"frames":{"0":{"id":1}}}}},"5":{"frameSequences":{"0":{"frames":{"0":{"id":1}}}}},"6":{"frameSequences":{"0":{"frames":{"0":{"id":1}}}}},"7":{"frameSequences":{"0":{"frames":{"0":{"id":1}}}}}}}}}}