{"meta":{"app":"FFConverter ~ Joopie","format":"RGBA8888","image":"ads_capri_lava.png","scale":"1.0","size":{"w":4096,"h":128},"version":"1.0"},"frames":{"ads_capri_lava_ads_capri_lava_64_c_0_70.png":{"frame":{"x":3143,"y":97,"w":32,"h":29},"sourceSize":{"w":32,"h":29},"spriteSourceSize":{"x":0,"y":0,"w":32,"h":29},"rotated":false,"trimmed":false},"ads_capri_lava_ads_capri_lava_64_c_0_28.png":{"frame":{"x":1735,"y":3,"w":33,"h":61},"sourceSize":{"w":33,"h":61},"spriteSourceSize":{"x":0,"y":0,"w":33,"h":61},"rotated":false,"trimmed":false},"ads_capri_lava_ads_capri_lava_64_d_0_16.png":{"frame":{"x":1110,"y":2,"w":56,"h":49},"sourceSize":{"w":56,"h":49},"spriteSourceSize":{"x":0,"y":0,"w":56,"h":49},"rotated":false,"trimmed":false},"ads_capri_lava_ads_capri_lava_64_c_0_0.png":{"frame":{"x":3347,"y":107,"w":32,"h":19},"sourceSize":{"w":32,"h":19},"spriteSourceSize":{"x":0,"y":0,"w":32,"h":19},"rotated":false,"trimmed":false},"ads_capri_lava_ads_capri_lava_64_c_0_62.png":{"frame":{"x":2326,"y":68,"w":32,"h":58},"sourceSize":{"w":32,"h":58},"spriteSourceSize":{"x":0,"y":0,"w":32,"h":58},"rotated":false,"trimmed":false},"ads_capri_lava_ads_capri_lava_64_d_0_18.png":{"frame":{"x":1458,"y":2,"w":56,"h":56},"sourceSize":{"w":56,"h":56},"spriteSourceSize":{"x":0,"y":0,"w":56,"h":56},"rotated":false,"trimmed":false},"ads_capri_lava_ads_capri_lava_64_c_0_2.png":{"frame":{"x":3177,"y":100,"w":32,"h":26},"sourceSize":{"w":32,"h":26},"spriteSourceSize":{"x":0,"y":0,"w":32,"h":26},"rotated":false,"trimmed":false},"ads_capri_lava_ads_capri_lava_64_d_0_60.png":{"frame":{"x":355,"y":44,"w":56,"h":82},"sourceSize":{"w":56,"h":82},"spriteSourceSize":{"x":0,"y":0,"w":56,"h":82},"rotated":false,"trimmed":false},"ads_capri_lava_ads_capri_lava_64_c_0_11.png":{"frame":{"x":2360,"y":69,"w":32,"h":57},"sourceSize":{"w":32,"h":57},"spriteSourceSize":{"x":0,"y":0,"w":32,"h":57},"rotated":false,"trimmed":false},"ads_capri_lava_ads_capri_lava_64_d_0_26.png":{"frame":{"x":239,"y":44,"w":56,"h":82},"sourceSize":{"w":56,"h":82},"spriteSourceSize":{"x":0,"y":0,"w":56,"h":82},"rotated":false,"trimmed":false},"ads_capri_lava_ads_capri_lava_64_d_0_7.png":{"frame":{"x":1458,"y":60,"w":56,"h":66},"sourceSize":{"w":56,"h":66},"spriteSourceSize":{"x":0,"y":0,"w":56,"h":66},"rotated":false,"trimmed":false},"ads_capri_lava_ads_capri_lava_64_d_0_69.png":{"frame":{"x":1516,"y":2,"w":56,"h":56},"sourceSize":{"w":56,"h":56},"spriteSourceSize":{"x":0,"y":0,"w":56,"h":56},"rotated":false,"trimmed":false},"ads_capri_lava_ads_capri_lava_64_c_0_72.png":{"frame":{"x":2190,"y":44,"w":32,"h":21},"sourceSize":{"w":32,"h":21},"spriteSourceSize":{"x":0,"y":0,"w":32,"h":21},"rotated":false,"trimmed":false},"ads_capri_lava_ads_capri_lava_64_c_0_69.png":{"frame":{"x":3041,"y":93,"w":32,"h":33},"sourceSize":{"w":32,"h":33},"spriteSourceSize":{"x":0,"y":0,"w":32,"h":33},"rotated":false,"trimmed":false},"ads_capri_lava_ads_capri_lava_64_c_0_26.png":{"frame":{"x":2190,"y":67,"w":32,"h":59},"sourceSize":{"w":32,"h":59},"spriteSourceSize":{"x":0,"y":0,"w":32,"h":59},"rotated":false,"trimmed":false},"ads_capri_lava_ads_capri_lava_64_c_0_13.png":{"frame":{"x":1770,"y":5,"w":32,"h":59},"sourceSize":{"w":32,"h":59},"spriteSourceSize":{"x":0,"y":0,"w":32,"h":59},"rotated":false,"trimmed":false},"ads_capri_lava_ads_capri_lava_64_d_0_14.png":{"frame":{"x":413,"y":44,"w":56,"h":82},"sourceSize":{"w":56,"h":82},"spriteSourceSize":{"x":0,"y":0,"w":56,"h":82},"rotated":false,"trimmed":false},"ads_capri_lava_ads_capri_lava_64_c_0_60.png":{"frame":{"x":2258,"y":67,"w":32,"h":59},"sourceSize":{"w":32,"h":59},"spriteSourceSize":{"x":0,"y":0,"w":32,"h":59},"rotated":false,"trimmed":false},"ads_capri_lava_ads_capri_lava_64_c_0_4.png":{"frame":{"x":3007,"y":93,"w":32,"h":33},"sourceSize":{"w":32,"h":33},"spriteSourceSize":{"x":0,"y":0,"w":32,"h":33},"rotated":false,"trimmed":false},"ads_capri_lava_ads_capri_lava_64_d_0_62.png":{"frame":{"x":645,"y":45,"w":56,"h":81},"sourceSize":{"w":56,"h":81},"spriteSourceSize":{"x":0,"y":0,"w":56,"h":81},"rotated":false,"trimmed":false},"ads_capri_lava_ads_capri_lava_64_d_0_59.png":{"frame":{"x":587,"y":45,"w":56,"h":81},"sourceSize":{"w":56,"h":81},"spriteSourceSize":{"x":0,"y":0,"w":56,"h":81},"rotated":false,"trimmed":false},"ads_capri_lava_ads_capri_lava_64_d_0_0.png":{"frame":{"x":819,"y":2,"w":56,"h":43},"sourceSize":{"w":56,"h":43},"spriteSourceSize":{"x":0,"y":0,"w":56,"h":43},"rotated":false,"trimmed":false},"ads_capri_lava_ads_capri_lava_64_c_0_74.png":{"frame":{"x":2224,"y":45,"w":32,"h":20},"sourceSize":{"w":32,"h":20},"spriteSourceSize":{"x":0,"y":0,"w":32,"h":20},"rotated":false,"trimmed":false},"ads_capri_lava_ads_capri_lava_64_d_0_28.png":{"frame":{"x":123,"y":43,"w":56,"h":83},"sourceSize":{"w":56,"h":83},"spriteSourceSize":{"x":0,"y":0,"w":56,"h":83},"rotated":false,"trimmed":false},"ads_capri_lava_ads_capri_lava_64_d_0_9.png":{"frame":{"x":1110,"y":53,"w":56,"h":73},"sourceSize":{"w":56,"h":73},"spriteSourceSize":{"x":0,"y":0,"w":56,"h":73},"rotated":false,"trimmed":false},"ads_capri_lava_ads_capri_lava_64_c_0_15.png":{"frame":{"x":3313,"y":105,"w":32,"h":21},"sourceSize":{"w":32,"h":21},"spriteSourceSize":{"x":0,"y":0,"w":32,"h":21},"rotated":false,"trimmed":false},"ads_capri_lava_ads_capri_lava_64_f_0_0.png":{"frame":{"x":2,"y":18,"w":60,"h":108},"sourceSize":{"w":60,"h":108},"spriteSourceSize":{"x":0,"y":0,"w":60,"h":108},"rotated":false,"trimmed":false},"ads_capri_lava_ads_capri_lava_64_d_0_20.png":{"frame":{"x":1400,"y":60,"w":56,"h":66},"sourceSize":{"w":56,"h":66},"spriteSourceSize":{"x":0,"y":0,"w":56,"h":66},"rotated":false,"trimmed":false},"ads_capri_lava_ads_capri_lava_64_c_0_66.png":{"frame":{"x":2769,"y":84,"w":32,"h":42},"sourceSize":{"w":32,"h":42},"spriteSourceSize":{"x":0,"y":0,"w":32,"h":42},"rotated":false,"trimmed":false},"ads_capri_lava_ads_capri_lava_64_d_0_1.png":{"frame":{"x":993,"y":2,"w":56,"h":45},"sourceSize":{"w":56,"h":45},"spriteSourceSize":{"x":0,"y":0,"w":56,"h":45},"rotated":false,"trimmed":false},"ads_capri_lava_ads_capri_lava_64_c_0_23.png":{"frame":{"x":2496,"y":74,"w":33,"h":52},"sourceSize":{"w":33,"h":52},"spriteSourceSize":{"x":0,"y":0,"w":33,"h":52},"rotated":false,"trimmed":false},"ads_capri_lava_ads_capri_lava_64_d_0_29.png":{"frame":{"x":181,"y":43,"w":56,"h":83},"sourceSize":{"w":56,"h":83},"spriteSourceSize":{"x":0,"y":0,"w":56,"h":83},"rotated":false,"trimmed":false},"ads_capri_lava_ads_capri_lava_64_c_0_7.png":{"frame":{"x":2701,"y":83,"w":32,"h":43},"sourceSize":{"w":32,"h":43},"spriteSourceSize":{"x":0,"y":0,"w":32,"h":43},"rotated":false,"trimmed":false},"ads_capri_lava_ads_capri_lava_64_c_0_25.png":{"frame":{"x":2394,"y":69,"w":32,"h":57},"sourceSize":{"w":32,"h":57},"spriteSourceSize":{"x":0,"y":0,"w":32,"h":57},"rotated":false,"trimmed":false},"ads_capri_lava_ads_capri_lava_64_c_0_68.png":{"frame":{"x":2871,"y":89,"w":32,"h":37},"sourceSize":{"w":32,"h":37},"spriteSourceSize":{"x":0,"y":0,"w":32,"h":37},"rotated":false,"trimmed":false},"ads_capri_lava_ads_capri_lava_64_d_0_73.png":{"frame":{"x":935,"y":2,"w":56,"h":46},"sourceSize":{"w":56,"h":46},"spriteSourceSize":{"x":0,"y":0,"w":56,"h":46},"rotated":false,"trimmed":false},"ads_capri_lava_ads_capri_lava_64_d_0_22.png":{"frame":{"x":1052,"y":53,"w":56,"h":73},"sourceSize":{"w":56,"h":73},"spriteSourceSize":{"x":0,"y":0,"w":56,"h":73},"rotated":false,"trimmed":false},"ads_capri_lava_ads_capri_lava_64_d_0_65.png":{"frame":{"x":1342,"y":58,"w":56,"h":68},"sourceSize":{"w":56,"h":68},"spriteSourceSize":{"x":0,"y":0,"w":56,"h":68},"rotated":false,"trimmed":false},"ads_capri_lava_ads_capri_lava_64_d_0_13.png":{"frame":{"x":529,"y":44,"w":56,"h":82},"sourceSize":{"w":56,"h":82},"spriteSourceSize":{"x":0,"y":0,"w":56,"h":82},"rotated":false,"trimmed":false},"ads_capri_lava_ads_capri_lava_64_c_0_21.png":{"frame":{"x":2599,"y":80,"w":32,"h":46},"sourceSize":{"w":32,"h":46},"spriteSourceSize":{"x":0,"y":0,"w":32,"h":46},"rotated":false,"trimmed":false},"ads_capri_lava_ads_capri_lava_64_c_0_64.png":{"frame":{"x":2565,"y":77,"w":32,"h":49},"sourceSize":{"w":32,"h":49},"spriteSourceSize":{"x":0,"y":0,"w":32,"h":49},"rotated":false,"trimmed":false},"ads_capri_lava_ads_capri_lava_64_d_0_3.png":{"frame":{"x":1284,"y":2,"w":56,"h":53},"sourceSize":{"w":56,"h":53},"spriteSourceSize":{"x":0,"y":0,"w":56,"h":53},"rotated":false,"trimmed":false},"ads_capri_lava_ads_capri_lava_64_c_0_17.png":{"frame":{"x":3075,"y":96,"w":32,"h":30},"sourceSize":{"w":32,"h":30},"spriteSourceSize":{"x":0,"y":0,"w":32,"h":30},"rotated":false,"trimmed":false},"ads_capri_lava_ads_capri_lava_64_d_0_24.png":{"frame":{"x":877,"y":48,"w":56,"h":78},"sourceSize":{"w":56,"h":78},"spriteSourceSize":{"x":0,"y":0,"w":56,"h":78},"rotated":false,"trimmed":false},"ads_capri_lava_ads_capri_lava_64_d_0_71.png":{"frame":{"x":1864,"y":78,"w":56,"h":48},"sourceSize":{"w":56,"h":48},"spriteSourceSize":{"x":0,"y":0,"w":56,"h":48},"rotated":false,"trimmed":false},"ads_capri_lava_ads_capri_lava_64_c_0_9.png":{"frame":{"x":2531,"y":77,"w":32,"h":49},"sourceSize":{"w":32,"h":49},"spriteSourceSize":{"x":0,"y":0,"w":32,"h":49},"rotated":false,"trimmed":false},"ads_capri_lava_ads_capri_lava_64_d_0_5.png":{"frame":{"x":1574,"y":2,"w":56,"h":59},"sourceSize":{"w":56,"h":59},"spriteSourceSize":{"x":0,"y":0,"w":56,"h":59},"rotated":false,"trimmed":false},"ads_capri_lava_ads_capri_lava_64_d_0_11.png":{"frame":{"x":761,"y":46,"w":56,"h":80},"sourceSize":{"w":56,"h":80},"spriteSourceSize":{"x":0,"y":0,"w":56,"h":80},"rotated":false,"trimmed":false},"ads_capri_lava_ads_capri_lava_64_d_0_67.png":{"frame":{"x":1574,"y":63,"w":56,"h":63},"sourceSize":{"w":56,"h":63},"spriteSourceSize":{"x":0,"y":0,"w":56,"h":63},"rotated":false,"trimmed":false},"ads_capri_lava_ads_capri_lava_64_d_0_25.png":{"frame":{"x":703,"y":46,"w":56,"h":80},"sourceSize":{"w":56,"h":80},"spriteSourceSize":{"x":0,"y":0,"w":56,"h":80},"rotated":false,"trimmed":false},"ads_capri_lava_ads_capri_lava_64_c_0_1.png":{"frame":{"x":3279,"y":104,"w":32,"h":22},"sourceSize":{"w":32,"h":22},"spriteSourceSize":{"x":0,"y":0,"w":32,"h":22},"rotated":false,"trimmed":false},"ads_capri_lava_ads_capri_lava_64_d_0_17.png":{"frame":{"x":1806,"y":73,"w":56,"h":53},"sourceSize":{"w":56,"h":53},"spriteSourceSize":{"x":0,"y":0,"w":56,"h":53},"rotated":false,"trimmed":false},"ads_capri_lava_ads_capri_lava_64_c_0_10.png":{"frame":{"x":2462,"y":72,"w":32,"h":54},"sourceSize":{"w":32,"h":54},"spriteSourceSize":{"x":0,"y":0,"w":32,"h":54},"rotated":false,"trimmed":false},"ads_capri_lava_ads_capri_lava_icon_a.png":{"frame":{"x":1202,"y":21,"w":13,"h":30},"sourceSize":{"w":13,"h":30},"spriteSourceSize":{"x":0,"y":0,"w":13,"h":30},"rotated":false,"trimmed":false},"ads_capri_lava_ads_capri_lava_64_d_0_6.png":{"frame":{"x":1632,"y":64,"w":56,"h":62},"sourceSize":{"w":56,"h":62},"spriteSourceSize":{"x":0,"y":0,"w":56,"h":62},"rotated":false,"trimmed":false},"ads_capri_lava_ads_capri_lava_64_c_0_19.png":{"frame":{"x":2905,"y":90,"w":32,"h":36},"sourceSize":{"w":32,"h":36},"spriteSourceSize":{"x":0,"y":0,"w":32,"h":36},"rotated":false,"trimmed":false},"ads_capri_lava_ads_capri_lava_64_sd_0_0.png":{"frame":{"x":64,"y":20,"w":42,"h":20},"sourceSize":{"w":42,"h":20},"spriteSourceSize":{"x":0,"y":0,"w":42,"h":20},"rotated":false,"trimmed":false},"ads_capri_lava_ads_capri_lava_64_d_0_68.png":{"frame":{"x":1748,"y":66,"w":56,"h":60},"sourceSize":{"w":56,"h":60},"spriteSourceSize":{"x":0,"y":0,"w":56,"h":60},"rotated":false,"trimmed":false},"ads_capri_lava_ads_capri_lava_64_c_0_71.png":{"frame":{"x":3211,"y":101,"w":32,"h":25},"sourceSize":{"w":32,"h":25},"spriteSourceSize":{"x":0,"y":0,"w":32,"h":25},"rotated":false,"trimmed":false},"ads_capri_lava_ads_capri_lava_64_c_0_63.png":{"frame":{"x":2428,"y":71,"w":32,"h":55},"sourceSize":{"w":32,"h":55},"spriteSourceSize":{"x":0,"y":0,"w":32,"h":55},"rotated":false,"trimmed":false},"ads_capri_lava_ads_capri_lava_64_a_0_0.png":{"frame":{"x":2038,"y":52,"w":38,"h":74},"sourceSize":{"w":38,"h":74},"spriteSourceSize":{"x":0,"y":0,"w":38,"h":74},"rotated":false,"trimmed":false},"ads_capri_lava_ads_capri_lava_64_c_0_12.png":{"frame":{"x":2156,"y":67,"w":32,"h":59},"sourceSize":{"w":32,"h":59},"spriteSourceSize":{"x":0,"y":0,"w":32,"h":59},"rotated":false,"trimmed":false},"ads_capri_lava_ads_capri_lava_64_c_0_29.png":{"frame":{"x":1666,"y":2,"w":32,"h":60},"sourceSize":{"w":32,"h":60},"spriteSourceSize":{"x":0,"y":0,"w":32,"h":60},"rotated":false,"trimmed":false},"ads_capri_lava_ads_capri_lava_64_c_0_3.png":{"frame":{"x":3109,"y":96,"w":32,"h":30},"sourceSize":{"w":32,"h":30},"spriteSourceSize":{"x":0,"y":0,"w":32,"h":30},"rotated":false,"trimmed":false},"ads_capri_lava_ads_capri_lava_64_c_0_20.png":{"frame":{"x":2735,"y":84,"w":32,"h":42},"sourceSize":{"w":32,"h":42},"spriteSourceSize":{"x":0,"y":0,"w":32,"h":42},"rotated":false,"trimmed":false},"ads_capri_lava_ads_capri_lava_64_d_0_74.png":{"frame":{"x":877,"y":2,"w":56,"h":44},"sourceSize":{"w":56,"h":44},"spriteSourceSize":{"x":0,"y":0,"w":56,"h":44},"rotated":false,"trimmed":false},"ads_capri_lava_ads_capri_lava_64_d_0_8.png":{"frame":{"x":1284,"y":57,"w":56,"h":69},"sourceSize":{"w":56,"h":69},"spriteSourceSize":{"x":0,"y":0,"w":56,"h":69},"rotated":false,"trimmed":false},"ads_capri_lava_ads_capri_lava_64_d_0_61.png":{"frame":{"x":297,"y":44,"w":56,"h":82},"sourceSize":{"w":56,"h":82},"spriteSourceSize":{"x":0,"y":0,"w":56,"h":82},"rotated":false,"trimmed":false},"ads_capri_lava_ads_capri_lava_64_c_0_73.png":{"frame":{"x":2156,"y":43,"w":32,"h":22},"sourceSize":{"w":32,"h":22},"spriteSourceSize":{"x":0,"y":0,"w":32,"h":22},"rotated":false,"trimmed":false},"ads_capri_lava_ads_capri_lava_64_d_0_27.png":{"frame":{"x":64,"y":42,"w":57,"h":84},"sourceSize":{"w":57,"h":84},"spriteSourceSize":{"x":0,"y":0,"w":57,"h":84},"rotated":false,"trimmed":false},"ads_capri_lava_ads_capri_lava_64_c_0_14.png":{"frame":{"x":1632,"y":2,"w":32,"h":60},"sourceSize":{"w":32,"h":60},"spriteSourceSize":{"x":0,"y":0,"w":32,"h":60},"rotated":false,"trimmed":false},"ads_capri_lava_ads_capri_lava_64_c_0_27.png":{"frame":{"x":1700,"y":3,"w":33,"h":61},"sourceSize":{"w":33,"h":61},"spriteSourceSize":{"x":0,"y":0,"w":33,"h":61},"rotated":false,"trimmed":false},"ads_capri_lava_ads_capri_lava_64_c_0_61.png":{"frame":{"x":2224,"y":67,"w":32,"h":59},"sourceSize":{"w":32,"h":59},"spriteSourceSize":{"x":0,"y":0,"w":32,"h":59},"rotated":false,"trimmed":false},"ads_capri_lava_ads_capri_lava_64_d_0_15.png":{"frame":{"x":1922,"y":81,"w":56,"h":45},"sourceSize":{"w":56,"h":45},"spriteSourceSize":{"x":0,"y":0,"w":56,"h":45},"rotated":false,"trimmed":false},"ads_capri_lava_ads_capri_lava_64_d_0_63.png":{"frame":{"x":819,"y":47,"w":56,"h":79},"sourceSize":{"w":56,"h":79},"spriteSourceSize":{"x":0,"y":0,"w":56,"h":79},"rotated":false,"trimmed":false},"ads_capri_lava_ads_capri_lava_64_c_0_5.png":{"frame":{"x":2939,"y":90,"w":32,"h":36},"sourceSize":{"w":32,"h":36},"spriteSourceSize":{"x":0,"y":0,"w":32,"h":36},"rotated":false,"trimmed":false},"ads_capri_lava_ads_capri_lava_32_g_0_0.png":{"frame":{"x":1770,"y":2,"w":1,"h":1},"sourceSize":{"w":1,"h":1},"spriteSourceSize":{"x":0,"y":0,"w":1,"h":1},"rotated":false,"trimmed":false},"ads_capri_lava_ads_capri_lava_64_c_0_67.png":{"frame":{"x":2837,"y":87,"w":32,"h":39},"sourceSize":{"w":32,"h":39},"spriteSourceSize":{"x":0,"y":0,"w":32,"h":39},"rotated":false,"trimmed":false},"ads_capri_lava_ads_capri_lava_64_d_0_72.png":{"frame":{"x":1980,"y":82,"w":56,"h":44},"sourceSize":{"w":56,"h":44},"spriteSourceSize":{"x":0,"y":0,"w":56,"h":44},"rotated":false,"trimmed":false},"ads_capri_lava_ads_capri_lava_64_d_0_64.png":{"frame":{"x":1168,"y":53,"w":56,"h":73},"sourceSize":{"w":56,"h":73},"spriteSourceSize":{"x":0,"y":0,"w":56,"h":73},"rotated":false,"trimmed":false},"ads_capri_lava_ads_capri_lava_64_c_0_6.png":{"frame":{"x":2803,"y":87,"w":32,"h":39},"sourceSize":{"w":32,"h":39},"spriteSourceSize":{"x":0,"y":0,"w":32,"h":39},"rotated":false,"trimmed":false},"ads_capri_lava_ads_capri_lava_64_d_0_12.png":{"frame":{"x":471,"y":44,"w":56,"h":82},"sourceSize":{"w":56,"h":82},"spriteSourceSize":{"x":0,"y":0,"w":56,"h":82},"rotated":false,"trimmed":false},"ads_capri_lava_ads_capri_lava_64_b_0_0.png":{"frame":{"x":2078,"y":27,"w":38,"h":99},"sourceSize":{"w":38,"h":99},"spriteSourceSize":{"x":0,"y":0,"w":38,"h":99},"rotated":false,"trimmed":false},"ads_capri_lava_ads_capri_lava_64_c_0_16.png":{"frame":{"x":3245,"y":101,"w":32,"h":25},"sourceSize":{"w":32,"h":25},"spriteSourceSize":{"x":0,"y":0,"w":32,"h":25},"rotated":false,"trimmed":false},"ads_capri_lava_ads_capri_lava_64_d_0_21.png":{"frame":{"x":1226,"y":56,"w":56,"h":70},"sourceSize":{"w":56,"h":70},"spriteSourceSize":{"x":0,"y":0,"w":56,"h":70},"rotated":false,"trimmed":false},"ads_capri_lava_ads_capri_lava_64_d_0_70.png":{"frame":{"x":1226,"y":2,"w":56,"h":52},"sourceSize":{"w":56,"h":52},"spriteSourceSize":{"x":0,"y":0,"w":56,"h":52},"rotated":false,"trimmed":false},"ads_capri_lava_ads_capri_lava_64_d_0_2.png":{"frame":{"x":1052,"y":2,"w":56,"h":49},"sourceSize":{"w":56,"h":49},"spriteSourceSize":{"x":0,"y":0,"w":56,"h":49},"rotated":false,"trimmed":false},"ads_capri_lava_ads_capri_lava_64_c_0_24.png":{"frame":{"x":1342,"y":2,"w":33,"h":54},"sourceSize":{"w":33,"h":54},"spriteSourceSize":{"x":0,"y":0,"w":33,"h":54},"rotated":false,"trimmed":false},"ads_capri_lava_ads_capri_lava_64_c_0_59.png":{"frame":{"x":2292,"y":68,"w":32,"h":58},"sourceSize":{"w":32,"h":58},"spriteSourceSize":{"x":0,"y":0,"w":32,"h":58},"rotated":false,"trimmed":false},"ads_capri_lava_ads_capri_lava_64_d_0_19.png":{"frame":{"x":1690,"y":66,"w":56,"h":60},"sourceSize":{"w":56,"h":60},"spriteSourceSize":{"x":0,"y":0,"w":56,"h":60},"rotated":false,"trimmed":false},"ads_capri_lava_ads_capri_lava_64_c_0_8.png":{"frame":{"x":2633,"y":80,"w":32,"h":46},"sourceSize":{"w":32,"h":46},"spriteSourceSize":{"x":0,"y":0,"w":32,"h":46},"rotated":false,"trimmed":false},"ads_capri_lava_ads_capri_lava_64_d_0_10.png":{"frame":{"x":994,"y":49,"w":56,"h":77},"sourceSize":{"w":56,"h":77},"spriteSourceSize":{"x":0,"y":0,"w":56,"h":77},"rotated":false,"trimmed":false},"ads_capri_lava_ads_capri_lava_64_d_0_23.png":{"frame":{"x":935,"y":50,"w":57,"h":76},"sourceSize":{"w":57,"h":76},"spriteSourceSize":{"x":0,"y":0,"w":57,"h":76},"rotated":false,"trimmed":false},"ads_capri_lava_ads_capri_lava_64_d_0_66.png":{"frame":{"x":1516,"y":60,"w":56,"h":66},"sourceSize":{"w":56,"h":66},"spriteSourceSize":{"x":0,"y":0,"w":56,"h":66},"rotated":false,"trimmed":false},"ads_capri_lava_ads_capri_lava_64_c_0_22.png":{"frame":{"x":1168,"y":2,"w":32,"h":49},"sourceSize":{"w":32,"h":49},"spriteSourceSize":{"x":0,"y":0,"w":32,"h":49},"rotated":false,"trimmed":false},"ads_capri_lava_ads_capri_lava_64_c_0_65.png":{"frame":{"x":2667,"y":81,"w":32,"h":45},"sourceSize":{"w":32,"h":45},"spriteSourceSize":{"x":0,"y":0,"w":32,"h":45},"rotated":false,"trimmed":false},"ads_capri_lava_ads_capri_lava_64_d_0_4.png":{"frame":{"x":1400,"y":2,"w":56,"h":56},"sourceSize":{"w":56,"h":56},"spriteSourceSize":{"x":0,"y":0,"w":56,"h":56},"rotated":false,"trimmed":false},"ads_capri_lava_ads_capri_lava_64_c_0_18.png":{"frame":{"x":2973,"y":93,"w":32,"h":33},"sourceSize":{"w":32,"h":33},"spriteSourceSize":{"x":0,"y":0,"w":32,"h":33},"rotated":false,"trimmed":false},"ads_capri_lava_ads_capri_lava_64_e_0_0.png":{"frame":{"x":2118,"y":42,"w":36,"h":84},"sourceSize":{"w":36,"h":84},"spriteSourceSize":{"x":0,"y":0,"w":36,"h":84},"rotated":false,"trimmed":false}}}