{"meta":{"app":"FFConverter ~ Joopie","format":"RGBA8888","image":"ads_cltele.png","scale":"1.0","size":{"w":512,"h":256},"version":"1.0"},"frames":{"ads_cltele_ads_cltele_icon_a.png":{"frame":{"x":320,"y":206,"w":20,"h":30},"sourceSize":{"w":20,"h":30},"spriteSourceSize":{"x":0,"y":0,"w":20,"h":30},"rotated":false,"trimmed":false},"ads_cltele_ads_cltele_64_a_4_1.png":{"frame":{"x":2,"y":2,"w":54,"h":93},"sourceSize":{"w":54,"h":93},"spriteSourceSize":{"x":0,"y":0,"w":54,"h":93},"rotated":false,"trimmed":false},"ads_cltele_ads_cltele_64_b_4_0.png":{"frame":{"x":72,"y":105,"w":60,"h":131},"sourceSize":{"w":60,"h":131},"spriteSourceSize":{"x":0,"y":0,"w":60,"h":131},"rotated":false,"trimmed":false},"ads_cltele_ads_cltele_64_c_4_1.png":{"frame":{"x":2,"y":97,"w":68,"h":139},"sourceSize":{"w":68,"h":139},"spriteSourceSize":{"x":0,"y":0,"w":68,"h":139},"rotated":false,"trimmed":false},"ads_cltele_ads_cltele_64_b_4_1.png":{"frame":{"x":258,"y":105,"w":60,"h":131},"sourceSize":{"w":60,"h":131},"spriteSourceSize":{"x":0,"y":0,"w":60,"h":131},"rotated":false,"trimmed":false},"ads_cltele_ads_cltele_64_c_4_0.png":{"frame":{"x":72,"y":102,"w":1,"h":1},"sourceSize":{"w":1,"h":1},"spriteSourceSize":{"x":0,"y":0,"w":1,"h":1},"rotated":false,"trimmed":false},"ads_cltele_ads_cltele_64_b_2_1.png":{"frame":{"x":196,"y":105,"w":60,"h":131},"sourceSize":{"w":60,"h":131},"spriteSourceSize":{"x":0,"y":0,"w":60,"h":131},"rotated":false,"trimmed":false},"ads_cltele_ads_cltele_64_b_2_0.png":{"frame":{"x":134,"y":105,"w":60,"h":131},"sourceSize":{"w":60,"h":131},"spriteSourceSize":{"x":0,"y":0,"w":60,"h":131},"rotated":false,"trimmed":false}}}