{"meta":{"app":"FFConverter ~ Joopie","format":"RGBA8888","image":"ads_tv_yle.png","scale":"1.0","size":{"w":4096,"h":512},"version":"1.0"},"frames":{"ads_tv_yle_ads_tv_yle_64_c_2_1.png":{"frame":{"x":1439,"y":211,"w":140,"h":147},"sourceSize":{"w":140,"h":147},"spriteSourceSize":{"x":0,"y":0,"w":140,"h":147},"rotated":false,"trimmed":false},"ads_tv_yle_ads_tv_yle_64_d_4_0.png":{"frame":{"x":1581,"y":213,"w":140,"h":146},"sourceSize":{"w":140,"h":146},"spriteSourceSize":{"x":0,"y":0,"w":140,"h":146},"rotated":false,"trimmed":false},"ads_tv_yle_ads_tv_yle_64_g_2_25.png":{"frame":{"x":778,"y":19,"w":139,"h":134},"sourceSize":{"w":139,"h":134},"spriteSourceSize":{"x":0,"y":0,"w":139,"h":134},"rotated":false,"trimmed":false},"ads_tv_yle_ads_tv_yle_64_g_2_50.png":{"frame":{"x":2209,"y":118,"w":71,"h":95},"sourceSize":{"w":71,"h":95},"spriteSourceSize":{"x":0,"y":0,"w":71,"h":95},"rotated":false,"trimmed":false},"ads_tv_yle_ads_tv_yle_64_g_2_34.png":{"frame":{"x":2631,"y":120,"w":54,"h":93},"sourceSize":{"w":54,"h":93},"spriteSourceSize":{"x":0,"y":0,"w":54,"h":93},"rotated":false,"trimmed":false},"ads_tv_yle_ads_tv_yle_64_b_4_1.png":{"frame":{"x":1094,"y":332,"w":174,"h":175},"sourceSize":{"w":174,"h":175},"spriteSourceSize":{"x":0,"y":0,"w":174,"h":175},"rotated":false,"trimmed":false},"ads_tv_yle_ads_tv_yle_64_g_2_41.png":{"frame":{"x":1445,"y":119,"w":119,"h":90},"sourceSize":{"w":119,"h":90},"spriteSourceSize":{"x":0,"y":0,"w":119,"h":90},"rotated":false,"trimmed":false},"ads_tv_yle_ads_tv_yle_64_c_4_5.png":{"frame":{"x":1864,"y":215,"w":139,"h":145},"sourceSize":{"w":139,"h":145},"spriteSourceSize":{"x":0,"y":0,"w":139,"h":145},"rotated":false,"trimmed":false},"ads_tv_yle_ads_tv_yle_64_g_2_17.png":{"frame":{"x":3133,"y":237,"w":139,"h":134},"sourceSize":{"w":139,"h":134},"spriteSourceSize":{"x":0,"y":0,"w":139,"h":134},"rotated":false,"trimmed":false},"ads_tv_yle_ads_tv_yle_64_g_2_9.png":{"frame":{"x":2851,"y":237,"w":139,"h":134},"sourceSize":{"w":139,"h":134},"spriteSourceSize":{"x":0,"y":0,"w":139,"h":134},"rotated":false,"trimmed":false},"ads_tv_yle_ads_tv_yle_64_c_2_2.png":{"frame":{"x":2287,"y":362,"w":139,"h":145},"sourceSize":{"w":139,"h":145},"spriteSourceSize":{"x":0,"y":0,"w":139,"h":145},"rotated":false,"trimmed":false},"ads_tv_yle_ads_tv_yle_64_e_2_1.png":{"frame":{"x":2,"y":87,"w":210,"h":209},"sourceSize":{"w":210,"h":209},"spriteSourceSize":{"x":0,"y":0,"w":210,"h":209},"rotated":false,"trimmed":false},"ads_tv_yle_ads_tv_yle_64_g_2_18.png":{"frame":{"x":3274,"y":373,"w":139,"h":134},"sourceSize":{"w":139,"h":134},"spriteSourceSize":{"x":0,"y":0,"w":139,"h":134},"rotated":false,"trimmed":false},"ads_tv_yle_ads_tv_yle_64_g_2_43.png":{"frame":{"x":3979,"y":303,"w":104,"h":105},"sourceSize":{"w":104,"h":105},"spriteSourceSize":{"x":0,"y":0,"w":104,"h":105},"rotated":false,"trimmed":false},"ads_tv_yle_ads_tv_yle_64_b_4_2.png":{"frame":{"x":918,"y":155,"w":174,"h":175},"sourceSize":{"w":174,"h":175},"spriteSourceSize":{"x":0,"y":0,"w":174,"h":175},"rotated":false,"trimmed":false},"ads_tv_yle_ads_tv_yle_64_g_2_26.png":{"frame":{"x":355,"y":19,"w":139,"h":134},"sourceSize":{"w":139,"h":134},"spriteSourceSize":{"x":0,"y":0,"w":139,"h":134},"rotated":false,"trimmed":false},"ads_tv_yle_ads_tv_yle_64_g_2_1.png":{"frame":{"x":88,"y":51,"w":59,"h":34},"sourceSize":{"w":59,"h":34},"spriteSourceSize":{"x":0,"y":0,"w":59,"h":34},"rotated":false,"trimmed":false},"ads_tv_yle_ads_tv_yle_64_c_2_3.png":{"frame":{"x":2146,"y":362,"w":139,"h":145},"sourceSize":{"w":139,"h":145},"spriteSourceSize":{"x":0,"y":0,"w":139,"h":145},"rotated":false,"trimmed":false},"ads_tv_yle_ads_tv_yle_64_g_2_2.png":{"frame":{"x":1843,"y":66,"w":38,"h":47},"sourceSize":{"w":38,"h":47},"spriteSourceSize":{"x":0,"y":0,"w":38,"h":47},"rotated":false,"trimmed":false},"ads_tv_yle_ads_tv_yle_64_c_4_6.png":{"frame":{"x":2005,"y":362,"w":139,"h":145},"sourceSize":{"w":139,"h":145},"spriteSourceSize":{"x":0,"y":0,"w":139,"h":145},"rotated":false,"trimmed":false},"ads_tv_yle_ads_tv_yle_64_g_2_40.png":{"frame":{"x":1566,"y":119,"w":69,"h":90},"sourceSize":{"w":69,"h":90},"spriteSourceSize":{"x":0,"y":0,"w":69,"h":90},"rotated":false,"trimmed":false},"ads_tv_yle_ads_tv_yle_64_g_2_35.png":{"frame":{"x":1619,"y":11,"w":54,"h":93},"sourceSize":{"w":54,"h":93},"spriteSourceSize":{"x":0,"y":0,"w":54,"h":93},"rotated":false,"trimmed":false},"ads_tv_yle_ads_tv_yle_64_f_4_1.png":{"frame":{"x":1270,"y":155,"w":167,"h":175},"sourceSize":{"w":167,"h":175},"spriteSourceSize":{"x":0,"y":0,"w":167,"h":175},"rotated":false,"trimmed":false},"ads_tv_yle_ads_tv_yle_64_g_2_44.png":{"frame":{"x":3979,"y":209,"w":94,"h":92},"sourceSize":{"w":94,"h":92},"spriteSourceSize":{"x":0,"y":0,"w":94,"h":92},"rotated":false,"trimmed":false},"ads_tv_yle_ads_tv_yle_64_g_2_31.png":{"frame":{"x":1814,"y":36,"w":27,"h":77},"sourceSize":{"w":27,"h":77},"spriteSourceSize":{"x":0,"y":0,"w":27,"h":77},"rotated":false,"trimmed":false},"ads_tv_yle_ads_tv_yle_64_b_2_4.png":{"frame":{"x":214,"y":155,"w":174,"h":175},"sourceSize":{"w":174,"h":175},"spriteSourceSize":{"x":0,"y":0,"w":174,"h":175},"rotated":false,"trimmed":false},"ads_tv_yle_ads_tv_yle_64_g_2_14.png":{"frame":{"x":3415,"y":237,"w":139,"h":134},"sourceSize":{"w":139,"h":134},"spriteSourceSize":{"x":0,"y":0,"w":139,"h":134},"rotated":false,"trimmed":false},"ads_tv_yle_ads_tv_yle_64_g_2_27.png":{"frame":{"x":496,"y":19,"w":139,"h":134},"sourceSize":{"w":139,"h":134},"spriteSourceSize":{"x":0,"y":0,"w":139,"h":134},"rotated":false,"trimmed":false},"ads_tv_yle_ads_tv_yle_64_g_2_52.png":{"frame":{"x":1723,"y":112,"w":81,"h":101},"sourceSize":{"w":81,"h":101},"spriteSourceSize":{"x":0,"y":0,"w":81,"h":101},"rotated":false,"trimmed":false},"ads_tv_yle_ads_tv_yle_64_g_2_28.png":{"frame":{"x":919,"y":19,"w":139,"h":134},"sourceSize":{"w":139,"h":134},"spriteSourceSize":{"x":0,"y":0,"w":139,"h":134},"rotated":false,"trimmed":false},"ads_tv_yle_ads_tv_yle_64_g_2_7.png":{"frame":{"x":2992,"y":237,"w":139,"h":134},"sourceSize":{"w":139,"h":134},"spriteSourceSize":{"x":0,"y":0,"w":139,"h":134},"rotated":false,"trimmed":false},"ads_tv_yle_ads_tv_yle_64_c_2_8.png":{"frame":{"x":2569,"y":215,"w":139,"h":145},"sourceSize":{"w":139,"h":145},"spriteSourceSize":{"x":0,"y":0,"w":139,"h":145},"rotated":false,"trimmed":false},"ads_tv_yle_ads_tv_yle_64_g_2_15.png":{"frame":{"x":3556,"y":373,"w":139,"h":134},"sourceSize":{"w":139,"h":134},"spriteSourceSize":{"x":0,"y":0,"w":139,"h":134},"rotated":false,"trimmed":false},"ads_tv_yle_ads_tv_yle_64_c_4_3.png":{"frame":{"x":1723,"y":215,"w":139,"h":145},"sourceSize":{"w":139,"h":145},"spriteSourceSize":{"x":0,"y":0,"w":139,"h":145},"rotated":false,"trimmed":false},"ads_tv_yle_ads_tv_yle_64_g_2_32.png":{"frame":{"x":1731,"y":33,"w":54,"h":77},"sourceSize":{"w":54,"h":77},"spriteSourceSize":{"x":0,"y":0,"w":54,"h":77},"rotated":false,"trimmed":false},"ads_tv_yle_ads_tv_yle_64_g_2_45.png":{"frame":{"x":1971,"y":123,"w":84,"h":90},"sourceSize":{"w":84,"h":90},"spriteSourceSize":{"x":0,"y":0,"w":84,"h":90},"rotated":false,"trimmed":false},"ads_tv_yle_ads_tv_yle_64_b_2_5.png":{"frame":{"x":214,"y":332,"w":174,"h":175},"sourceSize":{"w":174,"h":175},"spriteSourceSize":{"x":0,"y":0,"w":174,"h":175},"rotated":false,"trimmed":false},"ads_tv_yle_ads_tv_yle_64_c_4_4.png":{"frame":{"x":1864,"y":362,"w":139,"h":145},"sourceSize":{"w":139,"h":145},"spriteSourceSize":{"x":0,"y":0,"w":139,"h":145},"rotated":false,"trimmed":false},"ads_tv_yle_ads_tv_yle_64_g_2_29.png":{"frame":{"x":1060,"y":19,"w":139,"h":134},"sourceSize":{"w":139,"h":134},"spriteSourceSize":{"x":0,"y":0,"w":139,"h":134},"rotated":false,"trimmed":false},"ads_tv_yle_ads_tv_yle_64_a_2_1.png":{"frame":{"x":1201,"y":33,"w":120,"h":120},"sourceSize":{"w":120,"h":120},"spriteSourceSize":{"x":0,"y":0,"w":120,"h":120},"rotated":false,"trimmed":false},"ads_tv_yle_ads_tv_yle_64_g_2_51.png":{"frame":{"x":1806,"y":115,"w":79,"h":98},"sourceSize":{"w":79,"h":98},"spriteSourceSize":{"x":0,"y":0,"w":79,"h":98},"rotated":false,"trimmed":false},"ads_tv_yle_ads_tv_yle_64_b_4_0.png":{"frame":{"x":742,"y":332,"w":174,"h":175},"sourceSize":{"w":174,"h":175},"spriteSourceSize":{"x":0,"y":0,"w":174,"h":175},"rotated":false,"trimmed":false},"ads_tv_yle_ads_tv_yle_64_g_2_46.png":{"frame":{"x":2134,"y":122,"w":73,"h":91},"sourceSize":{"w":73,"h":91},"spriteSourceSize":{"x":0,"y":0,"w":73,"h":91},"rotated":false,"trimmed":false},"ads_tv_yle_ads_tv_yle_64_g_2_8.png":{"frame":{"x":2992,"y":373,"w":139,"h":134},"sourceSize":{"w":139,"h":134},"spriteSourceSize":{"x":0,"y":0,"w":139,"h":134},"rotated":false,"trimmed":false},"ads_tv_yle_ads_tv_yle_64_g_2_16.png":{"frame":{"x":3556,"y":237,"w":139,"h":134},"sourceSize":{"w":139,"h":134},"spriteSourceSize":{"x":0,"y":0,"w":139,"h":134},"rotated":false,"trimmed":false},"ads_tv_yle_ads_tv_yle_64_g_2_33.png":{"frame":{"x":1675,"y":25,"w":54,"h":79},"sourceSize":{"w":54,"h":79},"spriteSourceSize":{"x":0,"y":0,"w":54,"h":79},"rotated":false,"trimmed":false},"ads_tv_yle_ads_tv_yle_64_g_2_5.png":{"frame":{"x":3697,"y":373,"w":139,"h":134},"sourceSize":{"w":139,"h":134},"spriteSourceSize":{"x":0,"y":0,"w":139,"h":134},"rotated":false,"trimmed":false},"ads_tv_yle_ads_tv_yle_64_c_2_6.png":{"frame":{"x":2569,"y":362,"w":139,"h":145},"sourceSize":{"w":139,"h":145},"spriteSourceSize":{"x":0,"y":0,"w":139,"h":145},"rotated":false,"trimmed":false},"ads_tv_yle_ads_tv_yle_64_e_4_0.png":{"frame":{"x":1806,"y":112,"w":1,"h":1},"sourceSize":{"w":1,"h":1},"spriteSourceSize":{"x":0,"y":0,"w":1,"h":1},"rotated":false,"trimmed":false},"ads_tv_yle_ads_tv_yle_64_g_2_20.png":{"frame":{"x":3838,"y":237,"w":139,"h":134},"sourceSize":{"w":139,"h":134},"spriteSourceSize":{"x":0,"y":0,"w":139,"h":134},"rotated":false,"trimmed":false},"ads_tv_yle_ads_tv_yle_64_g_2_55.png":{"frame":{"x":1445,"y":8,"w":85,"h":109},"sourceSize":{"w":85,"h":109},"spriteSourceSize":{"x":0,"y":0,"w":85,"h":109},"rotated":false,"trimmed":false},"ads_tv_yle_ads_tv_yle_64_g_2_38.png":{"frame":{"x":2562,"y":123,"w":67,"h":90},"sourceSize":{"w":67,"h":90},"spriteSourceSize":{"x":0,"y":0,"w":67,"h":90},"rotated":false,"trimmed":false},"ads_tv_yle_ads_tv_yle_64_g_2_12.png":{"frame":{"x":2851,"y":373,"w":139,"h":134},"sourceSize":{"w":139,"h":134},"spriteSourceSize":{"x":0,"y":0,"w":139,"h":134},"rotated":false,"trimmed":false},"ads_tv_yle_ads_tv_yle_64_b_4_5.png":{"frame":{"x":1094,"y":155,"w":174,"h":175},"sourceSize":{"w":174,"h":175},"spriteSourceSize":{"x":0,"y":0,"w":174,"h":175},"rotated":false,"trimmed":false},"ads_tv_yle_ads_tv_yle_64_c_4_1.png":{"frame":{"x":1439,"y":360,"w":140,"h":147},"sourceSize":{"w":140,"h":147},"spriteSourceSize":{"x":0,"y":0,"w":140,"h":147},"rotated":false,"trimmed":false},"ads_tv_yle_ads_tv_yle_64_f_2_1.png":{"frame":{"x":1270,"y":332,"w":167,"h":175},"sourceSize":{"w":167,"h":175},"spriteSourceSize":{"x":0,"y":0,"w":167,"h":175},"rotated":false,"trimmed":false},"ads_tv_yle_ads_tv_yle_64_b_2_2.png":{"frame":{"x":390,"y":155,"w":174,"h":175},"sourceSize":{"w":174,"h":175},"spriteSourceSize":{"x":0,"y":0,"w":174,"h":175},"rotated":false,"trimmed":false},"ads_tv_yle_ads_tv_yle_64_g_2_21.png":{"frame":{"x":214,"y":19,"w":139,"h":134},"sourceSize":{"w":139,"h":134},"spriteSourceSize":{"x":0,"y":0,"w":139,"h":134},"rotated":false,"trimmed":false},"ads_tv_yle_ads_tv_yle_64_g_2_47.png":{"frame":{"x":2282,"y":122,"w":68,"h":91},"sourceSize":{"w":68,"h":91},"spriteSourceSize":{"x":0,"y":0,"w":68,"h":91},"rotated":false,"trimmed":false},"ads_tv_yle_ads_tv_yle_64_g_2_13.png":{"frame":{"x":3415,"y":373,"w":139,"h":134},"sourceSize":{"w":139,"h":134},"spriteSourceSize":{"x":0,"y":0,"w":139,"h":134},"rotated":false,"trimmed":false},"ads_tv_yle_ads_tv_yle_64_g_2_48.png":{"frame":{"x":2422,"y":122,"w":68,"h":91},"sourceSize":{"w":68,"h":91},"spriteSourceSize":{"x":0,"y":0,"w":68,"h":91},"rotated":false,"trimmed":false},"ads_tv_yle_ads_tv_yle_64_g_2_56.png":{"frame":{"x":2,"y":31,"w":84,"h":54},"sourceSize":{"w":84,"h":54},"spriteSourceSize":{"x":0,"y":0,"w":84,"h":54},"rotated":false,"trimmed":false},"ads_tv_yle_ads_tv_yle_64_e_4_1.png":{"frame":{"x":2,"y":298,"w":210,"h":209},"sourceSize":{"w":210,"h":209},"spriteSourceSize":{"x":0,"y":0,"w":210,"h":209},"rotated":false,"trimmed":false},"ads_tv_yle_ads_tv_yle_64_g_2_6.png":{"frame":{"x":3133,"y":373,"w":139,"h":134},"sourceSize":{"w":139,"h":134},"spriteSourceSize":{"x":0,"y":0,"w":139,"h":134},"rotated":false,"trimmed":false},"ads_tv_yle_ads_tv_yle_64_b_2_3.png":{"frame":{"x":390,"y":332,"w":174,"h":175},"sourceSize":{"w":174,"h":175},"spriteSourceSize":{"x":0,"y":0,"w":174,"h":175},"rotated":false,"trimmed":false},"ads_tv_yle_ads_tv_yle_64_g_2_39.png":{"frame":{"x":2492,"y":123,"w":68,"h":90},"sourceSize":{"w":68,"h":90},"spriteSourceSize":{"x":0,"y":0,"w":68,"h":90},"rotated":false,"trimmed":false},"ads_tv_yle_ads_tv_yle_64_g_2_22.png":{"frame":{"x":3697,"y":237,"w":139,"h":134},"sourceSize":{"w":139,"h":134},"spriteSourceSize":{"x":0,"y":0,"w":139,"h":134},"rotated":false,"trimmed":false},"ads_tv_yle_ads_tv_yle_64_g_2_53.png":{"frame":{"x":1637,"y":106,"w":84,"h":105},"sourceSize":{"w":84,"h":105},"spriteSourceSize":{"x":0,"y":0,"w":84,"h":105},"rotated":false,"trimmed":false},"ads_tv_yle_ads_tv_yle_64_c_2_7.png":{"frame":{"x":2428,"y":215,"w":139,"h":145},"sourceSize":{"w":139,"h":145},"spriteSourceSize":{"x":0,"y":0,"w":139,"h":145},"rotated":false,"trimmed":false},"ads_tv_yle_ads_tv_yle_64_g_2_57.png":{"frame":{"x":4085,"y":401,"w":8,"h":7},"sourceSize":{"w":8,"h":7},"spriteSourceSize":{"x":0,"y":0,"w":8,"h":7},"rotated":false,"trimmed":false},"ads_tv_yle_ads_tv_yle_64_c_4_2.png":{"frame":{"x":1723,"y":362,"w":139,"h":145},"sourceSize":{"w":139,"h":145},"spriteSourceSize":{"x":0,"y":0,"w":139,"h":145},"rotated":false,"trimmed":false},"ads_tv_yle_ads_tv_yle_64_b_4_3.png":{"frame":{"x":918,"y":332,"w":174,"h":175},"sourceSize":{"w":174,"h":175},"spriteSourceSize":{"x":0,"y":0,"w":174,"h":175},"rotated":false,"trimmed":false},"ads_tv_yle_ads_tv_yle_64_g_2_36.png":{"frame":{"x":1887,"y":120,"w":82,"h":93},"sourceSize":{"w":82,"h":93},"spriteSourceSize":{"x":0,"y":0,"w":82,"h":93},"rotated":false,"trimmed":false},"ads_tv_yle_ads_tv_yle_64_g_2_49.png":{"frame":{"x":2352,"y":122,"w":68,"h":91},"sourceSize":{"w":68,"h":91},"spriteSourceSize":{"x":0,"y":0,"w":68,"h":91},"rotated":false,"trimmed":false},"ads_tv_yle_ads_tv_yle_64_c_4_8.png":{"frame":{"x":2146,"y":215,"w":139,"h":145},"sourceSize":{"w":139,"h":145},"spriteSourceSize":{"x":0,"y":0,"w":139,"h":145},"rotated":false,"trimmed":false},"ads_tv_yle_ads_tv_yle_64_g_2_23.png":{"frame":{"x":3838,"y":373,"w":139,"h":134},"sourceSize":{"w":139,"h":134},"spriteSourceSize":{"x":0,"y":0,"w":139,"h":134},"rotated":false,"trimmed":false},"ads_tv_yle_ads_tv_yle_64_g_2_3.png":{"frame":{"x":2710,"y":215,"w":20,"h":20},"sourceSize":{"w":20,"h":20},"spriteSourceSize":{"x":0,"y":0,"w":20,"h":20},"rotated":false,"trimmed":false},"ads_tv_yle_ads_tv_yle_icon_a.png":{"frame":{"x":2,"y":2,"w":28,"h":27},"sourceSize":{"w":28,"h":27},"spriteSourceSize":{"x":0,"y":0,"w":28,"h":27},"rotated":false,"trimmed":false},"ads_tv_yle_ads_tv_yle_64_g_2_10.png":{"frame":{"x":2710,"y":373,"w":139,"h":134},"sourceSize":{"w":139,"h":134},"spriteSourceSize":{"x":0,"y":0,"w":139,"h":134},"rotated":false,"trimmed":false},"ads_tv_yle_ads_tv_yle_64_c_4_7.png":{"frame":{"x":2005,"y":215,"w":139,"h":145},"sourceSize":{"w":139,"h":145},"spriteSourceSize":{"x":0,"y":0,"w":139,"h":145},"rotated":false,"trimmed":false},"ads_tv_yle_ads_tv_yle_64_g_2_30.png":{"frame":{"x":1787,"y":31,"w":25,"h":79},"sourceSize":{"w":25,"h":79},"spriteSourceSize":{"x":0,"y":0,"w":25,"h":79},"rotated":false,"trimmed":false},"ads_tv_yle_ads_tv_yle_64_b_2_0.png":{"frame":{"x":566,"y":155,"w":174,"h":175},"sourceSize":{"w":174,"h":175},"spriteSourceSize":{"x":0,"y":0,"w":174,"h":175},"rotated":false,"trimmed":false},"ads_tv_yle_ads_tv_yle_64_g_2_19.png":{"frame":{"x":3274,"y":237,"w":139,"h":134},"sourceSize":{"w":139,"h":134},"spriteSourceSize":{"x":0,"y":0,"w":139,"h":134},"rotated":false,"trimmed":false},"ads_tv_yle_ads_tv_yle_64_c_2_4.png":{"frame":{"x":2428,"y":362,"w":139,"h":145},"sourceSize":{"w":139,"h":145},"spriteSourceSize":{"x":0,"y":0,"w":139,"h":145},"rotated":false,"trimmed":false},"ads_tv_yle_ads_tv_yle_64_g_2_37.png":{"frame":{"x":2057,"y":120,"w":75,"h":93},"sourceSize":{"w":75,"h":93},"spriteSourceSize":{"x":0,"y":0,"w":75,"h":93},"rotated":false,"trimmed":false},"ads_tv_yle_ads_tv_yle_64_a_4_0.png":{"frame":{"x":1323,"y":33,"w":120,"h":120},"sourceSize":{"w":120,"h":120},"spriteSourceSize":{"x":0,"y":0,"w":120,"h":120},"rotated":false,"trimmed":false},"ads_tv_yle_ads_tv_yle_64_b_4_4.png":{"frame":{"x":742,"y":155,"w":174,"h":175},"sourceSize":{"w":174,"h":175},"spriteSourceSize":{"x":0,"y":0,"w":174,"h":175},"rotated":false,"trimmed":false},"ads_tv_yle_ads_tv_yle_64_d_2_0.png":{"frame":{"x":1581,"y":361,"w":140,"h":146},"sourceSize":{"w":140,"h":146},"spriteSourceSize":{"x":0,"y":0,"w":140,"h":146},"rotated":false,"trimmed":false},"ads_tv_yle_ads_tv_yle_64_g_2_54.png":{"frame":{"x":1532,"y":8,"w":85,"h":109},"sourceSize":{"w":85,"h":109},"spriteSourceSize":{"x":0,"y":0,"w":85,"h":109},"rotated":false,"trimmed":false},"ads_tv_yle_ads_tv_yle_64_g_2_4.png":{"frame":{"x":2687,"y":133,"w":39,"h":80},"sourceSize":{"w":39,"h":80},"spriteSourceSize":{"x":0,"y":0,"w":39,"h":80},"rotated":false,"trimmed":false},"ads_tv_yle_ads_tv_yle_64_g_2_24.png":{"frame":{"x":637,"y":19,"w":139,"h":134},"sourceSize":{"w":139,"h":134},"spriteSourceSize":{"x":0,"y":0,"w":139,"h":134},"rotated":false,"trimmed":false},"ads_tv_yle_ads_tv_yle_64_g_2_11.png":{"frame":{"x":2710,"y":237,"w":139,"h":134},"sourceSize":{"w":139,"h":134},"spriteSourceSize":{"x":0,"y":0,"w":139,"h":134},"rotated":false,"trimmed":false},"ads_tv_yle_ads_tv_yle_64_b_2_1.png":{"frame":{"x":566,"y":332,"w":174,"h":175},"sourceSize":{"w":174,"h":175},"spriteSourceSize":{"x":0,"y":0,"w":174,"h":175},"rotated":false,"trimmed":false},"ads_tv_yle_ads_tv_yle_64_g_2_42.png":{"frame":{"x":3979,"y":410,"w":114,"h":97},"sourceSize":{"w":114,"h":97},"spriteSourceSize":{"x":0,"y":0,"w":114,"h":97},"rotated":false,"trimmed":false},"ads_tv_yle_ads_tv_yle_64_c_2_5.png":{"frame":{"x":2287,"y":215,"w":139,"h":145},"sourceSize":{"w":139,"h":145},"spriteSourceSize":{"x":0,"y":0,"w":139,"h":145},"rotated":false,"trimmed":false}}}