{"type":"furniture","name":"ads_tv_yle","visualizationType":"furniture_animated","logicType":"furniture_multistate","spritesheet":"ads_tv_yle_spritesheet.json","dimensions":{"x":3.75,"y":0.2,"z":1.875},"directions":[90,180],"assets":{"ads_tv_yle_64_g_4_23":{"source":"ads_tv_yle_64_g_2_23","x":71,"y":59,"flipH":true},"ads_tv_yle_64_g_4_3":{"source":"ads_tv_yle_64_g_2_3","x":-41,"y":15,"flipH":true},"ads_tv_yle_64_g_4_24":{"source":"ads_tv_yle_64_g_2_24","x":71,"y":59,"flipH":true},"ads_tv_yle_64_g_4_4":{"source":"ads_tv_yle_64_g_2_4","x":-29,"y":59,"flipH":true},"ads_tv_yle_64_g_4_1":{"source":"ads_tv_yle_64_g_2_1","x":71,"y":-41,"flipH":true},"ads_tv_yle_64_g_4_21":{"source":"ads_tv_yle_64_g_2_21","x":71,"y":59,"flipH":true},"ads_tv_yle_64_g_4_2":{"source":"ads_tv_yle_64_g_2_2","x":71,"y":-21,"flipH":true},"ads_tv_yle_64_g_4_22":{"source":"ads_tv_yle_64_g_2_22","x":71,"y":59,"flipH":true},"ads_tv_yle_64_g_4_27":{"source":"ads_tv_yle_64_g_2_27","x":71,"y":59,"flipH":true},"ads_tv_yle_64_g_4_7":{"source":"ads_tv_yle_64_g_2_7","x":71,"y":59,"flipH":true},"ads_tv_yle_64_g_4_28":{"source":"ads_tv_yle_64_g_2_28","x":71,"y":59,"flipH":true},"ads_tv_yle_64_g_4_8":{"source":"ads_tv_yle_64_g_2_8","x":71,"y":59,"flipH":true},"ads_tv_yle_64_g_4_25":{"source":"ads_tv_yle_64_g_2_25","x":71,"y":59,"flipH":true},"ads_tv_yle_64_g_4_5":{"source":"ads_tv_yle_64_g_2_5","x":71,"y":59,"flipH":true},"ads_tv_yle_64_g_4_26":{"source":"ads_tv_yle_64_g_2_26","x":71,"y":59,"flipH":true},"ads_tv_yle_64_g_4_6":{"source":"ads_tv_yle_64_g_2_6","x":71,"y":59,"flipH":true},"ads_tv_yle_64_g_4_0":{"source":"ads_tv_yle_64_e_4_0","x":39,"y":38,"flipH":true},"ads_tv_yle_64_g_4_20":{"source":"ads_tv_yle_64_g_2_20","x":71,"y":59,"flipH":true},"ads_tv_yle_64_g_4_29":{"source":"ads_tv_yle_64_g_2_29","x":71,"y":59,"flipH":true},"ads_tv_yle_64_g_4_9":{"source":"ads_tv_yle_64_g_2_9","x":71,"y":59,"flipH":true},"ads_tv_yle_64_g_4_34":{"source":"ads_tv_yle_64_g_2_34","x":71,"y":20,"flipH":true},"ads_tv_yle_64_g_4_35":{"source":"ads_tv_yle_64_g_2_35","x":71,"y":20,"flipH":true},"ads_tv_yle_64_g_2_11":{"x":69,"y":59},"ads_tv_yle_64_g_4_32":{"source":"ads_tv_yle_64_g_2_32","x":71,"y":4,"flipH":true},"ads_tv_yle_64_g_2_10":{"x":69,"y":59},"ads_tv_yle_64_g_4_33":{"source":"ads_tv_yle_64_g_2_33","x":71,"y":6,"flipH":true},"ads_tv_yle_64_g_2_13":{"x":69,"y":59},"ads_tv_yle_64_g_4_38":{"source":"ads_tv_yle_64_g_2_38","x":18,"y":52,"flipH":true},"ads_tv_yle_64_g_2_12":{"x":69,"y":59},"ads_tv_yle_64_g_4_39":{"source":"ads_tv_yle_64_g_2_39","x":19,"y":52,"flipH":true},"ads_tv_yle_64_g_2_15":{"x":69,"y":59},"ads_tv_yle_64_g_4_36":{"source":"ads_tv_yle_64_g_2_36","x":71,"y":20,"flipH":true},"ads_tv_yle_64_g_2_14":{"x":69,"y":59},"ads_tv_yle_64_g_4_37":{"source":"ads_tv_yle_64_g_2_37","x":71,"y":20,"flipH":true},"ads_tv_yle_64_g_4_30":{"source":"ads_tv_yle_64_g_2_30","x":71,"y":6,"flipH":true},"ads_tv_yle_64_g_4_31":{"source":"ads_tv_yle_64_g_2_31","x":71,"y":4,"flipH":true},"ads_tv_yle_64_a_2_1":{"x":79,"y":38},"ads_tv_yle_64_g_2_17":{"x":69,"y":59},"ads_tv_yle_64_g_2_16":{"x":69,"y":59},"ads_tv_yle_64_g_2_19":{"x":69,"y":59},"ads_tv_yle_64_g_2_18":{"x":69,"y":59},"ads_tv_yle_64_b_2_4":{"x":92,"y":86},"ads_tv_yle_64_g_2_20":{"x":69,"y":59},"ads_tv_yle_64_g_4_45":{"source":"ads_tv_yle_64_g_2_45","x":35,"y":52,"flipH":true},"ads_tv_yle_64_b_2_5":{"x":92,"y":86},"ads_tv_yle_64_g_4_46":{"source":"ads_tv_yle_64_g_2_46","x":24,"y":53,"flipH":true},"ads_tv_yle_64_g_2_22":{"x":69,"y":59},"ads_tv_yle_64_g_4_43":{"source":"ads_tv_yle_64_g_2_43","x":55,"y":52,"flipH":true},"ads_tv_yle_64_g_2_21":{"x":69,"y":59},"ads_tv_yle_64_g_4_44":{"source":"ads_tv_yle_64_g_2_44","x":45,"y":52,"flipH":true},"ads_tv_yle_64_b_2_0":{"x":92,"y":86},"ads_tv_yle_64_g_2_24":{"x":69,"y":59},"ads_tv_yle_64_g_4_49":{"source":"ads_tv_yle_64_g_2_49","x":19,"y":53,"flipH":true},"ads_tv_yle_64_b_2_1":{"x":92,"y":86},"ads_tv_yle_64_g_2_23":{"x":69,"y":59},"ads_tv_yle_64_b_2_2":{"x":92,"y":86},"ads_tv_yle_64_g_2_26":{"x":69,"y":59},"ads_tv_yle_64_g_4_47":{"source":"ads_tv_yle_64_g_2_47","x":19,"y":53,"flipH":true},"ads_tv_yle_64_b_2_3":{"x":92,"y":86},"ads_tv_yle_64_g_2_25":{"x":69,"y":59},"ads_tv_yle_64_g_4_48":{"source":"ads_tv_yle_64_g_2_48","x":19,"y":53,"flipH":true},"ads_tv_yle_64_a_2_0":{"source":"ads_tv_yle_64_a_2_1","x":79,"y":38},"ads_tv_yle_64_g_4_41":{"source":"ads_tv_yle_64_g_2_41","x":71,"y":52,"flipH":true},"ads_tv_yle_64_g_4_42":{"source":"ads_tv_yle_64_g_2_42","x":66,"y":52,"flipH":true},"ads_tv_yle_64_g_4_40":{"source":"ads_tv_yle_64_g_2_40","x":21,"y":52,"flipH":true},"ads_tv_yle_64_c_4_0":{"source":"ads_tv_yle_64_e_4_0","x":0,"y":0},"ads_tv_yle_64_c_4_3":{"x":68,"y":70},"ads_tv_yle_64_c_4_4":{"x":69,"y":72},"ads_tv_yle_64_c_4_1":{"x":69,"y":71},"ads_tv_yle_64_c_4_2":{"x":68,"y":70},"ads_tv_yle_64_g_2_28":{"x":69,"y":59},"ads_tv_yle_64_c_4_7":{"x":69,"y":72},"ads_tv_yle_64_g_2_27":{"x":69,"y":59},"ads_tv_yle_64_c_4_8":{"x":69,"y":72},"ads_tv_yle_64_c_4_5":{"x":69,"y":72},"ads_tv_yle_64_g_2_29":{"x":69,"y":59},"ads_tv_yle_64_c_4_6":{"x":69,"y":72},"ads_tv_yle_64_g_2_31":{"x":69,"y":4},"ads_tv_yle_64_g_4_56":{"source":"ads_tv_yle_64_g_2_56","x":16,"y":16,"flipH":true},"ads_tv_yle_64_g_2_30":{"x":69,"y":6},"ads_tv_yle_64_g_4_57":{"source":"ads_tv_yle_64_g_2_57","x":16,"y":-31,"flipH":true},"ads_tv_yle_64_d_2_0":{"x":69,"y":70},"ads_tv_yle_64_g_2_33":{"x":69,"y":6},"ads_tv_yle_64_g_4_54":{"source":"ads_tv_yle_64_g_2_54","x":16,"y":71,"flipH":true},"ads_tv_yle_64_d_2_1":{"source":"ads_tv_yle_64_d_2_0","x":69,"y":70},"ads_tv_yle_64_g_2_32":{"x":69,"y":4},"ads_tv_yle_64_g_4_55":{"source":"ads_tv_yle_64_g_2_55","x":16,"y":71,"flipH":true},"ads_tv_yle_64_g_2_35":{"x":69,"y":20},"ads_tv_yle_64_g_2_34":{"x":69,"y":20},"ads_tv_yle_64_g_2_37":{"x":69,"y":20},"ads_tv_yle_64_g_2_36":{"x":69,"y":20},"ads_tv_yle_64_e_4_1":{"x":139,"y":70},"ads_tv_yle_64_e_4_0":{"x":0,"y":0},"ads_tv_yle_64_g_4_52":{"source":"ads_tv_yle_64_g_2_52","x":16,"y":63,"flipH":true},"ads_tv_yle_64_g_4_53":{"source":"ads_tv_yle_64_g_2_53","x":16,"y":67,"flipH":true},"ads_tv_yle_64_g_4_50":{"source":"ads_tv_yle_64_g_2_50","x":16,"y":57,"flipH":true},"ads_tv_yle_64_g_4_51":{"source":"ads_tv_yle_64_g_2_51","x":20,"y":60,"flipH":true},"ads_tv_yle_64_f_2_0":{"source":"ads_tv_yle_64_f_2_1","x":95,"y":87},"ads_tv_yle_64_g_2_39":{"x":17,"y":51},"ads_tv_yle_64_f_2_1":{"x":95,"y":87},"ads_tv_yle_64_g_2_38":{"x":16,"y":51},"ads_tv_yle_64_g_2_42":{"x":64,"y":51},"ads_tv_yle_64_g_2_5":{"x":69,"y":59},"ads_tv_yle_64_g_2_41":{"x":69,"y":51},"ads_tv_yle_64_g_2_6":{"x":69,"y":59},"ads_tv_yle_64_g_2_3":{"x":-45,"y":15},"ads_tv_yle_64_g_2_44":{"x":43,"y":51},"ads_tv_yle_64_g_2_4":{"x":-31,"y":59},"ads_tv_yle_64_g_2_43":{"x":53,"y":51},"ads_tv_yle_64_g_2_46":{"x":22,"y":52},"ads_tv_yle_64_g_2_9":{"x":69,"y":59},"ads_tv_yle_64_g_2_45":{"x":33,"y":51},"ads_tv_yle_64_g_2_48":{"x":17,"y":52},"ads_tv_yle_64_g_2_7":{"x":69,"y":59},"ads_tv_yle_64_g_2_47":{"x":17,"y":52},"ads_tv_yle_64_g_2_8":{"x":69,"y":59},"ads_tv_yle_64_g_2_1":{"x":69,"y":-41},"ads_tv_yle_64_g_2_2":{"x":69,"y":-21},"ads_tv_yle_64_g_2_40":{"x":19,"y":51},"ads_tv_yle_64_g_2_0":{"source":"ads_tv_yle_64_e_4_0","x":39,"y":38},"ads_tv_yle_64_g_2_49":{"x":17,"y":52},"ads_tv_yle_64_g_2_53":{"x":14,"y":66},"ads_tv_yle_64_g_2_52":{"x":14,"y":62},"ads_tv_yle_64_g_2_55":{"x":14,"y":70},"ads_tv_yle_64_g_2_54":{"x":14,"y":70},"ads_tv_yle_64_g_2_57":{"x":14,"y":-32},"ads_tv_yle_64_g_2_56":{"x":14,"y":15},"ads_tv_yle_64_g_2_51":{"x":18,"y":59},"ads_tv_yle_64_g_2_50":{"x":14,"y":56},"ads_tv_yle_64_a_4_1":{"source":"ads_tv_yle_64_a_4_0","x":39,"y":38},"ads_tv_yle_64_a_4_0":{"x":39,"y":38},"ads_tv_yle_64_b_4_2":{"x":80,"y":86},"ads_tv_yle_64_b_4_3":{"x":80,"y":86},"ads_tv_yle_64_b_4_4":{"x":80,"y":86},"ads_tv_yle_64_b_4_5":{"x":80,"y":86},"ads_tv_yle_64_b_4_0":{"x":80,"y":86},"ads_tv_yle_64_b_4_1":{"x":80,"y":86},"ads_tv_yle_64_c_2_1":{"x":69,"y":71},"ads_tv_yle_64_c_2_2":{"x":69,"y":70},"ads_tv_yle_icon_a":{"x":14,"y":13},"ads_tv_yle_64_c_2_0":{"source":"ads_tv_yle_64_e_4_0","x":0,"y":0},"ads_tv_yle_64_c_2_5":{"x":69,"y":70},"ads_tv_yle_64_c_2_6":{"x":69,"y":70},"ads_tv_yle_64_c_2_3":{"x":69,"y":70},"ads_tv_yle_64_c_2_4":{"x":69,"y":70},"ads_tv_yle_64_c_2_7":{"x":69,"y":70},"ads_tv_yle_64_c_2_8":{"x":69,"y":70},"ads_tv_yle_64_g_4_12":{"source":"ads_tv_yle_64_g_2_12","x":71,"y":59,"flipH":true},"ads_tv_yle_64_g_4_13":{"source":"ads_tv_yle_64_g_2_13","x":71,"y":59,"flipH":true},"ads_tv_yle_64_g_4_10":{"source":"ads_tv_yle_64_g_2_10","x":71,"y":59,"flipH":true},"ads_tv_yle_64_g_4_11":{"source":"ads_tv_yle_64_g_2_11","x":71,"y":59,"flipH":true},"ads_tv_yle_64_d_4_0":{"x":69,"y":70},"ads_tv_yle_64_g_4_16":{"source":"ads_tv_yle_64_g_2_16","x":71,"y":59,"flipH":true},"ads_tv_yle_64_d_4_1":{"source":"ads_tv_yle_64_d_4_0","x":69,"y":70},"ads_tv_yle_64_g_4_17":{"source":"ads_tv_yle_64_g_2_17","x":71,"y":59,"flipH":true},"ads_tv_yle_64_g_4_14":{"source":"ads_tv_yle_64_g_2_14","x":71,"y":59,"flipH":true},"ads_tv_yle_64_g_4_15":{"source":"ads_tv_yle_64_g_2_15","x":71,"y":59,"flipH":true},"ads_tv_yle_64_e_2_1":{"x":69,"y":70},"ads_tv_yle_64_e_2_0":{"source":"ads_tv_yle_64_e_4_0","x":0,"y":0},"ads_tv_yle_64_f_4_0":{"source":"ads_tv_yle_64_f_4_1","x":70,"y":87},"ads_tv_yle_64_g_4_18":{"source":"ads_tv_yle_64_g_2_18","x":71,"y":59,"flipH":true},"ads_tv_yle_64_f_4_1":{"x":70,"y":87},"ads_tv_yle_64_g_4_19":{"source":"ads_tv_yle_64_g_2_19","x":71,"y":59,"flipH":true}},"visualization":{"layerCount":7,"angle":45,"layers":{"0":{"alpha":0,"z":-3000.0},"1":{"z":-2995.0},"2":{"z":-2990.0},"3":{"z":-2985.0,"ink":"ADD","ignoreMouse":true},"4":{"z":-2980.0,"ink":"ADD","ignoreMouse":true},"5":{"alpha":41,"z":-3000.0},"6":{"z":-2990.0}},"directions":{"2":{},"4":{}},"animations":{"0":{"layers":{"0":{"frameSequences":{"0":{"frames":{"0":{"id":0}}}}},"1":{"frameSequences":{"0":{"frames":{"0":{"id":0}}}}},"2":{"frameSequences":{"0":{"frames":{"0":{"id":0}}}}},"3":{"frameSequences":{"0":{"frames":{"0":{"id":0}}}}},"4":{"frameSequences":{"0":{"frames":{"0":{"id":0}}}}},"5":{"frameSequences":{"0":{"frames":{"0":{"id":0}}}}},"6":{"frameSequences":{"0":{"frames":{"0":{"id":0}}}}}}},"1":{"layers":{"1":{"frameSequences":{"0":{"frames":{"0":{"id":1},"1":{"id":2},"2":{"id":3},"3":{"id":4},"4":{"id":5}}}}},"2":{"loopCount":0,"frameRepeat":4,"frameSequences":{"0":{"frames":{"0":{"id":2},"1":{"id":2},"2":{"id":2},"3":{"id":2},"4":{"id":2},"5":{"id":2},"6":{"id":2},"7":{"id":2},"8":{"id":2},"9":{"id":2},"10":{"id":2},"11":{"id":2},"12":{"id":2},"13":{"id":2},"14":{"id":2},"15":{"id":2},"16":{"id":2},"17":{"id":2},"18":{"id":2},"19":{"id":2},"20":{"id":2},"21":{"id":2},"22":{"id":2},"23":{"id":2},"24":{"id":2},"25":{"id":2},"26":{"id":2},"27":{"id":2},"28":{"id":2},"29":{"id":2},"30":{"id":2},"31":{"id":2},"32":{"id":2},"33":{"id":2},"34":{"id":2},"35":{"id":2},"36":{"id":2},"37":{"id":2},"38":{"id":2},"39":{"id":2},"40":{"id":2},"41":{"id":2},"42":{"id":2},"43":{"id":2},"44":{"id":2},"45":{"id":2},"46":{"id":2},"47":{"id":2},"48":{"id":2},"49":{"id":2},"50":{"id":2},"51":{"id":2},"52":{"id":2},"53":{"id":2},"54":{"id":2},"55":{"id":2},"56":{"id":2},"57":{"id":2},"58":{"id":2},"59":{"id":2},"60":{"id":2},"61":{"id":2},"62":{"id":2},"63":{"id":2},"64":{"id":2},"65":{"id":2},"66":{"id":2},"67":{"id":2},"68":{"id":2},"69":{"id":2},"70":{"id":2},"71":{"id":2},"72":{"id":2},"73":{"id":2},"74":{"id":2},"75":{"id":2},"76":{"id":2},"77":{"id":2},"78":{"id":2},"79":{"id":2},"80":{"id":2},"81":{"id":2},"82":{"id":2},"83":{"id":2},"84":{"id":2},"85":{"id":2},"86":{"id":2},"87":{"id":2},"88":{"id":2},"89":{"id":2},"90":{"id":2},"91":{"id":2},"92":{"id":2},"93":{"id":2},"94":{"id":2},"95":{"id":2},"96":{"id":2},"97":{"id":2},"98":{"id":2},"99":{"id":2},"100":{"id":2},"101":{"id":2},"102":{"id":2},"103":{"id":2},"104":{"id":2},"105":{"id":3},"106":{"id":3},"107":{"id":3},"108":{"id":3},"109":{"id":3},"110":{"id":3},"111":{"id":3},"112":{"id":3},"113":{"id":3},"114":{"id":3},"115":{"id":3},"116":{"id":3},"117":{"id":3},"118":{"id":3},"119":{"id":3},"120":{"id":3},"121":{"id":3},"122":{"id":3},"123":{"id":3},"124":{"id":3},"125":{"id":2},"126":{"id":2},"127":{"id":2},"128":{"id":2},"129":{"id":2},"130":{"id":2},"131":{"id":2},"132":{"id":2},"133":{"id":2},"134":{"id":2},"135":{"id":2},"136":{"id":2},"137":{"id":2},"138":{"id":2},"139":{"id":2},"140":{"id":4},"141":{"id":4},"142":{"id":4},"143":{"id":4},"144":{"id":4},"145":{"id":4},"146":{"id":4},"147":{"id":4},"148":{"id":5},"149":{"id":5},"150":{"id":5},"151":{"id":5},"152":{"id":5},"153":{"id":5},"154":{"id":5},"155":{"id":7},"156":{"id":7},"157":{"id":6},"158":{"id":5},"159":{"id":7},"160":{"id":5},"161":{"id":7},"162":{"id":5},"163":{"id":7},"164":{"id":5},"165":{"id":7},"166":{"id":5},"167":{"id":8},"168":{"id":5},"169":{"id":7},"170":{"id":5},"171":{"id":7},"172":{"id":5},"173":{"id":8},"174":{"id":5},"175":{"id":7},"176":{"id":6},"177":{"id":7},"178":{"id":5},"179":{"id":7},"180":{"id":5},"181":{"id":8},"182":{"id":5},"183":{"id":7},"184":{"id":6},"185":{"id":7},"186":{"id":5},"187":{"id":3},"188":{"id":3},"189":{"id":3},"190":{"id":3},"191":{"id":3},"192":{"id":3},"193":{"id":3},"194":{"id":3},"195":{"id":3},"196":{"id":3},"197":{"id":3},"198":{"id":3},"199":{"id":3},"200":{"id":3},"201":{"id":3},"202":{"id":3},"203":{"id":3},"204":{"id":3},"205":{"id":3},"206":{"id":3},"207":{"id":2},"208":{"id":2},"209":{"id":2},"210":{"id":2},"211":{"id":2},"212":{"id":2},"213":{"id":2},"214":{"id":2},"215":{"id":2},"216":{"id":2},"217":{"id":2},"218":{"id":2},"219":{"id":2},"220":{"id":2},"221":{"id":2},"222":{"id":2},"223":{"id":2},"224":{"id":2},"225":{"id":2},"226":{"id":2},"227":{"id":2},"228":{"id":2},"229":{"id":2},"230":{"id":2},"231":{"id":2},"232":{"id":2},"233":{"id":2},"234":{"id":2},"235":{"id":2},"236":{"id":2},"237":{"id":2},"238":{"id":2},"239":{"id":2},"240":{"id":2},"241":{"id":2},"242":{"id":2},"243":{"id":2},"244":{"id":2},"245":{"id":2},"246":{"id":2},"247":{"id":2},"248":{"id":2},"249":{"id":2},"250":{"id":2},"251":{"id":2},"252":{"id":2},"253":{"id":2},"254":{"id":2},"255":{"id":2},"256":{"id":2},"257":{"id":2},"258":{"id":2},"259":{"id":2},"260":{"id":2},"261":{"id":2},"262":{"id":2},"263":{"id":2},"264":{"id":2},"265":{"id":2},"266":{"id":3},"267":{"id":3},"268":{"id":3},"269":{"id":3},"270":{"id":3},"271":{"id":3},"272":{"id":3},"273":{"id":3},"274":{"id":3},"275":{"id":3},"276":{"id":3},"277":{"id":3},"278":{"id":3},"279":{"id":3},"280":{"id":3},"281":{"id":3},"282":{"id":3},"283":{"id":3},"284":{"id":3},"285":{"id":3}}}}},"4":{"frameSequences":{"0":{"frames":{"0":{"id":1}}}}},"6":{"loopCount":0,"frameRepeat":4,"frameSequences":{"0":{"frames":{"0":{"id":0},"1":{"id":0},"2":{"id":0},"3":{"id":0},"4":{"id":0},"5":{"id":0},"6":{"id":0},"7":{"id":0},"8":{"id":0},"9":{"id":0},"10":{"id":0},"11":{"id":0},"12":{"id":0},"13":{"id":0},"14":{"id":0},"15":{"id":4},"16":{"id":4},"17":{"id":4},"18":{"id":4},"19":{"id":4},"20":{"id":4},"21":{"id":5},"22":{"id":5},"23":{"id":6},"24":{"id":6},"25":{"id":7},"26":{"id":7},"27":{"id":8},"28":{"id":8},"29":{"id":9},"30":{"id":9},"31":{"id":10},"32":{"id":10},"33":{"id":11},"34":{"id":11},"35":{"id":12},"36":{"id":12},"37":{"id":13},"38":{"id":13},"39":{"id":14},"40":{"id":14},"41":{"id":14},"42":{"id":14},"43":{"id":14},"44":{"id":14},"45":{"id":14},"46":{"id":14},"47":{"id":15},"48":{"id":16},"49":{"id":17},"50":{"id":18},"51":{"id":19},"52":{"id":20},"53":{"id":21},"54":{"id":21},"55":{"id":21},"56":{"id":21},"57":{"id":21},"58":{"id":21},"59":{"id":22},"60":{"id":23},"61":{"id":22},"62":{"id":23},"63":{"id":22},"64":{"id":23},"65":{"id":23},"66":{"id":23},"67":{"id":23},"68":{"id":23},"69":{"id":23},"70":{"id":24},"71":{"id":24},"72":{"id":24},"73":{"id":24},"74":{"id":24},"75":{"id":23},"76":{"id":23},"77":{"id":23},"78":{"id":23},"79":{"id":23},"80":{"id":23},"81":{"id":25},"82":{"id":25},"83":{"id":25},"84":{"id":25},"85":{"id":25},"86":{"id":25},"87":{"id":24},"88":{"id":24},"89":{"id":24},"90":{"id":24},"91":{"id":24},"92":{"id":24},"93":{"id":26},"94":{"id":27},"95":{"id":28},"96":{"id":29},"97":{"id":29},"98":{"id":29},"99":{"id":29},"100":{"id":29},"101":{"id":29},"102":{"id":29},"103":{"id":29},"104":{"id":29},"105":{"id":1},"106":{"id":1},"107":{"id":1},"108":{"id":1},"109":{"id":1},"110":{"id":1},"111":{"id":1},"112":{"id":1},"113":{"id":1},"114":{"id":1},"115":{"id":1},"116":{"id":1},"117":{"id":1},"118":{"id":1},"119":{"id":1},"120":{"id":1},"121":{"id":1},"122":{"id":1},"123":{"id":1},"124":{"id":1},"125":{"id":0},"126":{"id":0},"127":{"id":0},"128":{"id":0},"129":{"id":0},"130":{"id":0},"131":{"id":0},"132":{"id":0},"133":{"id":0},"134":{"id":0},"135":{"id":0},"136":{"id":0},"137":{"id":0},"138":{"id":0},"139":{"id":0},"140":{"id":0},"141":{"id":0},"142":{"id":0},"143":{"id":0},"144":{"id":0},"145":{"id":0},"146":{"id":0},"147":{"id":0},"148":{"id":0},"149":{"id":0},"150":{"id":0},"151":{"id":0},"152":{"id":0},"153":{"id":0},"154":{"id":0},"155":{"id":0},"156":{"id":0},"157":{"id":0},"158":{"id":0},"159":{"id":30},"160":{"id":31},"161":{"id":30},"162":{"id":31},"163":{"id":33},"164":{"id":32},"165":{"id":33},"166":{"id":32},"167":{"id":34},"168":{"id":35},"169":{"id":34},"170":{"id":35},"171":{"id":37},"172":{"id":36},"173":{"id":37},"174":{"id":36},"175":{"id":37},"176":{"id":36},"177":{"id":37},"178":{"id":36},"179":{"id":37},"180":{"id":36},"181":{"id":37},"182":{"id":36},"183":{"id":37},"184":{"id":36},"185":{"id":37},"186":{"id":36},"187":{"id":2},"188":{"id":2},"189":{"id":2},"190":{"id":2},"191":{"id":2},"192":{"id":2},"193":{"id":2},"194":{"id":2},"195":{"id":2},"196":{"id":2},"197":{"id":2},"198":{"id":2},"199":{"id":2},"200":{"id":2},"201":{"id":2},"202":{"id":2},"203":{"id":2},"204":{"id":2},"205":{"id":2},"206":{"id":2},"207":{"id":0},"208":{"id":0},"209":{"id":0},"210":{"id":0},"211":{"id":0},"212":{"id":0},"213":{"id":0},"214":{"id":0},"215":{"id":0},"216":{"id":0},"217":{"id":0},"218":{"id":0},"219":{"id":0},"220":{"id":0},"221":{"id":0},"222":{"id":38},"223":{"id":38},"224":{"id":39},"225":{"id":40},"226":{"id":40},"227":{"id":39},"228":{"id":38},"229":{"id":38},"230":{"id":39},"231":{"id":40},"232":{"id":40},"233":{"id":39},"234":{"id":38},"235":{"id":38},"236":{"id":39},"237":{"id":40},"238":{"id":40},"239":{"id":39},"240":{"id":38},"241":{"id":38},"242":{"id":39},"243":{"id":41},"244":{"id":42},"245":{"id":43},"246":{"id":44},"247":{"id":45},"248":{"id":46},"249":{"id":47},"250":{"id":48},"251":{"id":49},"252":{"id":50},"253":{"id":51},"254":{"id":52},"255":{"id":53},"256":{"id":54},"257":{"id":55},"258":{"id":56},"259":{"id":57},"260":{"id":57},"261":{"id":57},"262":{"id":57},"263":{"id":57},"264":{"id":57},"265":{"id":57},"266":{"id":3},"267":{"id":3},"268":{"id":3},"269":{"id":3},"270":{"id":3},"271":{"id":3},"272":{"id":3},"273":{"id":3},"274":{"id":3},"275":{"id":3},"276":{"id":3},"277":{"id":3},"278":{"id":3},"279":{"id":3},"280":{"id":3},"281":{"id":3},"282":{"id":3},"283":{"id":3},"284":{"id":3},"285":{"id":3}}}}}}}}}}