{"meta":{"app":"FFConverter ~ Joopie","format":"RGBA8888","image":"ads_igorswitch.png","scale":"1.0","size":{"w":512,"h":128},"version":"1.0"},"frames":{"ads_igorswitch_ads_igorswitch_64_d_4_5.png":{"frame":{"x":302,"y":92,"w":40,"h":34},"sourceSize":{"w":40,"h":34},"spriteSourceSize":{"x":0,"y":0,"w":40,"h":34},"rotated":false,"trimmed":false},"ads_igorswitch_ads_igorswitch_64_b_4_1.png":{"frame":{"x":77,"y":6,"w":27,"h":15},"sourceSize":{"w":27,"h":15},"spriteSourceSize":{"x":0,"y":0,"w":27,"h":15},"rotated":false,"trimmed":false},"ads_igorswitch_ads_igorswitch_64_d_0_2.png":{"frame":{"x":389,"y":91,"w":31,"h":17},"sourceSize":{"w":31,"h":17},"spriteSourceSize":{"x":0,"y":0,"w":31,"h":17},"rotated":false,"trimmed":false},"ads_igorswitch_ads_igorswitch_64_c_4_1.png":{"frame":{"x":495,"y":117,"w":13,"h":9},"sourceSize":{"w":13,"h":9},"spriteSourceSize":{"x":0,"y":0,"w":13,"h":9},"rotated":false,"trimmed":false},"ads_igorswitch_ads_igorswitch_64_d_0_7.png":{"frame":{"x":201,"y":96,"w":50,"h":30},"sourceSize":{"w":50,"h":30},"spriteSourceSize":{"x":0,"y":0,"w":50,"h":30},"rotated":false,"trimmed":false},"ads_igorswitch_ads_igorswitch_64_d_0_3.png":{"frame":{"x":201,"y":51,"w":35,"h":19},"sourceSize":{"w":35,"h":19},"spriteSourceSize":{"x":0,"y":0,"w":35,"h":19},"rotated":false,"trimmed":false},"ads_igorswitch_ads_igorswitch_64_b_0_1.png":{"frame":{"x":48,"y":33,"w":27,"h":27},"sourceSize":{"w":27,"h":27},"spriteSourceSize":{"x":0,"y":0,"w":27,"h":27},"rotated":false,"trimmed":false},"ads_igorswitch_ads_igorswitch_64_d_0_8.png":{"frame":{"x":441,"y":112,"w":52,"h":14},"sourceSize":{"w":52,"h":14},"spriteSourceSize":{"x":0,"y":0,"w":52,"h":14},"rotated":false,"trimmed":false},"ads_igorswitch_ads_igorswitch_64_d_4_1.png":{"frame":{"x":77,"y":23,"w":24,"h":18},"sourceSize":{"w":24,"h":18},"spriteSourceSize":{"x":0,"y":0,"w":24,"h":18},"rotated":false,"trimmed":false},"ads_igorswitch_ads_igorswitch_64_sd_4_0.png":{"frame":{"x":389,"y":110,"w":50,"h":16},"sourceSize":{"w":50,"h":16},"spriteSourceSize":{"x":0,"y":0,"w":50,"h":16},"rotated":false,"trimmed":false},"ads_igorswitch_ads_igorswitch_64_d_4_2.png":{"frame":{"x":77,"y":43,"w":28,"h":22},"sourceSize":{"w":28,"h":22},"spriteSourceSize":{"x":0,"y":0,"w":28,"h":22},"rotated":false,"trimmed":false},"ads_igorswitch_ads_igorswitch_icon_a.png":{"frame":{"x":48,"y":9,"w":27,"h":22},"sourceSize":{"w":27,"h":22},"spriteSourceSize":{"x":0,"y":0,"w":27,"h":22},"rotated":false,"trimmed":false},"ads_igorswitch_ads_igorswitch_64_c_0_0.png":{"frame":{"x":2,"y":2,"w":13,"h":12},"sourceSize":{"w":13,"h":12},"spriteSourceSize":{"x":0,"y":0,"w":13,"h":12},"rotated":false,"trimmed":false},"ads_igorswitch_ads_igorswitch_64_d_4_6.png":{"frame":{"x":156,"y":88,"w":43,"h":38},"sourceSize":{"w":43,"h":38},"spriteSourceSize":{"x":0,"y":0,"w":43,"h":38},"rotated":false,"trimmed":false},"ads_igorswitch_ads_igorswitch_64_a_0_0.png":{"frame":{"x":2,"y":62,"w":54,"h":64},"sourceSize":{"w":54,"h":64},"spriteSourceSize":{"x":0,"y":0,"w":54,"h":64},"rotated":false,"trimmed":false},"ads_igorswitch_ads_igorswitch_64_sd_0_0.png":{"frame":{"x":112,"y":68,"w":49,"h":14},"sourceSize":{"w":49,"h":14},"spriteSourceSize":{"x":0,"y":0,"w":49,"h":14},"rotated":false,"trimmed":false},"ads_igorswitch_ads_igorswitch_64_d_0_4.png":{"frame":{"x":201,"y":72,"w":39,"h":22},"sourceSize":{"w":39,"h":22},"spriteSourceSize":{"x":0,"y":0,"w":39,"h":22},"rotated":false,"trimmed":false},"ads_igorswitch_ads_igorswitch_32_d_4_7.png":{"frame":{"x":32,"y":2,"w":1,"h":1},"sourceSize":{"w":1,"h":1},"spriteSourceSize":{"x":0,"y":0,"w":1,"h":1},"rotated":false,"trimmed":false},"ads_igorswitch_ads_igorswitch_64_d_0_5.png":{"frame":{"x":344,"y":101,"w":43,"h":25},"sourceSize":{"w":43,"h":25},"spriteSourceSize":{"x":0,"y":0,"w":43,"h":25},"rotated":false,"trimmed":false},"ads_igorswitch_ads_igorswitch_64_d_4_3.png":{"frame":{"x":344,"y":73,"w":32,"h":26},"sourceSize":{"w":32,"h":26},"spriteSourceSize":{"x":0,"y":0,"w":32,"h":26},"rotated":false,"trimmed":false},"ads_igorswitch_ads_igorswitch_64_d_4_7.png":{"frame":{"x":112,"y":84,"w":42,"h":42},"sourceSize":{"w":42,"h":42},"spriteSourceSize":{"x":0,"y":0,"w":42,"h":42},"rotated":false,"trimmed":false},"ads_igorswitch_ads_igorswitch_64_d_4_4.png":{"frame":{"x":163,"y":56,"w":36,"h":30},"sourceSize":{"w":36,"h":30},"spriteSourceSize":{"x":0,"y":0,"w":36,"h":30},"rotated":false,"trimmed":false},"ads_igorswitch_ads_igorswitch_64_c_0_1.png":{"frame":{"x":17,"y":5,"w":16,"h":9},"sourceSize":{"w":16,"h":9},"spriteSourceSize":{"x":0,"y":0,"w":16,"h":9},"rotated":false,"trimmed":false},"ads_igorswitch_ads_igorswitch_64_a_4_0.png":{"frame":{"x":58,"y":67,"w":52,"h":59},"sourceSize":{"w":52,"h":59},"spriteSourceSize":{"x":0,"y":0,"w":52,"h":59},"rotated":false,"trimmed":false},"ads_igorswitch_ads_igorswitch_64_d_0_1.png":{"frame":{"x":378,"y":75,"w":29,"h":14},"sourceSize":{"w":29,"h":14},"spriteSourceSize":{"x":0,"y":0,"w":29,"h":14},"rotated":false,"trimmed":false},"ads_igorswitch_ads_igorswitch_64_d_0_6.png":{"frame":{"x":253,"y":97,"w":47,"h":29},"sourceSize":{"w":47,"h":29},"spriteSourceSize":{"x":0,"y":0,"w":47,"h":29},"rotated":false,"trimmed":false},"ads_igorswitch_ads_igorswitch_64_c_4_0.png":{"frame":{"x":422,"y":92,"w":13,"h":16},"sourceSize":{"w":13,"h":16},"spriteSourceSize":{"x":0,"y":0,"w":13,"h":16},"rotated":false,"trimmed":false},"ads_igorswitch_ads_igorswitch_64_d_4_8.png":{"frame":{"x":2,"y":16,"w":44,"h":44},"sourceSize":{"w":44,"h":44},"spriteSourceSize":{"x":0,"y":0,"w":44,"h":44},"rotated":false,"trimmed":false}}}