{"type":"furniture","name":"ads_igorswitch","visualizationType":"furniture_animated","logicType":"furniture_multistate","spritesheet":"ads_igorswitch_spritesheet.json","dimensions":{"x":1.0,"y":1.0,"z":1.0},"directions":[0,90,180,270],"assets":{"ads_igorswitch_icon_a":{"x":13,"y":11},"ads_igorswitch_64_sd_0_0":{"x":25,"y":0},"ads_igorswitch_64_sd_2_0":{"source":"ads_igorswitch_64_sd_4_0","x":24,"y":2,"flipH":true},"ads_igorswitch_64_sd_4_0":{"x":24,"y":2},"ads_igorswitch_64_sd_6_0":{"source":"ads_igorswitch_64_sd_0_0","x":25,"y":0,"flipH":true},"ads_igorswitch_64_a_6_0":{"source":"ads_igorswitch_64_a_0_0","x":27,"y":51,"flipH":true},"ads_igorswitch_64_c_0_0":{"x":8,"y":52},"ads_igorswitch_64_a_4_0":{"x":26,"y":44},"ads_igorswitch_64_b_0_0":{"source":"ads_igorswitch_32_d_4_7","x":5,"y":-10},"ads_igorswitch_64_b_0_1":{"x":25,"y":50},"ads_igorswitch_64_b_2_0":{"source":"ads_igorswitch_32_d_4_7","x":5,"y":-10,"flipH":true},"ads_igorswitch_64_b_2_1":{"source":"ads_igorswitch_64_b_4_1","x":20,"y":49,"flipH":true},"ads_igorswitch_64_b_4_0":{"source":"ads_igorswitch_32_d_4_7","x":5,"y":-10},"ads_igorswitch_64_b_4_1":{"x":20,"y":49},"ads_igorswitch_64_b_6_0":{"source":"ads_igorswitch_32_d_4_7","x":5,"y":-10,"flipH":true},"ads_igorswitch_64_b_6_1":{"source":"ads_igorswitch_64_b_0_1","x":25,"y":50,"flipH":true},"ads_igorswitch_64_c_6_1":{"source":"ads_igorswitch_64_c_0_1","x":24,"y":35,"flipH":true},"ads_igorswitch_64_c_4_1":{"x":-7,"y":45},"ads_igorswitch_64_c_6_0":{"source":"ads_igorswitch_64_c_0_0","x":8,"y":52,"flipH":true},"ads_igorswitch_64_a_0_0":{"x":27,"y":51},"ads_igorswitch_64_c_2_1":{"source":"ads_igorswitch_64_c_4_1","x":-7,"y":45,"flipH":true},"ads_igorswitch_64_a_2_0":{"source":"ads_igorswitch_64_a_4_0","x":26,"y":44,"flipH":true},"ads_igorswitch_64_c_4_0":{"x":9,"y":53},"ads_igorswitch_64_c_0_1":{"x":24,"y":35},"ads_igorswitch_64_c_2_0":{"source":"ads_igorswitch_64_c_4_0","x":9,"y":53,"flipH":true},"ads_igorswitch_64_d_4_8":{"x":29,"y":58},"ads_igorswitch_64_d_6_6":{"source":"ads_igorswitch_64_d_0_6","x":19,"y":57,"flipH":true},"ads_igorswitch_64_d_4_9":{"source":"ads_igorswitch_32_d_4_7","x":24,"y":40},"ads_igorswitch_64_d_6_7":{"source":"ads_igorswitch_64_d_0_7","x":20,"y":57,"flipH":true},"ads_igorswitch_64_d_6_8":{"source":"ads_igorswitch_64_d_0_8","x":21,"y":54,"flipH":true},"ads_igorswitch_64_d_6_9":{"source":"ads_igorswitch_32_d_4_7","x":2,"y":51,"flipH":true},"ads_igorswitch_64_d_0_8":{"x":21,"y":54},"ads_igorswitch_64_d_2_6":{"source":"ads_igorswitch_64_d_4_6","x":26,"y":55,"flipH":true},"ads_igorswitch_64_d_4_4":{"x":22,"y":51},"ads_igorswitch_64_d_6_2":{"source":"ads_igorswitch_64_d_0_2","x":11,"y":49,"flipH":true},"ads_igorswitch_64_d_0_9":{"source":"ads_igorswitch_32_d_4_7","x":2,"y":51},"ads_igorswitch_64_d_2_7":{"source":"ads_igorswitch_64_d_4_7","x":28,"y":57,"flipH":true},"ads_igorswitch_64_d_4_5":{"x":24,"y":53},"ads_igorswitch_64_d_6_3":{"source":"ads_igorswitch_64_d_0_3","x":13,"y":51,"flipH":true},"ads_igorswitch_64_d_2_8":{"source":"ads_igorswitch_64_d_4_8","x":29,"y":58,"flipH":true},"ads_igorswitch_64_d_4_6":{"x":26,"y":55},"ads_igorswitch_64_d_6_4":{"source":"ads_igorswitch_64_d_0_4","x":15,"y":53,"flipH":true},"ads_igorswitch_64_d_2_9":{"source":"ads_igorswitch_32_d_4_7","x":24,"y":40},"ads_igorswitch_64_d_4_7":{"x":28,"y":57},"ads_igorswitch_64_d_6_5":{"source":"ads_igorswitch_64_d_0_5","x":17,"y":55,"flipH":true},"ads_igorswitch_64_d_0_4":{"x":15,"y":53},"ads_igorswitch_64_d_2_2":{"source":"ads_igorswitch_64_d_4_2","x":18,"y":47,"flipH":true},"ads_igorswitch_64_d_4_0":{"source":"ads_igorswitch_32_d_4_7","x":2,"y":-11},"ads_igorswitch_64_d_0_5":{"x":17,"y":55},"ads_igorswitch_64_d_2_3":{"source":"ads_igorswitch_64_d_4_3","x":20,"y":49,"flipH":true},"ads_igorswitch_64_d_4_1":{"x":16,"y":45},"ads_igorswitch_64_d_0_6":{"x":19,"y":57},"ads_igorswitch_64_d_2_4":{"source":"ads_igorswitch_64_d_4_4","x":22,"y":51,"flipH":true},"ads_igorswitch_64_d_4_2":{"x":18,"y":47},"ads_igorswitch_64_d_6_0":{"source":"ads_igorswitch_32_d_4_7","x":5,"y":-10,"flipH":true},"ads_igorswitch_64_d_0_7":{"x":20,"y":57},"ads_igorswitch_64_d_2_5":{"source":"ads_igorswitch_64_d_4_5","x":24,"y":53,"flipH":true},"ads_igorswitch_64_d_4_3":{"x":20,"y":49},"ads_igorswitch_64_d_6_1":{"source":"ads_igorswitch_64_d_0_1","x":9,"y":47,"flipH":true},"ads_igorswitch_64_d_0_0":{"source":"ads_igorswitch_32_d_4_7","x":5,"y":-10},"ads_igorswitch_64_d_0_1":{"x":9,"y":47},"ads_igorswitch_64_d_0_2":{"x":11,"y":49},"ads_igorswitch_64_d_2_0":{"source":"ads_igorswitch_32_d_4_7","x":2,"y":-11,"flipH":true},"ads_igorswitch_64_d_0_3":{"x":13,"y":51},"ads_igorswitch_64_d_2_1":{"source":"ads_igorswitch_64_d_4_1","x":16,"y":45,"flipH":true}},"visualization":{"layerCount":4,"angle":45,"layers":{"1":{"ink":"ADD"}},"directions":{"0":{},"2":{},"4":{},"6":{}},"animations":{"0":{"layers":{"0":{"frameSequences":{"0":{"frames":{"0":{"id":0}}}}},"1":{"frameSequences":{"0":{"frames":{"0":{"id":0}}}}},"2":{"frameSequences":{"0":{"frames":{"0":{"id":0}}}}},"3":{"frameSequences":{"0":{"frames":{"0":{"id":0}}}}}}},"1":{"layers":{"1":{"frameSequences":{"0":{"frames":{"0":{"id":1}}}}},"2":{"frameSequences":{"0":{"frames":{"0":{"id":1}}}}},"3":{"loopCount":0,"frameSequences":{"0":{"frames":{"0":{"id":1},"1":{"id":2},"2":{"id":3},"3":{"id":4},"4":{"id":5},"5":{"id":6},"6":{"id":7},"7":{"id":8},"8":{"id":9},"9":{"id":9},"10":{"id":9},"11":{"id":9},"12":{"id":9},"13":{"id":9},"14":{"id":9}}}}}}}}}}