{"type":"furniture","name":"ads_ob_wall","visualizationType":"furniture_animated","logicType":"furniture_multistate","spritesheet":"ads_ob_wall_spritesheet.json","dimensions":{"x":3.125,"y":0.2,"z":2.6563},"directions":[90,180],"assets":{"ads_ob_wall_64_c_4_0":{"x":51,"y":43},"ads_ob_wall_64_a_2_0":{"x":50,"y":52},"ads_ob_wall_64_a_4_0":{"x":53,"y":42},"ads_ob_wall_icon_a":{"x":13,"y":14},"ads_ob_wall_64_b_4_0":{"x":70,"y":62},"ads_ob_wall_64_b_2_0":{"x":65,"y":68},"ads_ob_wall_64_c_2_0":{"x":52,"y":53}},"visualization":{"layerCount":3,"angle":45,"layers":{"0":{"z":-2995.0},"1":{"z":-2990.0,"ink":"ADD"},"2":{"alpha":41,"z":-3000.0}},"directions":{"2":{},"4":{}},"animations":{"0":{"layers":{"0":{"frameSequences":{"0":{"frames":{"0":{"id":0}}}}},"1":{"frameSequences":{"0":{"frames":{"0":{"id":0}}}}},"2":{"frameSequences":{"0":{"frames":{"0":{"id":0}}}}}}}}}}