{"meta":{"app":"FFConverter ~ Joopie","format":"RGBA8888","image":"ads_ob_wall.png","scale":"1.0","size":{"w":512,"h":256},"version":"1.0"},"frames":{"ads_ob_wall_ads_ob_wall_64_b_4_0.png":{"frame":{"x":135,"y":110,"w":131,"h":137},"sourceSize":{"w":131,"h":137},"spriteSourceSize":{"x":0,"y":0,"w":131,"h":137},"rotated":false,"trimmed":false},"ads_ob_wall_ads_ob_wall_64_b_2_0.png":{"frame":{"x":2,"y":110,"w":131,"h":137},"sourceSize":{"w":131,"h":137},"spriteSourceSize":{"x":0,"y":0,"w":131,"h":137},"rotated":false,"trimmed":false},"ads_ob_wall_ads_ob_wall_64_c_4_0.png":{"frame":{"x":372,"y":146,"w":100,"h":101},"sourceSize":{"w":100,"h":101},"spriteSourceSize":{"x":0,"y":0,"w":100,"h":101},"rotated":false,"trimmed":false},"ads_ob_wall_ads_ob_wall_icon_a.png":{"frame":{"x":268,"y":112,"w":26,"h":27},"sourceSize":{"w":26,"h":27},"spriteSourceSize":{"x":0,"y":0,"w":26,"h":27},"rotated":false,"trimmed":false},"ads_ob_wall_ads_ob_wall_64_c_2_0.png":{"frame":{"x":2,"y":2,"w":102,"h":106},"sourceSize":{"w":102,"h":106},"spriteSourceSize":{"x":0,"y":0,"w":102,"h":106},"rotated":false,"trimmed":false},"ads_ob_wall_ads_ob_wall_64_a_4_0.png":{"frame":{"x":106,"y":7,"w":100,"h":101},"sourceSize":{"w":100,"h":101},"spriteSourceSize":{"x":0,"y":0,"w":100,"h":101},"rotated":false,"trimmed":false},"ads_ob_wall_ads_ob_wall_64_a_2_0.png":{"frame":{"x":268,"y":141,"w":102,"h":106},"sourceSize":{"w":102,"h":106},"spriteSourceSize":{"x":0,"y":0,"w":102,"h":106},"rotated":false,"trimmed":false}}}