{"meta":{"app":"FFConverter ~ Joopie","format":"RGBA8888","image":"ads_oc_soda_cherry.png","scale":"1.0","size":{"w":128,"h":128},"version":"1.0"},"frames":{"ads_oc_soda_cherry_ads_oc_soda_cherry_64_b_2_0.png":{"frame":{"x":116,"y":113,"w":1,"h":1},"sourceSize":{"w":1,"h":1},"spriteSourceSize":{"x":0,"y":0,"w":1,"h":1},"rotated":false,"trimmed":false},"ads_oc_soda_cherry_ads_oc_soda_cherry_64_c_2_1.png":{"frame":{"x":62,"y":54,"w":52,"h":60},"sourceSize":{"w":52,"h":60},"spriteSourceSize":{"x":0,"y":0,"w":52,"h":60},"rotated":false,"trimmed":false},"ads_oc_soda_cherry_ads_oc_soda_cherry_icon_a.png":{"frame":{"x":62,"y":2,"w":17,"h":30},"sourceSize":{"w":17,"h":30},"spriteSourceSize":{"x":0,"y":0,"w":17,"h":30},"rotated":false,"trimmed":false},"ads_oc_soda_cherry_ads_oc_soda_cherry_64_sd_0_0.png":{"frame":{"x":62,"y":34,"w":62,"h":18},"sourceSize":{"w":62,"h":18},"spriteSourceSize":{"x":0,"y":0,"w":62,"h":18},"rotated":false,"trimmed":false},"ads_oc_soda_cherry_ads_oc_soda_cherry_64_a_2_0.png":{"frame":{"x":2,"y":8,"w":58,"h":106},"sourceSize":{"w":58,"h":106},"spriteSourceSize":{"x":0,"y":0,"w":58,"h":106},"rotated":false,"trimmed":false},"ads_oc_soda_cherry_ads_oc_soda_cherry_64_b_2_1.png":{"frame":{"x":81,"y":7,"w":12,"h":25},"sourceSize":{"w":12,"h":25},"spriteSourceSize":{"x":0,"y":0,"w":12,"h":25},"rotated":false,"trimmed":false}}}