{"type":"furniture","name":"ads_oc_soda_cherry","visualizationType":"furniture_animated","logicType":"furniture_multistate","spritesheet":"ads_oc_soda_cherry_spritesheet.json","dimensions":{"x":1.0,"y":1.0,"z":1.0},"directions":[90,180],"assets":{"ads_oc_soda_cherry_64_a_4_0":{"source":"ads_oc_soda_cherry_64_a_2_0","x":29,"y":93,"flipH":true},"ads_oc_soda_cherry_64_c_2_0":{"source":"ads_oc_soda_cherry_64_b_2_0","x":-12,"y":24},"ads_oc_soda_cherry_64_a_2_0":{"x":29,"y":93},"ads_oc_soda_cherry_64_c_2_1":{"x":26,"y":92},"ads_oc_soda_cherry_64_c_4_0":{"source":"ads_oc_soda_cherry_64_b_2_0","x":-12,"y":24},"ads_oc_soda_cherry_64_c_4_1":{"source":"ads_oc_soda_cherry_64_c_2_1","x":26,"y":92,"flipH":true},"ads_oc_soda_cherry_64_b_2_0":{"x":-12,"y":24},"ads_oc_soda_cherry_64_sd_0_0":{"x":31,"y":2},"ads_oc_soda_cherry_64_b_4_0":{"source":"ads_oc_soda_cherry_64_b_2_0","x":-12,"y":24,"flipH":true},"ads_oc_soda_cherry_64_sd_2_0":{"source":"ads_oc_soda_cherry_64_sd_0_0","x":31,"y":2},"ads_oc_soda_cherry_64_b_2_1":{"x":-9,"y":35},"ads_oc_soda_cherry_64_sd_4_0":{"source":"ads_oc_soda_cherry_64_sd_0_0","x":31,"y":2},"ads_oc_soda_cherry_64_b_4_1":{"source":"ads_oc_soda_cherry_64_b_2_1","x":-9,"y":35,"flipH":true},"ads_oc_soda_cherry_icon_a":{"x":8,"y":15}},"visualization":{"layerCount":3,"angle":45,"layers":{"2":{"ink":"ADD"}},"directions":{"2":{},"4":{}},"animations":{"0":{"layers":{"0":{"frameSequences":{"0":{"frames":{"0":{"id":0}}}}},"1":{"frameSequences":{"0":{"frames":{"0":{"id":0}}}}},"2":{"frameSequences":{"0":{"frames":{"0":{"id":0}}}}}}},"1":{"layers":{"1":{"frameSequences":{"0":{"frames":{"0":{"id":1}}}}},"2":{"frameSequences":{"0":{"frames":{"0":{"id":1}}}}}}}}}}