{"meta":{"app":"FFConverter ~ Joopie","format":"RGBA8888","image":"ads_idol_mic.png","scale":"1.0","size":{"w":64,"h":256},"version":"1.0"},"frames":{"ads_idol_mic_ads_idol_mic_64_a_4_0.png":{"frame":{"x":2,"y":45,"w":56,"h":67},"sourceSize":{"w":56,"h":67},"spriteSourceSize":{"x":0,"y":0,"w":56,"h":67},"rotated":false,"trimmed":false},"ads_idol_mic_ads_idol_mic_64_a_0_0.png":{"frame":{"x":2,"y":114,"w":48,"h":78},"sourceSize":{"w":48,"h":78},"spriteSourceSize":{"x":0,"y":0,"w":48,"h":78},"rotated":false,"trimmed":false},"ads_idol_mic_ads_idol_mic_icon_a.png":{"frame":{"x":2,"y":13,"w":28,"h":30},"sourceSize":{"w":28,"h":30},"spriteSourceSize":{"x":0,"y":0,"w":28,"h":30},"rotated":false,"trimmed":false},"ads_idol_mic_ads_idol_mic_64_sd_0_0.png":{"frame":{"x":2,"y":2,"w":28,"h":9},"sourceSize":{"w":28,"h":9},"spriteSourceSize":{"x":0,"y":0,"w":28,"h":9},"rotated":false,"trimmed":false}}}