{"type":"furniture","name":"ads_idol_mic","visualizationType":"furniture_static","logicType":"furniture_basic","spritesheet":"ads_idol_mic_spritesheet.json","dimensions":{"x":1.0,"y":1.0,"z":0.0},"directions":[0,90,180,270],"assets":{"ads_idol_mic_icon_a":{"x":-302,"y":-234},"ads_idol_mic_64_a_0_0":{"x":27,"y":70},"ads_idol_mic_64_sd_2_0":{"source":"ads_idol_mic_64_sd_0_0","x":14,"y":0},"ads_idol_mic_64_sd_0_0":{"x":14,"y":0},"ads_idol_mic_64_a_4_0":{"x":25,"y":59},"ads_idol_mic_64_a_2_0":{"source":"ads_idol_mic_64_a_4_0","x":25,"y":59,"flipH":true},"ads_idol_mic_64_a_6_0":{"source":"ads_idol_mic_64_a_0_0","x":27,"y":70,"flipH":true},"ads_idol_mic_64_sd_6_0":{"source":"ads_idol_mic_64_sd_0_0","x":14,"y":0},"ads_idol_mic_64_sd_4_0":{"source":"ads_idol_mic_64_sd_0_0","x":14,"y":0}},"visualization":{"layerCount":1,"angle":45,"directions":{"0":{},"2":{},"4":{},"6":{}}}}