{"type":"furniture","name":"ads_super_pop","visualizationType":"furniture_animated","logicType":"furniture_multistate","spritesheet":"ads_super_pop_spritesheet.json","dimensions":{"x":2.8125,"y":0.2,"z":1.3},"directions":[90,180],"assets":{"ads_super_pop_64_a_2_0":{"x":45,"y":29},"ads_super_pop_64_a_2_1":{"x":45,"y":29},"ads_super_pop_64_a_4_0":{"x":45,"y":40},"ads_super_pop_64_b_2_0":{"x":47,"y":27},"ads_super_pop_icon_a":{"x":15,"y":10},"ads_super_pop_64_c_2_0":{"source":"ads_super_pop_64_c_4_0","x":1,"y":-25},"ads_super_pop_64_c_2_1":{"x":51,"y":37},"ads_super_pop_64_c_4_0":{"x":1,"y":-25},"ads_super_pop_64_b_4_0":{"x":42,"y":41},"ads_super_pop_64_c_4_1":{"x":51,"y":51},"ads_super_pop_64_a_4_1":{"x":45,"y":40}},"visualization":{"layerCount":3,"angle":45,"layers":{"0":{"z":-3000.0},"1":{"alpha":51,"z":-3000.0},"2":{"z":-3000.0,"ink":"ADD","ignoreMouse":true}},"directions":{"2":{},"4":{}},"animations":{"0":{"layers":{"0":{"frameSequences":{"0":{"frames":{"0":{"id":0}}}}},"1":{"frameSequences":{"0":{"frames":{"0":{"id":0}}}}},"2":{"frameSequences":{"0":{"frames":{"0":{"id":0}}}}}}},"1":{"layers":{"0":{"frameSequences":{"0":{"frames":{"0":{"id":1}}}}},"2":{"frameSequences":{"0":{"frames":{"0":{"id":1}}}}}}}}}}