{"meta":{"app":"FFConverter ~ Joopie","format":"RGBA8888","image":"ads_super_pop.png","scale":"1.0","size":{"w":256,"h":256},"version":"1.0"},"frames":{"ads_super_pop_ads_super_pop_64_a_2_1.png":{"frame":{"x":2,"y":12,"w":90,"h":59},"sourceSize":{"w":90,"h":59},"spriteSourceSize":{"x":0,"y":0,"w":90,"h":59},"rotated":false,"trimmed":false},"ads_super_pop_ads_super_pop_64_a_4_0.png":{"frame":{"x":108,"y":92,"w":90,"h":80},"sourceSize":{"w":90,"h":80},"spriteSourceSize":{"x":0,"y":0,"w":90,"h":80},"rotated":false,"trimmed":false},"ads_super_pop_ads_super_pop_64_b_4_0.png":{"frame":{"x":94,"y":2,"w":43,"h":27},"sourceSize":{"w":43,"h":27},"spriteSourceSize":{"x":0,"y":0,"w":43,"h":27},"rotated":false,"trimmed":false},"ads_super_pop_ads_super_pop_64_a_2_0.png":{"frame":{"x":108,"y":31,"w":90,"h":59},"sourceSize":{"w":90,"h":59},"spriteSourceSize":{"x":0,"y":0,"w":90,"h":59},"rotated":false,"trimmed":false},"ads_super_pop_ads_super_pop_64_a_4_1.png":{"frame":{"x":108,"y":174,"w":90,"h":80},"sourceSize":{"w":90,"h":80},"spriteSourceSize":{"x":0,"y":0,"w":90,"h":80},"rotated":false,"trimmed":false},"ads_super_pop_ads_super_pop_icon_a.png":{"frame":{"x":200,"y":180,"w":30,"h":20},"sourceSize":{"w":30,"h":20},"spriteSourceSize":{"x":0,"y":0,"w":30,"h":20},"rotated":false,"trimmed":false},"ads_super_pop_ads_super_pop_64_b_2_0.png":{"frame":{"x":200,"y":202,"w":44,"h":52},"sourceSize":{"w":44,"h":52},"spriteSourceSize":{"x":0,"y":0,"w":44,"h":52},"rotated":false,"trimmed":false},"ads_super_pop_ads_super_pop_64_c_2_1.png":{"frame":{"x":2,"y":73,"w":104,"h":75},"sourceSize":{"w":104,"h":75},"spriteSourceSize":{"x":0,"y":0,"w":104,"h":75},"rotated":false,"trimmed":false},"ads_super_pop_ads_super_pop_64_c_4_0.png":{"frame":{"x":246,"y":253,"w":1,"h":1},"sourceSize":{"w":1,"h":1},"spriteSourceSize":{"x":0,"y":0,"w":1,"h":1},"rotated":false,"trimmed":false},"ads_super_pop_ads_super_pop_64_c_4_1.png":{"frame":{"x":2,"y":150,"w":104,"h":104},"sourceSize":{"w":104,"h":104},"spriteSourceSize":{"x":0,"y":0,"w":104,"h":104},"rotated":false,"trimmed":false}}}