{"meta":{"app":"FFConverter ~ Joopie","format":"RGBA8888","image":"ads_cp_trophy.png","scale":"1.0","size":{"w":128,"h":128},"version":"1.0"},"frames":{"ads_cp_trophy_ads_cp_trophy_64_a_2_0.png":{"frame":{"x":2,"y":2,"w":48,"h":122},"sourceSize":{"w":48,"h":122},"spriteSourceSize":{"x":0,"y":0,"w":48,"h":122},"rotated":false,"trimmed":false},"ads_cp_trophy_ads_cp_trophy_64_a_4_0.png":{"frame":{"x":52,"y":2,"w":48,"h":122},"sourceSize":{"w":48,"h":122},"spriteSourceSize":{"x":0,"y":0,"w":48,"h":122},"rotated":false,"trimmed":false},"ads_cp_trophy_ads_cp_trophy_icon_a.png":{"frame":{"x":102,"y":95,"w":22,"h":29},"sourceSize":{"w":22,"h":29},"spriteSourceSize":{"x":0,"y":0,"w":22,"h":29},"rotated":false,"trimmed":false}}}