{"meta":{"app":"FFConverter ~ Joopie","format":"RGBA8888","image":"ads_twi_fountn.png","scale":"1.0","size":{"w":128,"h":256},"version":"1.0"},"frames":{"ads_twi_fountn_ads_twi_fountn_64_a_0_0.png":{"frame":{"x":2,"y":74,"w":98,"h":162},"sourceSize":{"w":98,"h":162},"spriteSourceSize":{"x":0,"y":0,"w":98,"h":162},"rotated":false,"trimmed":false},"ads_twi_fountn_ads_twi_fountn_64_b_0_1.png":{"frame":{"x":62,"y":6,"w":56,"h":66},"sourceSize":{"w":56,"h":66},"spriteSourceSize":{"x":0,"y":0,"w":56,"h":66},"rotated":false,"trimmed":false},"ads_twi_fountn_ads_twi_fountn_icon_a.png":{"frame":{"x":102,"y":206,"w":24,"h":30},"sourceSize":{"w":24,"h":30},"spriteSourceSize":{"x":0,"y":0,"w":24,"h":30},"rotated":false,"trimmed":false},"ads_twi_fountn_ads_twi_fountn_32_b_0_0.png":{"frame":{"x":2,"y":2,"w":1,"h":1},"sourceSize":{"w":1,"h":1},"spriteSourceSize":{"x":0,"y":0,"w":1,"h":1},"rotated":false,"trimmed":false},"ads_twi_fountn_ads_twi_fountn_64_b_0_2.png":{"frame":{"x":2,"y":5,"w":58,"h":67},"sourceSize":{"w":58,"h":67},"spriteSourceSize":{"x":0,"y":0,"w":58,"h":67},"rotated":false,"trimmed":false}}}