{"type":"furniture","name":"ads_twi_fountn","visualizationType":"furniture_animated","logicType":"furniture_multistate","spritesheet":"ads_twi_fountn_spritesheet.json","dimensions":{"x":2.0,"y":2.0,"z":0.0},"directions":[0],"assets":{"ads_twi_fountn_64_b_0_2":{"x":29,"y":46},"ads_twi_fountn_icon_a":{"x":12,"y":15},"ads_twi_fountn_64_b_0_0":{"source":"ads_twi_fountn_32_b_0_0","x":33,"y":0},"ads_twi_fountn_64_b_0_1":{"x":28,"y":46},"ads_twi_fountn_64_a_0_0":{"x":49,"y":121}},"visualization":{"layerCount":2,"angle":45,"layers":{"0":{"z":1000.0},"1":{"alpha":179,"z":1010.0}},"directions":{"0":{}},"animations":{"0":{"layers":{"0":{"frameSequences":{"0":{"frames":{"0":{"id":0}}}}},"1":{"frameSequences":{"0":{"frames":{"0":{"id":0}}}}}}},"1":{"layers":{"0":{"frameSequences":{"0":{"frames":{"0":{"id":0}}}}},"1":{"loopCount":0,"frameRepeat":2,"frameSequences":{"0":{"frames":{"0":{"id":1},"1":{"id":1},"2":{"id":2},"3":{"id":2}}}}}}}}}}