{"meta":{"app":"FFConverter ~ Joopie","format":"RGBA8888","image":"ads_gsArcade_1.png","scale":"1.0","size":{"w":256,"h":128},"version":"1.0"},"frames":{"ads_gsArcade_1_ads_gsArcade_1_64_b_2_3.png":{"frame":{"x":68,"y":22,"w":24,"h":29},"sourceSize":{"w":24,"h":29},"spriteSourceSize":{"x":0,"y":0,"w":24,"h":29},"rotated":false,"trimmed":false},"ads_gsArcade_1_ads_gsArcade_1_64_b_2_1.png":{"frame":{"x":120,"y":22,"w":24,"h":29},"sourceSize":{"w":24,"h":29},"spriteSourceSize":{"x":0,"y":0,"w":24,"h":29},"rotated":false,"trimmed":false},"ads_gsArcade_1_ads_gsArcade_1_64_b_2_4.png":{"frame":{"x":94,"y":84,"w":24,"h":29},"sourceSize":{"w":24,"h":29},"spriteSourceSize":{"x":0,"y":0,"w":24,"h":29},"rotated":false,"trimmed":false},"ads_gsArcade_1_ads_gsArcade_1_64_b_2_6.png":{"frame":{"x":68,"y":84,"w":24,"h":29},"sourceSize":{"w":24,"h":29},"spriteSourceSize":{"x":0,"y":0,"w":24,"h":29},"rotated":false,"trimmed":false},"ads_gsArcade_1_ads_gsArcade_1_64_a_2_0.png":{"frame":{"x":2,"y":2,"w":64,"h":111},"sourceSize":{"w":64,"h":111},"spriteSourceSize":{"x":0,"y":0,"w":64,"h":111},"rotated":false,"trimmed":false},"ads_gsArcade_1_ads_gsArcade_1_64_b_2_8.png":{"frame":{"x":120,"y":84,"w":24,"h":29},"sourceSize":{"w":24,"h":29},"spriteSourceSize":{"x":0,"y":0,"w":24,"h":29},"rotated":false,"trimmed":false},"ads_gsArcade_1_ads_gsArcade_1_64_b_2_2.png":{"frame":{"x":120,"y":53,"w":24,"h":29},"sourceSize":{"w":24,"h":29},"spriteSourceSize":{"x":0,"y":0,"w":24,"h":29},"rotated":false,"trimmed":false},"ads_gsArcade_1_ads_gsArcade_1_64_b_2_0.png":{"frame":{"x":146,"y":53,"w":24,"h":29},"sourceSize":{"w":24,"h":29},"spriteSourceSize":{"x":0,"y":0,"w":24,"h":29},"rotated":false,"trimmed":false},"ads_gsArcade_1_ads_gsArcade_1_icon_a.png":{"frame":{"x":172,"y":83,"w":20,"h":30},"sourceSize":{"w":20,"h":30},"spriteSourceSize":{"x":0,"y":0,"w":20,"h":30},"rotated":false,"trimmed":false},"ads_gsArcade_1_ads_gsArcade_1_64_b_2_10.png":{"frame":{"x":146,"y":84,"w":24,"h":29},"sourceSize":{"w":24,"h":29},"spriteSourceSize":{"x":0,"y":0,"w":24,"h":29},"rotated":false,"trimmed":false},"ads_gsArcade_1_ads_gsArcade_1_64_b_2_5.png":{"frame":{"x":68,"y":53,"w":24,"h":29},"sourceSize":{"w":24,"h":29},"spriteSourceSize":{"x":0,"y":0,"w":24,"h":29},"rotated":false,"trimmed":false},"ads_gsArcade_1_ads_gsArcade_1_64_b_2_9.png":{"frame":{"x":94,"y":53,"w":24,"h":29},"sourceSize":{"w":24,"h":29},"spriteSourceSize":{"x":0,"y":0,"w":24,"h":29},"rotated":false,"trimmed":false},"ads_gsArcade_1_ads_gsArcade_1_64_b_2_7.png":{"frame":{"x":94,"y":22,"w":24,"h":29},"sourceSize":{"w":24,"h":29},"spriteSourceSize":{"x":0,"y":0,"w":24,"h":29},"rotated":false,"trimmed":false}}}