{"type":"furniture","name":"ads_volkswagen_poster","visualizationType":"furniture_static","logicType":"furniture_basic","spritesheet":"ads_volkswagen_poster_spritesheet.json","dimensions":{"x":1.9688,"y":0.2,"z":1.4688},"directions":[90,180],"assets":{"ads_volkswagen_poster_64_a_4_0":{"source":"ads_volkswagen_poster_64_a_2_0","x":31,"y":39,"flipH":true},"ads_volkswagen_poster_64_a_2_0":{"x":31,"y":39},"ads_volkswagen_poster_icon_a":{"x":12,"y":15}},"visualization":{"layerCount":1,"angle":45,"layers":{"0":{"z":-3000.0}},"directions":{"2":{},"4":{}}}}