{"meta":{"app":"FFConverter ~ Joopie","format":"RGBA8888","image":"ads_volkswagen_poster.png","scale":"1.0","size":{"w":256,"h":128},"version":"1.0"},"frames":{"ads_volkswagen_poster_ads_volkswagen_poster_icon_a.png":{"frame":{"x":112,"y":100,"w":24,"h":26},"sourceSize":{"w":24,"h":26},"spriteSourceSize":{"x":0,"y":0,"w":24,"h":26},"rotated":false,"trimmed":false},"ads_volkswagen_poster_ads_volkswagen_poster_64_a_2_0.png":{"frame":{"x":2,"y":2,"w":108,"h":124},"sourceSize":{"w":108,"h":124},"spriteSourceSize":{"x":0,"y":0,"w":108,"h":124},"rotated":false,"trimmed":false}}}