{"meta":{"app":"FFConverter ~ Joopie","format":"RGBA8888","image":"ads_twi_windw.png","scale":"1.0","size":{"w":2048,"h":256},"version":"1.0"},"frames":{"ads_twi_windw_ads_twi_windw_32_d_4_0.png":{"frame":{"x":740,"y":113,"w":1,"h":1},"sourceSize":{"w":1,"h":1},"spriteSourceSize":{"x":0,"y":0,"w":1,"h":1},"rotated":false,"trimmed":false},"ads_twi_windw_ads_twi_windw_64_c_2_1.png":{"frame":{"x":374,"y":101,"w":122,"h":145},"sourceSize":{"w":122,"h":145},"spriteSourceSize":{"x":0,"y":0,"w":122,"h":145},"rotated":false,"trimmed":false},"ads_twi_windw_ads_twi_windw_64_d_2_1.png":{"frame":{"x":644,"y":6,"w":97,"h":95},"sourceSize":{"w":97,"h":95},"spriteSourceSize":{"x":0,"y":0,"w":97,"h":95},"rotated":false,"trimmed":false},"ads_twi_windw_ads_twi_windw_64_c_4_1.png":{"frame":{"x":2,"y":101,"w":122,"h":145},"sourceSize":{"w":122,"h":145},"spriteSourceSize":{"x":0,"y":0,"w":122,"h":145},"rotated":false,"trimmed":false},"ads_twi_windw_ads_twi_windw_64_e_4_4.png":{"frame":{"x":116,"y":3,"w":112,"h":96},"sourceSize":{"w":112,"h":96},"spriteSourceSize":{"x":0,"y":0,"w":112,"h":96},"rotated":false,"trimmed":false},"ads_twi_windw_ads_twi_windw_64_b_4_1.png":{"frame":{"x":1310,"y":125,"w":104,"h":121},"sourceSize":{"w":104,"h":121},"spriteSourceSize":{"x":0,"y":0,"w":104,"h":121},"rotated":false,"trimmed":false},"ads_twi_windw_ads_twi_windw_64_e_2_1.png":{"frame":{"x":1194,"y":135,"w":114,"h":111},"sourceSize":{"w":114,"h":111},"spriteSourceSize":{"x":0,"y":0,"w":114,"h":111},"rotated":false,"trimmed":false},"ads_twi_windw_ads_twi_windw_64_c_2_0.png":{"frame":{"x":250,"y":101,"w":122,"h":145},"sourceSize":{"w":122,"h":145},"spriteSourceSize":{"x":0,"y":0,"w":122,"h":145},"rotated":false,"trimmed":false},"ads_twi_windw_ads_twi_windw_64_d_4_4.png":{"frame":{"x":743,"y":40,"w":95,"h":83},"sourceSize":{"w":95,"h":83},"spriteSourceSize":{"x":0,"y":0,"w":95,"h":83},"rotated":false,"trimmed":false},"ads_twi_windw_ads_twi_windw_64_e_2_4.png":{"frame":{"x":846,"y":135,"w":114,"h":111},"sourceSize":{"w":114,"h":111},"spriteSourceSize":{"x":0,"y":0,"w":114,"h":111},"rotated":false,"trimmed":false},"ads_twi_windw_ads_twi_windw_64_a_4_0.png":{"frame":{"x":498,"y":103,"w":119,"h":143},"sourceSize":{"w":119,"h":143},"spriteSourceSize":{"x":0,"y":0,"w":119,"h":143},"rotated":false,"trimmed":false},"ads_twi_windw_ads_twi_windw_64_b_4_0.png":{"frame":{"x":1522,"y":125,"w":104,"h":121},"sourceSize":{"w":104,"h":121},"spriteSourceSize":{"x":0,"y":0,"w":104,"h":121},"rotated":false,"trimmed":false},"ads_twi_windw_ads_twi_windw_64_e_4_3.png":{"frame":{"x":2,"y":3,"w":112,"h":96},"sourceSize":{"w":112,"h":96},"spriteSourceSize":{"x":0,"y":0,"w":112,"h":96},"rotated":false,"trimmed":false},"ads_twi_windw_ads_twi_windw_64_b_2_1.png":{"frame":{"x":1734,"y":125,"w":104,"h":121},"sourceSize":{"w":104,"h":121},"spriteSourceSize":{"x":0,"y":0,"w":104,"h":121},"rotated":false,"trimmed":false},"ads_twi_windw_ads_twi_windw_64_c_4_0.png":{"frame":{"x":126,"y":101,"w":122,"h":145},"sourceSize":{"w":122,"h":145},"spriteSourceSize":{"x":0,"y":0,"w":122,"h":145},"rotated":false,"trimmed":false},"ads_twi_windw_ads_twi_windw_64_e_2_3.png":{"frame":{"x":962,"y":135,"w":114,"h":111},"sourceSize":{"w":114,"h":111},"spriteSourceSize":{"x":0,"y":0,"w":114,"h":111},"rotated":false,"trimmed":false},"ads_twi_windw_ads_twi_windw_64_d_2_3.png":{"frame":{"x":344,"y":3,"w":98,"h":96},"sourceSize":{"w":98,"h":96},"spriteSourceSize":{"x":0,"y":0,"w":98,"h":96},"rotated":false,"trimmed":false},"ads_twi_windw_ads_twi_windw_64_e_4_2.png":{"frame":{"x":1840,"y":150,"w":112,"h":96},"sourceSize":{"w":112,"h":96},"spriteSourceSize":{"x":0,"y":0,"w":112,"h":96},"rotated":false,"trimmed":false},"ads_twi_windw_ads_twi_windw_64_2_mask.png":{"frame":{"x":1416,"y":125,"w":104,"h":121},"sourceSize":{"w":104,"h":121},"spriteSourceSize":{"x":0,"y":0,"w":104,"h":121},"rotated":false,"trimmed":false},"ads_twi_windw_ads_twi_windw_icon_a.png":{"frame":{"x":1954,"y":218,"w":28,"h":28},"sourceSize":{"w":28,"h":28},"spriteSourceSize":{"x":0,"y":0,"w":28,"h":28},"rotated":false,"trimmed":false},"ads_twi_windw_ads_twi_windw_64_d_2_4.png":{"frame":{"x":444,"y":2,"w":98,"h":97},"sourceSize":{"w":98,"h":97},"spriteSourceSize":{"x":0,"y":0,"w":98,"h":97},"rotated":false,"trimmed":false},"ads_twi_windw_ads_twi_windw_64_d_4_3.png":{"frame":{"x":1840,"y":66,"w":95,"h":82},"sourceSize":{"w":95,"h":82},"spriteSourceSize":{"x":0,"y":0,"w":95,"h":82},"rotated":false,"trimmed":false},"ads_twi_windw_ads_twi_windw_64_b_2_0.png":{"frame":{"x":1628,"y":125,"w":104,"h":121},"sourceSize":{"w":104,"h":121},"spriteSourceSize":{"x":0,"y":0,"w":104,"h":121},"rotated":false,"trimmed":false},"ads_twi_windw_ads_twi_windw_64_4_mask.png":{"frame":{"x":740,"y":125,"w":104,"h":121},"sourceSize":{"w":104,"h":121},"spriteSourceSize":{"x":0,"y":0,"w":104,"h":121},"rotated":false,"trimmed":false},"ads_twi_windw_ads_twi_windw_64_e_2_2.png":{"frame":{"x":1078,"y":135,"w":114,"h":111},"sourceSize":{"w":114,"h":111},"spriteSourceSize":{"x":0,"y":0,"w":114,"h":111},"rotated":false,"trimmed":false},"ads_twi_windw_ads_twi_windw_64_e_4_1.png":{"frame":{"x":230,"y":3,"w":112,"h":96},"sourceSize":{"w":112,"h":96},"spriteSourceSize":{"x":0,"y":0,"w":112,"h":96},"rotated":false,"trimmed":false},"ads_twi_windw_ads_twi_windw_64_d_4_1.png":{"frame":{"x":943,"y":52,"w":95,"h":81},"sourceSize":{"w":95,"h":81},"spriteSourceSize":{"x":0,"y":0,"w":95,"h":81},"rotated":false,"trimmed":false},"ads_twi_windw_ads_twi_windw_64_a_2_0.png":{"frame":{"x":619,"y":103,"w":119,"h":143},"sourceSize":{"w":119,"h":143},"spriteSourceSize":{"x":0,"y":0,"w":119,"h":143},"rotated":false,"trimmed":false},"ads_twi_windw_ads_twi_windw_64_d_2_2.png":{"frame":{"x":544,"y":6,"w":98,"h":95},"sourceSize":{"w":98,"h":95},"spriteSourceSize":{"x":0,"y":0,"w":98,"h":95},"rotated":false,"trimmed":false},"ads_twi_windw_ads_twi_windw_64_d_4_2.png":{"frame":{"x":846,"y":52,"w":95,"h":81},"sourceSize":{"w":95,"h":81},"spriteSourceSize":{"x":0,"y":0,"w":95,"h":81},"rotated":false,"trimmed":false}}}