{"type":"furniture","name":"ads_twi_windw","visualizationType":"furniture_animated","logicType":"furniture_window","spritesheet":"ads_twi_windw_spritesheet.json","dimensions":{"x":3.7188,"y":0.2,"z":2.625},"directions":[90,180],"assets":{"ads_twi_windw_64_b_4_1":{"x":52,"y":60},"ads_twi_windw_icon_a":{"x":14,"y":14},"ads_twi_windw_64_a_4_0":{"x":61,"y":71},"ads_twi_windw_64_a_2_0":{"x":58,"y":70},"ads_twi_windw_64_2_mask":{"x":52,"y":59},"ads_twi_windw_64_c_4_1":{"x":63,"y":71},"ads_twi_windw_64_c_4_0":{"x":63,"y":71},"ads_twi_windw_64_d_2_0":{"source":"ads_twi_windw_32_d_4_0","x":-60,"y":-13},"ads_twi_windw_64_d_2_2":{"x":44,"y":43},"ads_twi_windw_64_d_4_0":{"source":"ads_twi_windw_32_d_4_0","x":61,"y":-12},"ads_twi_windw_64_d_2_1":{"x":43,"y":43},"ads_twi_windw_64_d_2_4":{"x":44,"y":45},"ads_twi_windw_64_d_4_2":{"x":46,"y":36},"ads_twi_windw_64_d_2_3":{"x":44,"y":44},"ads_twi_windw_64_d_4_1":{"x":46,"y":36},"ads_twi_windw_64_d_4_4":{"x":46,"y":38},"ads_twi_windw_64_d_4_3":{"x":46,"y":37},"ads_twi_windw_64_e_4_4":{"x":55,"y":41},"ads_twi_windw_64_e_4_3":{"x":55,"y":41},"ads_twi_windw_64_e_2_4":{"x":52,"y":50},"ads_twi_windw_64_e_4_2":{"x":55,"y":41},"ads_twi_windw_64_c_2_1":{"x":59,"y":70},"ads_twi_windw_64_e_2_3":{"x":52,"y":50},"ads_twi_windw_64_e_4_1":{"x":55,"y":41},"ads_twi_windw_64_c_2_0":{"x":59,"y":70},"ads_twi_windw_64_e_2_2":{"x":52,"y":50},"ads_twi_windw_64_e_4_0":{"source":"ads_twi_windw_32_d_4_0","x":61,"y":-12},"ads_twi_windw_64_e_2_1":{"x":52,"y":50},"ads_twi_windw_64_e_2_0":{"source":"ads_twi_windw_32_d_4_0","x":-60,"y":-13},"ads_twi_windw_64_b_2_0":{"x":52,"y":59},"ads_twi_windw_64_b_4_0":{"x":52,"y":60},"ads_twi_windw_64_b_2_1":{"x":52,"y":59},"ads_twi_windw_64_4_mask":{"x":52,"y":60}},"visualization":{"layerCount":5,"angle":45,"layers":{"0":{"z":-3000.0},"1":{"alpha":51,"z":-2950.0},"2":{"z":-2950.0},"3":{"z":-2850.0},"4":{"z":-2850.0,"ink":"ADD"}},"directions":{"2":{},"4":{}},"animations":{"0":{"layers":{"0":{"frameSequences":{"0":{"frames":{"0":{"id":0}}}}},"1":{"frameSequences":{"0":{"frames":{"0":{"id":0}}}}},"2":{"frameSequences":{"0":{"frames":{"0":{"id":0}}}}},"3":{"frameSequences":{"0":{"frames":{"0":{"id":0}}}}},"4":{"frameSequences":{"0":{"frames":{"0":{"id":0}}}}}}},"1":{"layers":{"1":{"frameSequences":{"0":{"frames":{"0":{"id":1}}}}},"2":{"frameSequences":{"0":{"frames":{"0":{"id":1}}}}},"3":{"loopCount":0,"frameRepeat":3,"frameSequences":{"0":{"frames":{"0":{"id":2},"1":{"id":3},"2":{"id":4},"3":{"id":1},"4":{"id":3},"5":{"id":2},"6":{"id":1},"7":{"id":4},"8":{"id":3},"9":{"id":2},"10":{"id":1},"11":{"id":3},"12":{"id":2},"13":{"id":4},"14":{"id":1},"15":{"id":2},"16":{"id":3},"17":{"id":4},"18":{"id":2},"19":{"id":1},"20":{"id":3},"21":{"id":4},"22":{"id":1},"23":{"id":2},"24":{"id":3},"25":{"id":4}}}}},"4":{"loopCount":0,"frameRepeat":3,"frameSequences":{"0":{"frames":{"0":{"id":2},"1":{"id":3},"2":{"id":4},"3":{"id":1},"4":{"id":3},"5":{"id":2},"6":{"id":1},"7":{"id":4},"8":{"id":3},"9":{"id":2},"10":{"id":1},"11":{"id":3},"12":{"id":2},"13":{"id":4},"14":{"id":1},"15":{"id":2},"16":{"id":3},"17":{"id":4},"18":{"id":2},"19":{"id":1},"20":{"id":3},"21":{"id":4},"22":{"id":1},"23":{"id":2},"24":{"id":3},"25":{"id":4}}}}}}}}}}