{"meta":{"app":"FFConverter ~ Joopie","format":"RGBA8888","image":"ads_mall_tele.png","scale":"1.0","size":{"w":256,"h":128},"version":"1.0"},"frames":{"ads_mall_tele_ads_mall_tele_64_c_6_1.png":{"frame":{"x":78,"y":22,"w":36,"h":104},"sourceSize":{"w":36,"h":104},"spriteSourceSize":{"x":0,"y":0,"w":36,"h":104},"rotated":false,"trimmed":false},"ads_mall_tele_ads_mall_tele_64_b_6_1.png":{"frame":{"x":217,"y":38,"w":26,"h":88},"sourceSize":{"w":26,"h":88},"spriteSourceSize":{"x":0,"y":0,"w":26,"h":88},"rotated":false,"trimmed":false},"ads_mall_tele_ads_mall_tele_32_a_6_0.png":{"frame":{"x":252,"y":122,"w":1,"h":1},"sourceSize":{"w":1,"h":1},"spriteSourceSize":{"x":0,"y":0,"w":1,"h":1},"rotated":false,"trimmed":false},"ads_mall_tele_ads_mall_tele_64_a_4_0.png":{"frame":{"x":40,"y":22,"w":36,"h":104},"sourceSize":{"w":36,"h":104},"spriteSourceSize":{"x":0,"y":0,"w":36,"h":104},"rotated":false,"trimmed":false},"ads_mall_tele_ads_mall_tele_64_d_6_0.png":{"frame":{"x":116,"y":22,"w":36,"h":104},"sourceSize":{"w":36,"h":104},"spriteSourceSize":{"x":0,"y":0,"w":36,"h":104},"rotated":false,"trimmed":false},"ads_mall_tele_ads_mall_tele_64_a_4_1.png":{"frame":{"x":154,"y":22,"w":33,"h":104},"sourceSize":{"w":33,"h":104},"spriteSourceSize":{"x":0,"y":0,"w":33,"h":104},"rotated":false,"trimmed":false},"ads_mall_tele_ads_mall_tele_64_d_4_1.png":{"frame":{"x":2,"y":22,"w":36,"h":104},"sourceSize":{"w":36,"h":104},"spriteSourceSize":{"x":0,"y":0,"w":36,"h":104},"rotated":false,"trimmed":false},"ads_mall_tele_ads_mall_tele_64_a_6_1.png":{"frame":{"x":245,"y":104,"w":5,"h":22},"sourceSize":{"w":5,"h":22},"spriteSourceSize":{"x":0,"y":0,"w":5,"h":22},"rotated":false,"trimmed":false},"ads_mall_tele_ads_mall_tele_icon_a.png":{"frame":{"x":189,"y":5,"w":12,"h":31},"sourceSize":{"w":12,"h":31},"spriteSourceSize":{"x":0,"y":0,"w":12,"h":31},"rotated":false,"trimmed":false},"ads_mall_tele_ads_mall_tele_64_c_4_1.png":{"frame":{"x":189,"y":38,"w":26,"h":88},"sourceSize":{"w":26,"h":88},"spriteSourceSize":{"x":0,"y":0,"w":26,"h":88},"rotated":false,"trimmed":false}}}