{"meta":{"app":"FFConverter ~ Joopie","format":"RGBA8888","image":"ads_mpu_720.png","scale":"1.0","size":{"w":2048,"h":256},"version":"1.0"},"frames":{"ads_mpu_720_ads_mpu_720_icon_a.png":{"frame":{"x":2,"y":2,"w":28,"h":20},"sourceSize":{"w":28,"h":20},"spriteSourceSize":{"x":0,"y":0,"w":28,"h":20},"rotated":false,"trimmed":false},"ads_mpu_720_ads_mpu_720_64_b_4_0.png":{"frame":{"x":744,"y":143,"w":728,"h":90},"sourceSize":{"w":728,"h":90},"spriteSourceSize":{"x":0,"y":0,"w":728,"h":90},"rotated":false,"trimmed":false},"ads_mpu_720_ads_mpu_720_64_a_4_0.png":{"frame":{"x":2,"y":24,"w":740,"h":209},"sourceSize":{"w":740,"h":209},"spriteSourceSize":{"x":0,"y":0,"w":740,"h":209},"rotated":false,"trimmed":false}}}