{"type":"furniture","name":"ads_mpu_720","visualizationType":"furniture_bb","logicType":"furniture_bb","spritesheet":"ads_mpu_720_spritesheet.json","dimensions":{"x":1.0,"y":1.0,"z":1.0},"directions":[180],"assets":{"ads_mpu_720_64_b_4_0":{},"ads_mpu_720_64_a_4_0":{},"ads_mpu_720_icon_a":{}},"visualization":{"layerCount":2,"angle":45,"layers":{"0":{"x":-366,"y":-355},"1":{"x":-360,"y":-243,"tag":"branded_image"}},"directions":{"4":{}},"animations":{"0":{"layers":{"0":{"frameSequences":{"0":{"frames":{"0":{"id":0}}}}},"1":{"frameSequences":{"0":{"frames":{"0":{"id":0}}}}}}}}}}