{"meta":{"app":"FFConverter ~ Joopie","format":"RGBA8888","image":"ads_antena3_wall.png","scale":"1.0","size":{"w":256,"h":128},"version":"1.0"},"frames":{"ads_antena3_wall_ads_antena3_wall_64_a_2_0.png":{"frame":{"x":2,"y":2,"w":77,"h":98},"sourceSize":{"w":77,"h":98},"spriteSourceSize":{"x":0,"y":0,"w":77,"h":98},"rotated":false,"trimmed":false},"ads_antena3_wall_ads_antena3_wall_icon_a.png":{"frame":{"x":160,"y":71,"w":30,"h":29},"sourceSize":{"w":30,"h":29},"spriteSourceSize":{"x":0,"y":0,"w":30,"h":29},"rotated":false,"trimmed":false},"ads_antena3_wall_ads_antena3_wall_64_a_4_0.png":{"frame":{"x":81,"y":2,"w":77,"h":98},"sourceSize":{"w":77,"h":98},"spriteSourceSize":{"x":0,"y":0,"w":77,"h":98},"rotated":false,"trimmed":false}}}