{"meta":{"app":"FFConverter ~ Joopie","format":"RGBA8888","image":"ads_reebok_block2.png","scale":"1.0","size":{"w":512,"h":64},"version":"1.0"},"frames":{"ads_reebok_block2_ads_reebok_block2_icon_a.png":{"frame":{"x":328,"y":2,"w":32,"h":26},"sourceSize":{"w":32,"h":26},"spriteSourceSize":{"x":0,"y":0,"w":32,"h":26},"rotated":false,"trimmed":false},"ads_reebok_block2_ads_reebok_block2_64_b_0_0.png":{"frame":{"x":2,"y":6,"w":130,"h":56},"sourceSize":{"w":130,"h":56},"spriteSourceSize":{"x":0,"y":0,"w":130,"h":56},"rotated":false,"trimmed":false},"ads_reebok_block2_ads_reebok_block2_64_c_0_0.png":{"frame":{"x":260,"y":5,"w":66,"h":57},"sourceSize":{"w":66,"h":57},"spriteSourceSize":{"x":0,"y":0,"w":66,"h":57},"rotated":false,"trimmed":false},"ads_reebok_block2_ads_reebok_block2_64_a_0_0.png":{"frame":{"x":328,"y":30,"w":62,"h":32},"sourceSize":{"w":62,"h":32},"spriteSourceSize":{"x":0,"y":0,"w":62,"h":32},"rotated":false,"trimmed":false},"ads_reebok_block2_ads_reebok_block2_64_sd_0_0.png":{"frame":{"x":134,"y":31,"w":124,"h":31},"sourceSize":{"w":124,"h":31},"spriteSourceSize":{"x":0,"y":0,"w":124,"h":31},"rotated":false,"trimmed":false}}}