{"type":"furniture","name":"ads_reebok_block2","visualizationType":"furniture_static","logicType":"furniture_basic","spritesheet":"ads_reebok_block2_spritesheet.json","dimensions":{"x":2.0,"y":2.0,"z":0.8},"directions":[0,90],"assets":{"ads_reebok_block2_64_sd_0_0":{"x":62,"y":-17},"ads_reebok_block2_icon_a":{"x":16,"y":11},"ads_reebok_block2_64_c_0_0":{"x":33,"y":10},"ads_reebok_block2_64_a_2_0":{"source":"ads_reebok_block2_64_a_0_0","x":31,"y":41,"flipH":true},"ads_reebok_block2_64_sd_2_0":{"source":"ads_reebok_block2_64_sd_0_0","x":62,"y":-17,"flipH":true},"ads_reebok_block2_64_a_0_0":{"x":31,"y":41},"ads_reebok_block2_64_b_0_0":{"x":65,"y":25},"ads_reebok_block2_64_c_2_0":{"source":"ads_reebok_block2_64_c_0_0","x":33,"y":10,"flipH":true},"ads_reebok_block2_64_b_2_0":{"source":"ads_reebok_block2_64_b_0_0","x":65,"y":25,"flipH":true}},"visualization":{"layerCount":3,"angle":45,"directions":{"0":{"layers":{"1":{"z":1000.0},"2":{"z":2000.0}}},"2":{"layers":{"1":{"z":1000.0},"2":{"z":2000.0}}}}}}