{"type":"furniture","name":"america_r17_raccoon","visualizationType":"furniture_animated","logicType":"furniture_multistate","spritesheet":"america_r17_raccoon_spritesheet.json","dimensions":{"x":1.0,"y":1.0,"z":1.0},"directions":[0,90],"assets":{"america_r17_raccoon_64_b_0_20":{"x":28,"y":30},"america_r17_raccoon_64_b_0_22":{"x":28,"y":30},"america_r17_raccoon_64_b_0_21":{"x":28,"y":30},"america_r17_raccoon_64_b_0_2":{"x":28,"y":28},"america_r17_raccoon_64_b_2_0":{"source":"america_r17_raccoon_64_b_0_0","x":28,"y":30,"flipH":true},"america_r17_raccoon_64_b_0_1":{"x":28,"y":30},"america_r17_raccoon_64_b_0_4":{"x":28,"y":30},"america_r17_raccoon_64_b_2_2":{"source":"america_r17_raccoon_64_b_0_2","x":28,"y":28,"flipH":true},"america_r17_raccoon_64_b_0_3":{"x":28,"y":28},"america_r17_raccoon_64_b_2_1":{"source":"america_r17_raccoon_64_b_0_1","x":28,"y":30,"flipH":true},"america_r17_raccoon_64_b_0_0":{"x":28,"y":30},"america_r17_raccoon_64_a_2_1":{"source":"america_r17_raccoon_64_a_0_1","x":-7,"y":0,"flipH":true},"america_r17_raccoon_64_a_2_0":{"source":"america_r17_raccoon_64_a_0_0","x":27,"y":6,"flipH":true},"america_r17_raccoon_64_a_0_1":{"x":-7,"y":0},"america_r17_raccoon_64_a_0_0":{"x":27,"y":6},"america_r17_raccoon_icon_a":{"x":14,"y":8},"america_r17_raccoon_64_b_2_10":{"source":"america_r17_raccoon_64_b_0_10","x":27,"y":30,"flipH":true},"america_r17_raccoon_64_b_2_11":{"source":"america_r17_raccoon_64_b_0_19","x":28,"y":30,"flipH":true},"america_r17_raccoon_64_b_2_14":{"source":"america_r17_raccoon_64_b_0_14","x":28,"y":30,"flipH":true},"america_r17_raccoon_64_b_2_15":{"source":"america_r17_raccoon_64_b_0_0","x":28,"y":30,"flipH":true},"america_r17_raccoon_64_b_2_12":{"source":"america_r17_raccoon_64_b_0_12","x":27,"y":30,"flipH":true},"america_r17_raccoon_64_b_2_13":{"source":"america_r17_raccoon_64_b_0_13","x":28,"y":30,"flipH":true},"america_r17_raccoon_64_b_2_18":{"source":"america_r17_raccoon_64_b_0_20","x":28,"y":30,"flipH":true},"america_r17_raccoon_64_b_2_19":{"source":"america_r17_raccoon_64_b_0_19","x":28,"y":30,"flipH":true},"america_r17_raccoon_64_b_2_16":{"source":"america_r17_raccoon_64_b_0_4","x":28,"y":30,"flipH":true},"america_r17_raccoon_64_b_2_17":{"source":"america_r17_raccoon_64_b_0_19","x":28,"y":30,"flipH":true},"america_r17_raccoon_64_sd_2_0":{"source":"america_r17_raccoon_64_sd_0_0","x":20,"y":7,"flipH":true},"america_r17_raccoon_64_sd_0_0":{"x":20,"y":7},"america_r17_raccoon_64_b_2_21":{"source":"america_r17_raccoon_64_b_0_21","x":28,"y":30,"flipH":true},"america_r17_raccoon_64_b_2_22":{"source":"america_r17_raccoon_64_b_0_22","x":28,"y":30,"flipH":true},"america_r17_raccoon_64_b_2_20":{"source":"america_r17_raccoon_64_b_0_20","x":28,"y":30,"flipH":true},"america_r17_raccoon_64_b_2_8":{"source":"america_r17_raccoon_64_b_0_8","x":22,"y":30,"flipH":true},"america_r17_raccoon_64_b_0_9":{"x":22,"y":30},"america_r17_raccoon_64_b_2_7":{"source":"america_r17_raccoon_64_b_0_7","x":27,"y":30,"flipH":true},"america_r17_raccoon_64_b_2_9":{"source":"america_r17_raccoon_64_b_0_9","x":22,"y":30,"flipH":true},"america_r17_raccoon_64_b_0_6":{"x":27,"y":30},"america_r17_raccoon_64_b_2_4":{"source":"america_r17_raccoon_64_b_0_4","x":28,"y":30,"flipH":true},"america_r17_raccoon_64_b_0_5":{"x":28,"y":30},"america_r17_raccoon_64_b_2_3":{"source":"america_r17_raccoon_64_b_0_3","x":28,"y":28,"flipH":true},"america_r17_raccoon_64_b_0_8":{"x":22,"y":30},"america_r17_raccoon_64_b_2_6":{"source":"america_r17_raccoon_64_b_0_6","x":27,"y":30,"flipH":true},"america_r17_raccoon_64_b_0_7":{"x":27,"y":30},"america_r17_raccoon_64_b_2_5":{"source":"america_r17_raccoon_64_b_0_5","x":28,"y":30,"flipH":true},"america_r17_raccoon_64_b_0_11":{"source":"america_r17_raccoon_64_b_0_19","x":28,"y":30},"america_r17_raccoon_64_b_0_10":{"x":27,"y":30},"america_r17_raccoon_64_b_0_13":{"x":28,"y":30},"america_r17_raccoon_64_b_0_12":{"x":27,"y":30},"america_r17_raccoon_64_b_0_15":{"source":"america_r17_raccoon_64_b_0_0","x":28,"y":30},"america_r17_raccoon_64_b_0_14":{"x":28,"y":30},"america_r17_raccoon_64_b_0_17":{"source":"america_r17_raccoon_64_b_0_19","x":28,"y":30},"america_r17_raccoon_64_b_0_16":{"source":"america_r17_raccoon_64_b_0_4","x":28,"y":30},"america_r17_raccoon_64_b_0_19":{"x":28,"y":30},"america_r17_raccoon_64_b_0_18":{"source":"america_r17_raccoon_64_b_0_20","x":28,"y":30}},"visualization":{"layerCount":2,"angle":45,"layers":{"0":{}},"directions":{"0":{},"2":{}},"animations":{"0":{"layers":{"0":{"frameSequences":{"0":{"frames":{"0":{"id":0}}}}},"1":{"loopCount":0,"frameRepeat":2,"random":1,"frameSequences":{"0":{"frames":{"0":{"id":0},"1":{"id":0},"2":{"id":1},"3":{"id":1},"4":{"id":2},"5":{"id":3},"6":{"id":0},"7":{"id":0},"8":{"id":1},"9":{"id":1},"10":{"id":2},"11":{"id":3},"12":{"id":0},"13":{"id":0},"14":{"id":1},"15":{"id":1},"16":{"id":2},"17":{"id":3},"18":{"id":0},"19":{"id":0},"20":{"id":1},"21":{"id":1},"22":{"id":2},"23":{"id":3}}},"1":{"frames":{"0":{"id":0},"1":{"id":0},"2":{"id":4},"3":{"id":4},"4":{"id":5},"5":{"id":5},"6":{"id":5},"7":{"id":6},"8":{"id":6},"9":{"id":6},"10":{"id":7},"11":{"id":7},"12":{"id":8},"13":{"id":8},"14":{"id":9},"15":{"id":9},"16":{"id":10},"17":{"id":10}}},"2":{"frames":{"0":{"id":0},"1":{"id":0},"2":{"id":4},"3":{"id":4},"4":{"id":13},"5":{"id":13},"6":{"id":14},"7":{"id":14},"8":{"id":15},"9":{"id":15},"10":{"id":16},"11":{"id":16},"12":{"id":17},"13":{"id":17},"14":{"id":18},"15":{"id":18}}},"3":{"frames":{"0":{"id":0},"1":{"id":0},"2":{"id":4},"3":{"id":4},"4":{"id":19},"5":{"id":19},"6":{"id":20},"7":{"id":20},"8":{"id":15},"9":{"id":15},"10":{"id":16},"11":{"id":16},"12":{"id":17},"13":{"id":17},"14":{"id":18},"15":{"id":18}}},"4":{"frames":{"0":{"id":0},"1":{"id":0},"2":{"id":1},"3":{"id":1},"4":{"id":2},"5":{"id":3}}},"5":{"frames":{"0":{"id":0},"1":{"id":0},"2":{"id":4},"3":{"id":4},"4":{"id":21},"5":{"id":21},"6":{"id":22},"7":{"id":22},"8":{"id":15},"9":{"id":15},"10":{"id":16},"11":{"id":16},"12":{"id":17},"13":{"id":17},"14":{"id":18},"15":{"id":18}}},"6":{"frames":{"0":{"id":0},"1":{"id":0},"2":{"id":4},"3":{"id":4},"4":{"id":11},"5":{"id":11},"6":{"id":12},"7":{"id":12},"8":{"id":7},"9":{"id":7},"10":{"id":8},"11":{"id":8},"12":{"id":9},"13":{"id":9},"14":{"id":10},"15":{"id":10}}},"7":{"frames":{"0":{"id":0},"1":{"id":0},"2":{"id":4},"3":{"id":4},"4":{"id":13},"5":{"id":13},"6":{"id":14},"7":{"id":14},"8":{"id":15},"9":{"id":15},"10":{"id":16},"11":{"id":16},"12":{"id":17},"13":{"id":17},"14":{"id":18},"15":{"id":18}}},"8":{"frames":{"0":{"id":0},"1":{"id":0},"2":{"id":4},"3":{"id":4},"4":{"id":19},"5":{"id":19},"6":{"id":20},"7":{"id":20},"8":{"id":15},"9":{"id":15},"10":{"id":16},"11":{"id":16},"12":{"id":17},"13":{"id":17},"14":{"id":18},"15":{"id":18}}},"9":{"frames":{"0":{"id":0},"1":{"id":0},"2":{"id":1},"3":{"id":1},"4":{"id":2},"5":{"id":3},"6":{"id":0},"7":{"id":0},"8":{"id":1},"9":{"id":1},"10":{"id":2},"11":{"id":3}}}}}}},"1":{"layers":{"0":{"frameSequences":{"0":{"frames":{"0":{"id":1}}}}},"1":{"loopCount":0,"frameRepeat":2,"random":1,"frameSequences":{"0":{"frames":{"0":{"id":0},"1":{"id":0},"2":{"id":1},"3":{"id":1},"4":{"id":2},"5":{"id":3},"6":{"id":0},"7":{"id":0},"8":{"id":1},"9":{"id":1},"10":{"id":2},"11":{"id":3},"12":{"id":0},"13":{"id":0},"14":{"id":1},"15":{"id":1},"16":{"id":2},"17":{"id":3},"18":{"id":0},"19":{"id":0},"20":{"id":1},"21":{"id":1},"22":{"id":2},"23":{"id":3}}},"1":{"frames":{"0":{"id":0},"1":{"id":0},"2":{"id":4},"3":{"id":4},"4":{"id":5},"5":{"id":5},"6":{"id":5},"7":{"id":6},"8":{"id":6},"9":{"id":6},"10":{"id":7},"11":{"id":7},"12":{"id":8},"13":{"id":8},"14":{"id":9},"15":{"id":9},"16":{"id":10},"17":{"id":10}}},"2":{"frames":{"0":{"id":0},"1":{"id":0},"2":{"id":4},"3":{"id":4},"4":{"id":13},"5":{"id":13},"6":{"id":14},"7":{"id":14},"8":{"id":15},"9":{"id":15},"10":{"id":16},"11":{"id":16},"12":{"id":17},"13":{"id":17},"14":{"id":18},"15":{"id":18}}},"3":{"frames":{"0":{"id":0},"1":{"id":0},"2":{"id":4},"3":{"id":4},"4":{"id":19},"5":{"id":19},"6":{"id":20},"7":{"id":20},"8":{"id":15},"9":{"id":15},"10":{"id":16},"11":{"id":16},"12":{"id":17},"13":{"id":17},"14":{"id":18},"15":{"id":18}}},"4":{"frames":{"0":{"id":0},"1":{"id":0},"2":{"id":1},"3":{"id":1},"4":{"id":2},"5":{"id":3}}},"5":{"frames":{"0":{"id":0},"1":{"id":0},"2":{"id":4},"3":{"id":4},"4":{"id":21},"5":{"id":21},"6":{"id":22},"7":{"id":22},"8":{"id":15},"9":{"id":15},"10":{"id":16},"11":{"id":16},"12":{"id":17},"13":{"id":17},"14":{"id":18},"15":{"id":18}}},"6":{"frames":{"0":{"id":0},"1":{"id":0},"2":{"id":4},"3":{"id":4},"4":{"id":11},"5":{"id":11},"6":{"id":12},"7":{"id":12},"8":{"id":7},"9":{"id":7},"10":{"id":8},"11":{"id":8},"12":{"id":9},"13":{"id":9},"14":{"id":10},"15":{"id":10}}},"7":{"frames":{"0":{"id":0},"1":{"id":0},"2":{"id":4},"3":{"id":4},"4":{"id":13},"5":{"id":13},"6":{"id":14},"7":{"id":14},"8":{"id":15},"9":{"id":15},"10":{"id":16},"11":{"id":16},"12":{"id":17},"13":{"id":17},"14":{"id":18},"15":{"id":18}}},"8":{"frames":{"0":{"id":0},"1":{"id":0},"2":{"id":4},"3":{"id":4},"4":{"id":19},"5":{"id":19},"6":{"id":20},"7":{"id":20},"8":{"id":15},"9":{"id":15},"10":{"id":16},"11":{"id":16},"12":{"id":17},"13":{"id":17},"14":{"id":18},"15":{"id":18}}},"9":{"frames":{"0":{"id":0},"1":{"id":0},"2":{"id":1},"3":{"id":1},"4":{"id":2},"5":{"id":3},"6":{"id":0},"7":{"id":0},"8":{"id":1},"9":{"id":1},"10":{"id":2},"11":{"id":3}}}}}}},"2":{"layers":{"0":{"frameSequences":{"0":{"frames":{"0":{"id":0}}}}},"1":{"frameSequences":{"0":{"frames":{"0":{"id":18}}}}}}},"3":{"layers":{"0":{"frameSequences":{"0":{"frames":{"0":{"id":1}}}}},"1":{"frameSequences":{"0":{"frames":{"0":{"id":18}}}}}}}}}}