{"meta":{"app":"FFConverter ~ Joopie","format":"RGBA8888","image":"america_r17_raccoon.png","scale":"1.0","size":{"w":256,"h":256},"version":"1.0"},"frames":{"america_r17_raccoon_america_r17_raccoon_64_a_0_0.png":{"frame":{"x":190,"y":147,"w":55,"h":21},"sourceSize":{"w":55,"h":21},"spriteSourceSize":{"x":0,"y":0,"w":55,"h":21},"rotated":false,"trimmed":false},"america_r17_raccoon_america_r17_raccoon_64_b_0_5.png":{"frame":{"x":128,"y":212,"w":61,"h":40},"sourceSize":{"w":61,"h":40},"spriteSourceSize":{"x":0,"y":0,"w":61,"h":40},"rotated":false,"trimmed":false},"america_r17_raccoon_america_r17_raccoon_64_b_0_22.png":{"frame":{"x":2,"y":212,"w":61,"h":40},"sourceSize":{"w":61,"h":40},"spriteSourceSize":{"x":0,"y":0,"w":61,"h":40},"rotated":false,"trimmed":false},"america_r17_raccoon_america_r17_raccoon_64_b_0_7.png":{"frame":{"x":2,"y":44,"w":60,"h":40},"sourceSize":{"w":60,"h":40},"spriteSourceSize":{"x":0,"y":0,"w":60,"h":40},"rotated":false,"trimmed":false},"america_r17_raccoon_america_r17_raccoon_64_b_0_9.png":{"frame":{"x":2,"y":2,"w":55,"h":40},"sourceSize":{"w":55,"h":40},"spriteSourceSize":{"x":0,"y":0,"w":55,"h":40},"rotated":false,"trimmed":false},"america_r17_raccoon_america_r17_raccoon_64_b_0_3.png":{"frame":{"x":127,"y":88,"w":61,"h":38},"sourceSize":{"w":61,"h":38},"spriteSourceSize":{"x":0,"y":0,"w":61,"h":38},"rotated":false,"trimmed":false},"america_r17_raccoon_america_r17_raccoon_64_b_0_19.png":{"frame":{"x":2,"y":86,"w":61,"h":40},"sourceSize":{"w":61,"h":40},"spriteSourceSize":{"x":0,"y":0,"w":61,"h":40},"rotated":false,"trimmed":false},"america_r17_raccoon_america_r17_raccoon_64_sd_0_0.png":{"frame":{"x":190,"y":128,"w":35,"h":17},"sourceSize":{"w":35,"h":17},"spriteSourceSize":{"x":0,"y":0,"w":35,"h":17},"rotated":false,"trimmed":false},"america_r17_raccoon_america_r17_raccoon_64_b_0_13.png":{"frame":{"x":128,"y":170,"w":61,"h":40},"sourceSize":{"w":61,"h":40},"spriteSourceSize":{"x":0,"y":0,"w":61,"h":40},"rotated":false,"trimmed":false},"america_r17_raccoon_america_r17_raccoon_64_b_0_1.png":{"frame":{"x":127,"y":49,"w":61,"h":37},"sourceSize":{"w":61,"h":37},"spriteSourceSize":{"x":0,"y":0,"w":61,"h":37},"rotated":false,"trimmed":false},"america_r17_raccoon_america_r17_raccoon_64_b_0_12.png":{"frame":{"x":65,"y":86,"w":60,"h":40},"sourceSize":{"w":60,"h":40},"spriteSourceSize":{"x":0,"y":0,"w":60,"h":40},"rotated":false,"trimmed":false},"america_r17_raccoon_america_r17_raccoon_64_b_0_6.png":{"frame":{"x":191,"y":212,"w":60,"h":40},"sourceSize":{"w":60,"h":40},"spriteSourceSize":{"x":0,"y":0,"w":60,"h":40},"rotated":false,"trimmed":false},"america_r17_raccoon_america_r17_raccoon_64_a_0_1.png":{"frame":{"x":253,"y":251,"w":1,"h":1},"sourceSize":{"w":1,"h":1},"spriteSourceSize":{"x":0,"y":0,"w":1,"h":1},"rotated":false,"trimmed":false},"america_r17_raccoon_america_r17_raccoon_64_b_0_8.png":{"frame":{"x":191,"y":170,"w":55,"h":40},"sourceSize":{"w":55,"h":40},"spriteSourceSize":{"x":0,"y":0,"w":55,"h":40},"rotated":false,"trimmed":false},"america_r17_raccoon_america_r17_raccoon_64_b_0_20.png":{"frame":{"x":65,"y":212,"w":61,"h":40},"sourceSize":{"w":61,"h":40},"spriteSourceSize":{"x":0,"y":0,"w":61,"h":40},"rotated":false,"trimmed":false},"america_r17_raccoon_america_r17_raccoon_64_b_0_21.png":{"frame":{"x":2,"y":170,"w":61,"h":40},"sourceSize":{"w":61,"h":40},"spriteSourceSize":{"x":0,"y":0,"w":61,"h":40},"rotated":false,"trimmed":false},"america_r17_raccoon_america_r17_raccoon_64_b_0_10.png":{"frame":{"x":128,"y":128,"w":60,"h":40},"sourceSize":{"w":60,"h":40},"spriteSourceSize":{"x":0,"y":0,"w":60,"h":40},"rotated":false,"trimmed":false},"america_r17_raccoon_america_r17_raccoon_64_b_0_4.png":{"frame":{"x":65,"y":170,"w":61,"h":40},"sourceSize":{"w":61,"h":40},"spriteSourceSize":{"x":0,"y":0,"w":61,"h":40},"rotated":false,"trimmed":false},"america_r17_raccoon_america_r17_raccoon_64_b_0_2.png":{"frame":{"x":64,"y":46,"w":61,"h":38},"sourceSize":{"w":61,"h":38},"spriteSourceSize":{"x":0,"y":0,"w":61,"h":38},"rotated":false,"trimmed":false},"america_r17_raccoon_america_r17_raccoon_icon_a.png":{"frame":{"x":190,"y":106,"w":30,"h":20},"sourceSize":{"w":30,"h":20},"spriteSourceSize":{"x":0,"y":0,"w":30,"h":20},"rotated":false,"trimmed":false},"america_r17_raccoon_america_r17_raccoon_64_b_0_0.png":{"frame":{"x":2,"y":128,"w":61,"h":40},"sourceSize":{"w":61,"h":40},"spriteSourceSize":{"x":0,"y":0,"w":61,"h":40},"rotated":false,"trimmed":false},"america_r17_raccoon_america_r17_raccoon_64_b_0_14.png":{"frame":{"x":65,"y":128,"w":61,"h":40},"sourceSize":{"w":61,"h":40},"spriteSourceSize":{"x":0,"y":0,"w":61,"h":40},"rotated":false,"trimmed":false}}}