{"meta":{"app":"FFConverter ~ Joopie","format":"RGBA8888","image":"ads_igor_wall.png","scale":"1.0","size":{"w":256,"h":256},"version":"1.0"},"frames":{"ads_igor_wall_ads_igor_wall_64_c_2_0.png":{"frame":{"x":2,"y":96,"w":91,"h":140},"sourceSize":{"w":91,"h":140},"spriteSourceSize":{"x":0,"y":0,"w":91,"h":140},"rotated":false,"trimmed":false},"ads_igor_wall_ads_igor_wall_64_b_2_0.png":{"frame":{"x":2,"y":7,"w":84,"h":87},"sourceSize":{"w":84,"h":87},"spriteSourceSize":{"x":0,"y":0,"w":84,"h":87},"rotated":false,"trimmed":false},"ads_igor_wall_ads_igor_wall_icon_a.png":{"frame":{"x":181,"y":205,"w":29,"h":31},"sourceSize":{"w":29,"h":31},"spriteSourceSize":{"x":0,"y":0,"w":29,"h":31},"rotated":false,"trimmed":false},"ads_igor_wall_ads_igor_wall_64_d_2_3.png":{"frame":{"x":88,"y":91,"w":2,"h":3},"sourceSize":{"w":2,"h":3},"spriteSourceSize":{"x":0,"y":0,"w":2,"h":3},"rotated":false,"trimmed":false},"ads_igor_wall_ads_igor_wall_64_a_2_0.png":{"frame":{"x":95,"y":107,"w":84,"h":129},"sourceSize":{"w":84,"h":129},"spriteSourceSize":{"x":0,"y":0,"w":84,"h":129},"rotated":false,"trimmed":false},"ads_igor_wall_ads_igor_wall_64_d_2_0.png":{"frame":{"x":95,"y":101,"w":3,"h":4},"sourceSize":{"w":3,"h":4},"spriteSourceSize":{"x":0,"y":0,"w":3,"h":4},"rotated":false,"trimmed":false},"ads_igor_wall_ads_igor_wall_64_d_2_1.png":{"frame":{"x":2,"y":2,"w":3,"h":3},"sourceSize":{"w":3,"h":3},"spriteSourceSize":{"x":0,"y":0,"w":3,"h":3},"rotated":false,"trimmed":false},"ads_igor_wall_ads_igor_wall_64_d_2_2.png":{"frame":{"x":181,"y":201,"w":2,"h":2},"sourceSize":{"w":2,"h":2},"spriteSourceSize":{"x":0,"y":0,"w":2,"h":2},"rotated":false,"trimmed":false}}}