{"type":"furniture","name":"ads_igor_wall","visualizationType":"furniture_animated","logicType":"furniture_multistate","spritesheet":"ads_igor_wall_spritesheet.json","dimensions":{"x":2.625,"y":0.2,"z":2.75},"directions":[90,180],"assets":{"ads_igor_wall_icon_a":{"x":28,"y":19},"ads_igor_wall_64_b_4_0":{"source":"ads_igor_wall_64_b_2_0","x":42,"y":64,"flipH":true},"ads_igor_wall_64_d_2_1":{"x":-12,"y":31},"ads_igor_wall_64_b_2_0":{"x":42,"y":64},"ads_igor_wall_64_d_2_2":{"x":-12,"y":30},"ads_igor_wall_64_d_4_0":{"source":"ads_igor_wall_64_d_2_0","x":-11,"y":31,"flipH":true},"ads_igor_wall_64_d_2_0":{"x":-11,"y":31},"ads_igor_wall_64_a_2_0":{"x":42,"y":64},"ads_igor_wall_64_a_4_0":{"source":"ads_igor_wall_64_a_2_0","x":42,"y":64,"flipH":true},"ads_igor_wall_64_c_2_0":{"x":45,"y":70},"ads_igor_wall_64_c_4_0":{"source":"ads_igor_wall_64_c_2_0","x":45,"y":70,"flipH":true},"ads_igor_wall_64_d_4_3":{"source":"ads_igor_wall_64_d_2_3","x":-12,"y":30,"flipH":true},"ads_igor_wall_64_d_2_3":{"x":-12,"y":30},"ads_igor_wall_64_d_4_1":{"source":"ads_igor_wall_64_d_2_1","x":-12,"y":31,"flipH":true},"ads_igor_wall_64_d_4_2":{"source":"ads_igor_wall_64_d_2_2","x":-12,"y":30,"flipH":true}},"visualization":{"layerCount":4,"angle":45,"layers":{"0":{"z":-3000.0,"ignoreMouse":true},"1":{"z":-2995.0},"2":{"z":-2995.0,"ignoreMouse":true},"3":{"z":-2990.0,"ignoreMouse":true}},"directions":{"2":{},"4":{}},"animations":{"0":{"layers":{"0":{"frameSequences":{"0":{"frames":{"0":{"id":0}}}}},"1":{"frameSequences":{"0":{"frames":{"0":{"id":0}}}}},"2":{"frameSequences":{"0":{"frames":{"0":{"id":0}}}}},"3":{"loopCount":0,"frameRepeat":40,"random":1,"frameSequences":{"0":{"frames":{"0":{"id":0},"1":{"id":0},"2":{"id":0},"3":{"id":0},"4":{"id":0},"5":{"id":1},"6":{"id":0},"7":{"id":0},"8":{"id":0},"9":{"id":0},"10":{"id":0},"11":{"id":0},"12":{"id":2},"13":{"id":0},"14":{"id":0},"15":{"id":0},"16":{"id":0},"17":{"id":0},"18":{"id":0},"19":{"id":3},"20":{"id":0},"21":{"id":0},"22":{"id":0},"23":{"id":0},"24":{"id":0}}}}}}}}}}