{"meta":{"app":"FFConverter ~ Joopie","format":"RGBA8888","image":"ads_clearasil_tile1.png","scale":"1.0","size":{"w":512,"h":64},"version":"1.0"},"frames":{"ads_clearasil_tile1_ads_clearasil_tile1_32_c_0_0.png":{"frame":{"x":2,"y":2,"w":1,"h":1},"sourceSize":{"w":1,"h":1},"spriteSourceSize":{"x":0,"y":0,"w":1,"h":1},"rotated":false,"trimmed":false},"ads_clearasil_tile1_ads_clearasil_tile1_64_b_0_0.png":{"frame":{"x":156,"y":23,"w":62,"h":33},"sourceSize":{"w":62,"h":33},"spriteSourceSize":{"x":0,"y":0,"w":62,"h":33},"rotated":false,"trimmed":false},"ads_clearasil_tile1_ads_clearasil_tile1_64_c_0_6.png":{"frame":{"x":378,"y":27,"w":23,"h":29},"sourceSize":{"w":23,"h":29},"spriteSourceSize":{"x":0,"y":0,"w":23,"h":29},"rotated":false,"trimmed":false},"ads_clearasil_tile1_ads_clearasil_tile1_64_a_0_0.png":{"frame":{"x":220,"y":25,"w":60,"h":31},"sourceSize":{"w":60,"h":31},"spriteSourceSize":{"x":0,"y":0,"w":60,"h":31},"rotated":false,"trimmed":false},"ads_clearasil_tile1_ads_clearasil_tile1_icon_a.png":{"frame":{"x":156,"y":5,"w":29,"h":16},"sourceSize":{"w":29,"h":16},"spriteSourceSize":{"x":0,"y":0,"w":29,"h":16},"rotated":false,"trimmed":false},"ads_clearasil_tile1_ads_clearasil_tile1_64_c_0_4.png":{"frame":{"x":330,"y":8,"w":46,"h":48},"sourceSize":{"w":46,"h":48},"spriteSourceSize":{"x":0,"y":0,"w":46,"h":48},"rotated":false,"trimmed":false},"ads_clearasil_tile1_ads_clearasil_tile1_64_c_0_5.png":{"frame":{"x":282,"y":11,"w":46,"h":45},"sourceSize":{"w":46,"h":45},"spriteSourceSize":{"x":0,"y":0,"w":46,"h":45},"rotated":false,"trimmed":false},"ads_clearasil_tile1_ads_clearasil_tile1_64_c_0_3.png":{"frame":{"x":54,"y":7,"w":50,"h":49},"sourceSize":{"w":50,"h":49},"spriteSourceSize":{"x":0,"y":0,"w":50,"h":49},"rotated":false,"trimmed":false},"ads_clearasil_tile1_ads_clearasil_tile1_64_c_0_1.png":{"frame":{"x":2,"y":5,"w":50,"h":51},"sourceSize":{"w":50,"h":51},"spriteSourceSize":{"x":0,"y":0,"w":50,"h":51},"rotated":false,"trimmed":false},"ads_clearasil_tile1_ads_clearasil_tile1_64_c_0_2.png":{"frame":{"x":106,"y":5,"w":48,"h":51},"sourceSize":{"w":48,"h":51},"spriteSourceSize":{"x":0,"y":0,"w":48,"h":51},"rotated":false,"trimmed":false}}}