{"type":"furniture","name":"ads_clearasil_tile1","visualizationType":"furniture_animated","logicType":"furniture_multistate","spritesheet":"ads_clearasil_tile1_spritesheet.json","dimensions":{"x":1.0,"y":1.0,"z":0.2},"directions":[0],"assets":{"ads_clearasil_tile1_64_c_0_5":{"x":23,"y":53},"ads_clearasil_tile1_64_c_0_4":{"x":23,"y":52},"ads_clearasil_tile1_64_c_0_6":{"x":12,"y":47},"ads_clearasil_tile1_icon_a":{"x":14,"y":8},"ads_clearasil_tile1_64_b_0_0":{"x":31,"y":17},"ads_clearasil_tile1_64_c_0_1":{"x":25,"y":45},"ads_clearasil_tile1_64_c_0_0":{"source":"ads_clearasil_tile1_32_c_0_0","x":31,"y":2},"ads_clearasil_tile1_64_a_0_0":{"x":30,"y":16},"ads_clearasil_tile1_64_c_0_3":{"x":25,"y":50},"ads_clearasil_tile1_64_c_0_2":{"x":24,"y":48}},"visualization":{"layerCount":3,"angle":45,"layers":{"0":{},"1":{"z":-1001.0},"2":{"z":500.0}},"directions":{"0":{}},"animations":{"0":{"layers":{}},"1":{"layers":{}},"100":{"transitionTo":1,"layers":{"2":{"frameRepeat":3,"frameSequences":{"0":{"frames":{"0":{"id":1},"1":{"id":2},"2":{"id":3},"3":{"id":4},"4":{"id":5},"5":{"id":6},"6":{"id":0}}}}}}},"101":{"transitionFrom":1,"layers":{"2":{"frameRepeat":3,"frameSequences":{"0":{"frames":{"0":{"id":1},"1":{"id":2},"2":{"id":3},"3":{"id":4},"4":{"id":5},"5":{"id":6},"6":{"id":0}}}}}}}}}}