{"type":"furniture","name":"ads_idol_piano","visualizationType":"furniture_animated","logicType":"furniture_multistate","spritesheet":"ads_idol_piano_spritesheet.json","dimensions":{"x":2.0,"y":2.0,"z":0.0},"directions":[0,90,180,270],"assets":{"ads_idol_piano_64_sd_4_0":{"x":42,"y":-4},"ads_idol_piano_64_sd_2_0":{"x":58,"y":-3},"ads_idol_piano_64_sd_6_0":{"x":51,"y":-4},"ads_idol_piano_64_sd_0_0":{"x":59,"y":3},"ads_idol_piano_64_a_2_0":{"x":59,"y":58},"ads_idol_piano_64_a_2_1":{"x":59,"y":58},"ads_idol_piano_64_a_0_0":{"x":64,"y":57},"ads_idol_piano_icon_a":{"x":15,"y":14},"ads_idol_piano_64_a_0_1":{"x":64,"y":57},"ads_idol_piano_64_a_6_0":{"x":47,"y":52},"ads_idol_piano_64_a_6_1":{"x":47,"y":52},"ads_idol_piano_64_a_4_0":{"x":45,"y":58},"ads_idol_piano_64_a_4_1":{"x":45,"y":58}},"visualization":{"layerCount":1,"angle":45,"directions":{"0":{"layers":{"0":{"z":1003.0}}},"2":{"layers":{"0":{"z":1003.0}}},"4":{"layers":{"0":{"z":1003.0}}},"6":{"layers":{"0":{"z":1003.0}}}},"animations":{"0":{"layers":{"0":{"frameSequences":{"0":{"frames":{"0":{"id":0}}}}}}},"1":{"layers":{"0":{"frameSequences":{"0":{"frames":{"0":{"id":1}}}}}}}}}}