{"meta":{"app":"FFConverter ~ Joopie","format":"RGBA8888","image":"ads_idol_piano.png","scale":"1.0","size":{"w":512,"h":256},"version":"1.0"},"frames":{"ads_idol_piano_ads_idol_piano_64_a_4_1.png":{"frame":{"x":235,"y":46,"w":106,"h":92},"sourceSize":{"w":106,"h":92},"spriteSourceSize":{"x":0,"y":0,"w":106,"h":92},"rotated":false,"trimmed":false},"ads_idol_piano_ads_idol_piano_64_sd_4_0.png":{"frame":{"x":234,"y":2,"w":102,"h":42},"sourceSize":{"w":102,"h":42},"spriteSourceSize":{"x":0,"y":0,"w":102,"h":42},"rotated":false,"trimmed":false},"ads_idol_piano_ads_idol_piano_64_a_6_0.png":{"frame":{"x":2,"y":47,"w":113,"h":96},"sourceSize":{"w":113,"h":96},"spriteSourceSize":{"x":0,"y":0,"w":113,"h":96},"rotated":false,"trimmed":false},"ads_idol_piano_ads_idol_piano_64_a_0_1.png":{"frame":{"x":222,"y":140,"w":103,"h":101},"sourceSize":{"w":103,"h":101},"spriteSourceSize":{"x":0,"y":0,"w":103,"h":101},"rotated":false,"trimmed":false},"ads_idol_piano_ads_idol_piano_64_sd_0_0.png":{"frame":{"x":343,"y":9,"w":101,"h":50},"sourceSize":{"w":101,"h":50},"spriteSourceSize":{"x":0,"y":0,"w":101,"h":50},"rotated":false,"trimmed":false},"ads_idol_piano_ads_idol_piano_64_a_2_0.png":{"frame":{"x":117,"y":52,"w":116,"h":86},"sourceSize":{"w":116,"h":86},"spriteSourceSize":{"x":0,"y":0,"w":116,"h":86},"rotated":false,"trimmed":false},"ads_idol_piano_ads_idol_piano_64_a_6_1.png":{"frame":{"x":2,"y":145,"w":113,"h":96},"sourceSize":{"w":113,"h":96},"spriteSourceSize":{"x":0,"y":0,"w":113,"h":96},"rotated":false,"trimmed":false},"ads_idol_piano_ads_idol_piano_64_sd_6_0.png":{"frame":{"x":2,"y":2,"w":115,"h":43},"sourceSize":{"w":115,"h":43},"spriteSourceSize":{"x":0,"y":0,"w":115,"h":43},"rotated":false,"trimmed":false},"ads_idol_piano_ads_idol_piano_64_a_0_0.png":{"frame":{"x":117,"y":140,"w":103,"h":101},"sourceSize":{"w":103,"h":101},"spriteSourceSize":{"x":0,"y":0,"w":103,"h":101},"rotated":false,"trimmed":false},"ads_idol_piano_ads_idol_piano_64_sd_2_0.png":{"frame":{"x":119,"y":12,"w":113,"h":38},"sourceSize":{"w":113,"h":38},"spriteSourceSize":{"x":0,"y":0,"w":113,"h":38},"rotated":false,"trimmed":false},"ads_idol_piano_ads_idol_piano_64_a_4_0.png":{"frame":{"x":343,"y":61,"w":106,"h":92},"sourceSize":{"w":106,"h":92},"spriteSourceSize":{"x":0,"y":0,"w":106,"h":92},"rotated":false,"trimmed":false},"ads_idol_piano_ads_idol_piano_64_a_2_1.png":{"frame":{"x":327,"y":155,"w":116,"h":86},"sourceSize":{"w":116,"h":86},"spriteSourceSize":{"x":0,"y":0,"w":116,"h":86},"rotated":false,"trimmed":false},"ads_idol_piano_ads_idol_piano_icon_a.png":{"frame":{"x":445,"y":212,"w":30,"h":29},"sourceSize":{"w":30,"h":29},"spriteSourceSize":{"x":0,"y":0,"w":30,"h":29},"rotated":false,"trimmed":false}}}