{"meta":{"app":"FFConverter ~ Joopie","format":"RGBA8888","image":"ads_idol_voting_ch.png","scale":"1.0","size":{"w":1024,"h":128},"version":"1.0"},"frames":{"ads_idol_voting_ch_ads_idol_voting_ch_64_b_2_0.png":{"frame":{"x":842,"y":69,"w":42,"h":57},"sourceSize":{"w":42,"h":57},"spriteSourceSize":{"x":0,"y":0,"w":42,"h":57},"rotated":false,"trimmed":false},"ads_idol_voting_ch_ads_idol_voting_ch_64_a_2_0.png":{"frame":{"x":386,"y":56,"w":54,"h":70},"sourceSize":{"w":54,"h":70},"spriteSourceSize":{"x":0,"y":0,"w":54,"h":70},"rotated":false,"trimmed":false},"ads_idol_voting_ch_ads_idol_voting_ch_64_c_2_0.png":{"frame":{"x":189,"y":53,"w":2,"h":2},"sourceSize":{"w":2,"h":2},"spriteSourceSize":{"x":0,"y":0,"w":2,"h":2},"rotated":false,"trimmed":false},"ads_idol_voting_ch_ads_idol_voting_ch_64_a_2_1.png":{"frame":{"x":442,"y":56,"w":54,"h":70},"sourceSize":{"w":54,"h":70},"spriteSourceSize":{"x":0,"y":0,"w":54,"h":70},"rotated":false,"trimmed":false},"ads_idol_voting_ch_ads_idol_voting_ch_64_e_6_2.png":{"frame":{"x":886,"y":79,"w":29,"h":47},"sourceSize":{"w":29,"h":47},"spriteSourceSize":{"x":0,"y":0,"w":29,"h":47},"rotated":false,"trimmed":false},"ads_idol_voting_ch_ads_idol_voting_ch_32_e_2_0.png":{"frame":{"x":554,"y":67,"w":2,"h":1},"sourceSize":{"w":2,"h":1},"spriteSourceSize":{"x":0,"y":0,"w":2,"h":1},"rotated":false,"trimmed":false},"ads_idol_voting_ch_ads_idol_voting_ch_64_sd_2_0.png":{"frame":{"x":2,"y":15,"w":54,"h":29},"sourceSize":{"w":54,"h":29},"spriteSourceSize":{"x":0,"y":0,"w":54,"h":29},"rotated":false,"trimmed":false},"ads_idol_voting_ch_ads_idol_voting_ch_64_b_2_1.png":{"frame":{"x":798,"y":69,"w":42,"h":57},"sourceSize":{"w":42,"h":57},"spriteSourceSize":{"x":0,"y":0,"w":42,"h":57},"rotated":false,"trimmed":false},"ads_idol_voting_ch_ads_idol_voting_ch_64_c_2_1.png":{"frame":{"x":2,"y":46,"w":66,"h":80},"sourceSize":{"w":66,"h":80},"spriteSourceSize":{"x":0,"y":0,"w":66,"h":80},"rotated":false,"trimmed":false},"ads_idol_voting_ch_ads_idol_voting_ch_64_d_2_1.png":{"frame":{"x":554,"y":70,"w":47,"h":56},"sourceSize":{"w":47,"h":56},"spriteSourceSize":{"x":0,"y":0,"w":47,"h":56},"rotated":false,"trimmed":false},"ads_idol_voting_ch_ads_idol_voting_ch_64_a_6_0.png":{"frame":{"x":652,"y":73,"w":49,"h":53},"sourceSize":{"w":49,"h":53},"spriteSourceSize":{"x":0,"y":0,"w":49,"h":53},"rotated":false,"trimmed":false},"ads_idol_voting_ch_ads_idol_voting_ch_64_a_2_2.png":{"frame":{"x":498,"y":56,"w":54,"h":70},"sourceSize":{"w":54,"h":70},"spriteSourceSize":{"x":0,"y":0,"w":54,"h":70},"rotated":false,"trimmed":false},"ads_idol_voting_ch_ads_idol_voting_ch_64_b_6_0.png":{"frame":{"x":979,"y":65,"w":43,"h":19},"sourceSize":{"w":43,"h":19},"spriteSourceSize":{"x":0,"y":0,"w":43,"h":19},"rotated":false,"trimmed":false},"ads_idol_voting_ch_ads_idol_voting_ch_64_b_2_2.png":{"frame":{"x":754,"y":69,"w":42,"h":57},"sourceSize":{"w":42,"h":57},"spriteSourceSize":{"x":0,"y":0,"w":42,"h":57},"rotated":false,"trimmed":false},"ads_idol_voting_ch_ads_idol_voting_ch_64_e_6_0.png":{"frame":{"x":948,"y":79,"w":29,"h":47},"sourceSize":{"w":29,"h":47},"spriteSourceSize":{"x":0,"y":0,"w":29,"h":47},"rotated":false,"trimmed":false},"ads_idol_voting_ch_ads_idol_voting_ch_icon_a.png":{"frame":{"x":58,"y":15,"w":19,"h":29},"sourceSize":{"w":19,"h":29},"spriteSourceSize":{"x":0,"y":0,"w":19,"h":29},"rotated":false,"trimmed":false},"ads_idol_voting_ch_ads_idol_voting_ch_64_d_2_2.png":{"frame":{"x":603,"y":70,"w":47,"h":56},"sourceSize":{"w":47,"h":56},"spriteSourceSize":{"x":0,"y":0,"w":47,"h":56},"rotated":false,"trimmed":false},"ads_idol_voting_ch_ads_idol_voting_ch_64_b_6_1.png":{"frame":{"x":979,"y":107,"w":43,"h":19},"sourceSize":{"w":43,"h":19},"spriteSourceSize":{"x":0,"y":0,"w":43,"h":19},"rotated":false,"trimmed":false},"ads_idol_voting_ch_ads_idol_voting_ch_64_c_2_2.png":{"frame":{"x":70,"y":46,"w":66,"h":80},"sourceSize":{"w":66,"h":80},"spriteSourceSize":{"x":0,"y":0,"w":66,"h":80},"rotated":false,"trimmed":false},"ads_idol_voting_ch_ads_idol_voting_ch_64_d_6_0.png":{"frame":{"x":209,"y":54,"w":57,"h":72},"sourceSize":{"w":57,"h":72},"spriteSourceSize":{"x":0,"y":0,"w":57,"h":72},"rotated":false,"trimmed":false},"ads_idol_voting_ch_ads_idol_voting_ch_64_a_6_1.png":{"frame":{"x":138,"y":2,"w":49,"h":53},"sourceSize":{"w":49,"h":53},"spriteSourceSize":{"x":0,"y":0,"w":49,"h":53},"rotated":false,"trimmed":false},"ads_idol_voting_ch_ads_idol_voting_ch_64_c_6_1.png":{"frame":{"x":138,"y":57,"w":69,"h":69},"sourceSize":{"w":69,"h":69},"spriteSourceSize":{"x":0,"y":0,"w":69,"h":69},"rotated":false,"trimmed":false},"ads_idol_voting_ch_ads_idol_voting_ch_64_b_6_2.png":{"frame":{"x":979,"y":86,"w":43,"h":19},"sourceSize":{"w":43,"h":19},"spriteSourceSize":{"x":0,"y":0,"w":43,"h":19},"rotated":false,"trimmed":false},"ads_idol_voting_ch_ads_idol_voting_ch_64_a_6_2.png":{"frame":{"x":703,"y":73,"w":49,"h":53},"sourceSize":{"w":49,"h":53},"spriteSourceSize":{"x":0,"y":0,"w":49,"h":53},"rotated":false,"trimmed":false},"ads_idol_voting_ch_ads_idol_voting_ch_64_d_6_2.png":{"frame":{"x":268,"y":54,"w":57,"h":72},"sourceSize":{"w":57,"h":72},"spriteSourceSize":{"x":0,"y":0,"w":57,"h":72},"rotated":false,"trimmed":false},"ads_idol_voting_ch_ads_idol_voting_ch_64_d_6_1.png":{"frame":{"x":327,"y":54,"w":57,"h":72},"sourceSize":{"w":57,"h":72},"spriteSourceSize":{"x":0,"y":0,"w":57,"h":72},"rotated":false,"trimmed":false},"ads_idol_voting_ch_ads_idol_voting_ch_64_e_6_1.png":{"frame":{"x":917,"y":79,"w":29,"h":47},"sourceSize":{"w":29,"h":47},"spriteSourceSize":{"x":0,"y":0,"w":29,"h":47},"rotated":false,"trimmed":false}}}