{"type":"furniture","name":"ads_idol_voting_ch","visualizationType":"furniture_animated","logicType":"furniture_multistate","spritesheet":"ads_idol_voting_ch_spritesheet.json","dimensions":{"x":1.0,"y":1.0,"z":1.3},"directions":[0,90,180,270],"assets":{"ads_idol_voting_ch_64_sd_6_0":{"source":"ads_idol_voting_ch_64_sd_2_0","x":27,"y":14},"ads_idol_voting_ch_64_c_2_2":{"x":34,"y":76},"ads_idol_voting_ch_64_c_4_0":{"source":"ads_idol_voting_ch_64_c_2_0","x":33,"y":1,"flipH":true},"ads_idol_voting_ch_64_c_4_1":{"source":"ads_idol_voting_ch_64_c_2_1","x":34,"y":76,"flipH":true},"ads_idol_voting_ch_64_c_2_0":{"x":33,"y":1},"ads_idol_voting_ch_64_c_2_1":{"x":34,"y":76},"ads_idol_voting_ch_64_c_4_2":{"source":"ads_idol_voting_ch_64_c_2_2","x":34,"y":76,"flipH":true},"ads_idol_voting_ch_64_c_6_0":{"source":"ads_idol_voting_ch_64_c_2_0","x":33,"y":1},"ads_idol_voting_ch_64_c_6_1":{"x":31,"y":66},"ads_idol_voting_ch_64_b_0_0":{"source":"ads_idol_voting_ch_64_b_6_0","x":19,"y":30,"flipH":true},"ads_idol_voting_ch_64_b_0_1":{"source":"ads_idol_voting_ch_64_b_6_1","x":19,"y":30,"flipH":true},"ads_idol_voting_ch_64_b_0_2":{"source":"ads_idol_voting_ch_64_b_6_2","x":19,"y":30,"flipH":true},"ads_idol_voting_ch_64_b_2_0":{"x":22,"y":67},"ads_idol_voting_ch_64_d_0_1":{"source":"ads_idol_voting_ch_64_d_6_1","x":27,"y":58,"flipH":true},"ads_idol_voting_ch_64_d_0_2":{"source":"ads_idol_voting_ch_64_d_6_2","x":27,"y":58,"flipH":true},"ads_idol_voting_ch_64_d_2_0":{"source":"ads_idol_voting_ch_64_d_2_2","x":27,"y":42},"ads_idol_voting_ch_64_d_2_1":{"x":27,"y":42},"ads_idol_voting_ch_64_d_2_2":{"x":27,"y":42},"ads_idol_voting_ch_64_d_4_0":{"source":"ads_idol_voting_ch_64_d_2_2","x":27,"y":42,"flipH":true},"ads_idol_voting_ch_icon_a":{"x":9,"y":14},"ads_idol_voting_ch_64_d_4_1":{"source":"ads_idol_voting_ch_64_d_2_1","x":27,"y":42,"flipH":true},"ads_idol_voting_ch_64_d_4_2":{"source":"ads_idol_voting_ch_64_d_2_2","x":27,"y":42,"flipH":true},"ads_idol_voting_ch_64_d_6_0":{"x":27,"y":58},"ads_idol_voting_ch_64_d_6_1":{"x":27,"y":58},"ads_idol_voting_ch_64_d_6_2":{"x":27,"y":58},"ads_idol_voting_ch_64_e_6_2":{"x":1,"y":53},"ads_idol_voting_ch_64_a_0_2":{"source":"ads_idol_voting_ch_64_a_6_2","x":22,"y":52,"flipH":true},"ads_idol_voting_ch_64_a_2_0":{"x":27,"y":69},"ads_idol_voting_ch_64_e_4_2":{"source":"ads_idol_voting_ch_32_e_2_0","x":20,"y":34,"flipH":true},"ads_idol_voting_ch_64_e_6_1":{"x":1,"y":53},"ads_idol_voting_ch_64_a_2_1":{"x":27,"y":69},"ads_idol_voting_ch_64_e_6_0":{"x":1,"y":53},"ads_idol_voting_ch_64_a_0_0":{"source":"ads_idol_voting_ch_64_a_6_0","x":22,"y":52,"flipH":true},"ads_idol_voting_ch_64_e_2_2":{"source":"ads_idol_voting_ch_32_e_2_0","x":20,"y":34},"ads_idol_voting_ch_64_e_4_0":{"source":"ads_idol_voting_ch_32_e_2_0","x":20,"y":34,"flipH":true},"ads_idol_voting_ch_64_a_0_1":{"source":"ads_idol_voting_ch_64_a_6_1","x":22,"y":52,"flipH":true},"ads_idol_voting_ch_64_e_4_1":{"source":"ads_idol_voting_ch_32_e_2_0","x":20,"y":34,"flipH":true},"ads_idol_voting_ch_64_e_0_2":{"source":"ads_idol_voting_ch_64_e_6_2","x":1,"y":53,"flipH":true},"ads_idol_voting_ch_64_e_2_0":{"source":"ads_idol_voting_ch_32_e_2_0","x":20,"y":34},"ads_idol_voting_ch_64_e_2_1":{"source":"ads_idol_voting_ch_32_e_2_0","x":20,"y":34},"ads_idol_voting_ch_64_e_0_0":{"source":"ads_idol_voting_ch_64_e_6_0","x":1,"y":53,"flipH":true},"ads_idol_voting_ch_64_e_0_1":{"source":"ads_idol_voting_ch_64_e_6_1","x":1,"y":53,"flipH":true},"ads_idol_voting_ch_64_sd_4_0":{"source":"ads_idol_voting_ch_64_sd_2_0","x":27,"y":14,"flipH":true},"ads_idol_voting_ch_64_a_6_2":{"x":22,"y":52},"ads_idol_voting_ch_64_sd_2_0":{"x":27,"y":14},"ads_idol_voting_ch_64_a_4_2":{"source":"ads_idol_voting_ch_64_a_2_2","x":27,"y":69,"flipH":true},"ads_idol_voting_ch_64_a_6_0":{"x":22,"y":52},"ads_idol_voting_ch_64_sd_0_0":{"source":"ads_idol_voting_ch_64_sd_2_0","x":27,"y":14,"flipH":true},"ads_idol_voting_ch_64_a_6_1":{"x":22,"y":52},"ads_idol_voting_ch_64_a_2_2":{"x":27,"y":69},"ads_idol_voting_ch_64_a_4_0":{"source":"ads_idol_voting_ch_64_a_2_0","x":27,"y":69,"flipH":true},"ads_idol_voting_ch_64_a_4_1":{"source":"ads_idol_voting_ch_64_a_2_1","x":27,"y":69,"flipH":true},"ads_idol_voting_ch_64_d_0_0":{"source":"ads_idol_voting_ch_64_d_6_0","x":27,"y":58,"flipH":true},"ads_idol_voting_ch_64_b_6_1":{"x":19,"y":30},"ads_idol_voting_ch_64_b_6_2":{"x":19,"y":30},"ads_idol_voting_ch_64_b_2_1":{"x":22,"y":67},"ads_idol_voting_ch_64_b_2_2":{"x":22,"y":67},"ads_idol_voting_ch_64_b_4_0":{"source":"ads_idol_voting_ch_64_b_2_0","x":22,"y":67,"flipH":true},"ads_idol_voting_ch_64_b_4_1":{"source":"ads_idol_voting_ch_64_b_2_1","x":22,"y":67,"flipH":true},"ads_idol_voting_ch_64_b_4_2":{"source":"ads_idol_voting_ch_64_b_2_2","x":22,"y":67,"flipH":true},"ads_idol_voting_ch_64_b_6_0":{"x":19,"y":30},"ads_idol_voting_ch_64_c_0_0":{"source":"ads_idol_voting_ch_64_c_2_0","x":33,"y":1,"flipH":true},"ads_idol_voting_ch_64_c_0_1":{"source":"ads_idol_voting_ch_64_c_6_1","x":31,"y":66,"flipH":true}},"visualization":{"layerCount":5,"angle":45,"layers":{"1":{"alpha":153},"2":{"ink":"ADD"},"3":{"z":500.0},"4":{"alpha":153,"z":510.0}},"directions":{"0":{"layers":{"2":{"z":520.0}}},"2":{"layers":{"2":{"z":10.0}}},"4":{"layers":{"2":{"z":10.0}}},"6":{"layers":{"2":{"z":520.0}}}},"animations":{"0":{"layers":{"0":{"frameSequences":{"0":{"frames":{"0":{"id":0}}}}},"1":{"frameSequences":{"0":{"frames":{"0":{"id":0}}}}},"2":{"frameSequences":{"0":{"frames":{"0":{"id":0}}}}},"3":{"frameSequences":{"0":{"frames":{"0":{"id":0}}}}},"4":{"frameSequences":{"0":{"frames":{"0":{"id":0}}}}}}},"1":{"layers":{"0":{"frameSequences":{"0":{"frames":{"0":{"id":1}}}}},"1":{"frameSequences":{"0":{"frames":{"0":{"id":1}}}}},"2":{"frameSequences":{"0":{"frames":{"0":{"id":1}}}}},"3":{"frameSequences":{"0":{"frames":{"0":{"id":1}}}}},"4":{"frameSequences":{"0":{"frames":{"0":{"id":1}}}}}}},"2":{"layers":{"0":{"frameSequences":{"0":{"frames":{"0":{"id":2}}}}},"1":{"frameSequences":{"0":{"frames":{"0":{"id":2}}}}},"2":{"frameSequences":{"0":{"frames":{"0":{"id":2}}}}},"3":{"frameSequences":{"0":{"frames":{"0":{"id":2}}}}},"4":{"frameSequences":{"0":{"frames":{"0":{"id":2}}}}}}}}}}