{"meta":{"app":"FFConverter ~ Joopie","format":"RGBA8888","image":"ads_twi_roses.png","scale":"1.0","size":{"w":64,"h":256},"version":"1.0"},"frames":{"ads_twi_roses_ads_twi_roses_icon_a.png":{"frame":{"x":2,"y":39,"w":21,"h":30},"sourceSize":{"w":21,"h":30},"spriteSourceSize":{"x":0,"y":0,"w":21,"h":30},"rotated":false,"trimmed":false},"ads_twi_roses_ads_twi_roses_64_sd_0_0.png":{"frame":{"x":2,"y":20,"w":35,"h":17},"sourceSize":{"w":35,"h":17},"spriteSourceSize":{"x":0,"y":0,"w":35,"h":17},"rotated":false,"trimmed":false},"ads_twi_roses_ads_twi_roses_64_c_0_0.png":{"frame":{"x":2,"y":91,"w":54,"h":111},"sourceSize":{"w":54,"h":111},"spriteSourceSize":{"x":0,"y":0,"w":54,"h":111},"rotated":false,"trimmed":false},"ads_twi_roses_ads_twi_roses_64_a_0_0.png":{"frame":{"x":2,"y":2,"w":32,"h":16},"sourceSize":{"w":32,"h":16},"spriteSourceSize":{"x":0,"y":0,"w":32,"h":16},"rotated":false,"trimmed":false},"ads_twi_roses_ads_twi_roses_64_b_0_0.png":{"frame":{"x":2,"y":71,"w":34,"h":18},"sourceSize":{"w":34,"h":18},"spriteSourceSize":{"x":0,"y":0,"w":34,"h":18},"rotated":false,"trimmed":false}}}