{"type":"furniture","name":"ads_twi_roses","visualizationType":"furniture_static","logicType":"furniture_basic","spritesheet":"ads_twi_roses_spritesheet.json","dimensions":{"x":1.0,"y":1.0,"z":0.0},"directions":[0,90],"assets":{"ads_twi_roses_64_c_0_0":{"x":28,"y":111},"ads_twi_roses_icon_a":{"x":10,"y":15},"ads_twi_roses_64_b_2_0":{"source":"ads_twi_roses_64_b_0_0","x":17,"y":9,"flipH":true},"ads_twi_roses_64_sd_0_0":{"x":18,"y":8},"ads_twi_roses_64_sd_2_0":{"source":"ads_twi_roses_64_sd_0_0","x":18,"y":8},"ads_twi_roses_64_a_2_0":{"source":"ads_twi_roses_64_a_0_0","x":16,"y":8,"flipH":true},"ads_twi_roses_64_a_0_0":{"x":16,"y":8},"ads_twi_roses_64_c_2_0":{"source":"ads_twi_roses_64_c_0_0","x":28,"y":111,"flipH":true},"ads_twi_roses_64_b_0_0":{"x":17,"y":9}},"visualization":{"layerCount":3,"angle":45,"layers":{"0":{"alpha":191}},"directions":{"0":{},"2":{}}}}