{"meta":{"app":"FFConverter ~ Joopie","format":"RGBA8888","image":"ads_kfp2_wall.png","scale":"1.0","size":{"w":128,"h":256},"version":"1.0"},"frames":{"ads_kfp2_wall_ads_kfp2_wall_icon_a.png":{"frame":{"x":2,"y":2,"w":22,"h":32},"sourceSize":{"w":22,"h":32},"spriteSourceSize":{"x":0,"y":0,"w":22,"h":32},"rotated":false,"trimmed":false},"ads_kfp2_wall_ads_kfp2_wall_64_a_2_0.png":{"frame":{"x":2,"y":36,"w":81,"h":205},"sourceSize":{"w":81,"h":205},"spriteSourceSize":{"x":0,"y":0,"w":81,"h":205},"rotated":false,"trimmed":false}}}