{"type":"furniture","name":"ads_kfp2_wall","visualizationType":"furniture_static","logicType":"furniture_basic","spritesheet":"ads_kfp2_wall_spritesheet.json","dimensions":{"x":1.0,"y":0.2,"z":1.0},"directions":[90,180],"assets":{"ads_kfp2_wall_64_a_2_0":{"x":37,"y":133},"ads_kfp2_wall_64_a_4_0":{"source":"ads_kfp2_wall_64_a_2_0","x":37,"y":133,"flipH":true},"ads_kfp2_wall_icon_a":{"x":11,"y":16}},"visualization":{"layerCount":1,"angle":45,"layers":{"0":{"z":-3000.0}},"directions":{"2":{},"4":{}},"animations":{"0":{"layers":{"0":{"frameSequences":{"0":{"frames":{"0":{"id":0}}}}}}}}}}