{"meta":{"app":"FFConverter ~ Joopie","format":"RGBA8888","image":"anc_sun.png","scale":"1.0","size":{"w":1024,"h":256},"version":"1.0"},"frames":{"anc_sun_anc_sun_64_b_2_2.png":{"frame":{"x":742,"y":118,"w":131,"h":130},"sourceSize":{"w":131,"h":130},"spriteSourceSize":{"x":0,"y":0,"w":131,"h":130},"rotated":false,"trimmed":false},"anc_sun_anc_sun_64_b_2_1.png":{"frame":{"x":467,"y":114,"w":136,"h":134},"sourceSize":{"w":136,"h":134},"spriteSourceSize":{"x":0,"y":0,"w":136,"h":134},"rotated":false,"trimmed":false},"anc_sun_anc_sun_64_b_2_0.png":{"frame":{"x":177,"y":106,"w":144,"h":142},"sourceSize":{"w":144,"h":142},"spriteSourceSize":{"x":0,"y":0,"w":144,"h":142},"rotated":false,"trimmed":false},"anc_sun_anc_sun_icon_a.png":{"frame":{"x":2,"y":41,"w":31,"h":31},"sourceSize":{"w":31,"h":31},"spriteSourceSize":{"x":0,"y":0,"w":31,"h":31},"rotated":false,"trimmed":false},"anc_sun_anc_sun_64_c_2_0.png":{"frame":{"x":2,"y":74,"w":173,"h":174},"sourceSize":{"w":173,"h":174},"spriteSourceSize":{"x":0,"y":0,"w":173,"h":174},"rotated":false,"trimmed":false},"anc_sun_anc_sun_64_a_2_2.png":{"frame":{"x":875,"y":117,"w":130,"h":131},"sourceSize":{"w":130,"h":131},"spriteSourceSize":{"x":0,"y":0,"w":130,"h":131},"rotated":false,"trimmed":false},"anc_sun_anc_sun_64_d_2_0.png":{"frame":{"x":687,"y":2,"w":108,"h":109},"sourceSize":{"w":108,"h":109},"spriteSourceSize":{"x":0,"y":0,"w":108,"h":109},"rotated":false,"trimmed":false},"anc_sun_anc_sun_64_a_2_0.png":{"frame":{"x":323,"y":106,"w":142,"h":142},"sourceSize":{"w":142,"h":142},"spriteSourceSize":{"x":0,"y":0,"w":142,"h":142},"rotated":false,"trimmed":false},"anc_sun_anc_sun_64_d_2_2.png":{"frame":{"x":577,"y":2,"w":108,"h":109},"sourceSize":{"w":108,"h":109},"spriteSourceSize":{"x":0,"y":0,"w":108,"h":109},"rotated":false,"trimmed":false},"anc_sun_anc_sun_64_a_2_1.png":{"frame":{"x":605,"y":113,"w":135,"h":135},"sourceSize":{"w":135,"h":135},"spriteSourceSize":{"x":0,"y":0,"w":135,"h":135},"rotated":false,"trimmed":false},"anc_sun_anc_sun_64_d_2_1.png":{"frame":{"x":467,"y":3,"w":108,"h":109},"sourceSize":{"w":108,"h":109},"spriteSourceSize":{"x":0,"y":0,"w":108,"h":109},"rotated":false,"trimmed":false}}}