{"type":"furniture","name":"anc_sun","visualizationType":"furniture_animated","logicType":"furniture_multistate","spritesheet":"anc_sun_spritesheet.json","dimensions":{"x":1.0,"y":1.0,"z":1.0},"directions":[90],"assets":{"anc_sun_64_d_2_1":{"x":54,"y":314},"anc_sun_64_d_2_2":{"x":54,"y":314},"anc_sun_64_c_2_0":{"x":86,"y":345},"anc_sun_icon_a":{"x":15,"y":15},"anc_sun_64_d_2_0":{"x":54,"y":314},"anc_sun_64_a_2_2":{"x":64,"y":325},"anc_sun_64_b_2_0":{"x":72,"y":331},"anc_sun_64_a_2_0":{"x":71,"y":331},"anc_sun_64_b_2_1":{"x":68,"y":327},"anc_sun_64_a_2_1":{"x":67,"y":327},"anc_sun_64_b_2_2":{"x":65,"y":325}},"visualization":{"layerCount":4,"angle":45,"layers":{"0":{"ink":"pLit","ignoreMouse":true},"1":{"ink":"COPY","ignoreMouse":true},"2":{"ink":"COPY","ignoreMouse":true},"3":{}},"directions":{"2":{}},"animations":{"0":{"layers":{"0":{"loopCount":0,"frameRepeat":5,"frameSequences":{"0":{"frames":{"0":{"id":0},"1":{"id":1},"2":{"id":2},"3":{"id":1}}}}},"1":{"loopCount":0,"frameRepeat":6,"frameSequences":{"0":{"frames":{"0":{"id":0},"1":{"id":1},"2":{"id":2},"3":{"id":1}}}}},"2":{"frameSequences":{"0":{"frames":{"0":{"id":0}}}}},"3":{"loopCount":0,"frameRepeat":7,"frameSequences":{"0":{"frames":{"0":{"id":0},"1":{"id":1},"2":{"id":2},"3":{"id":1}}}}}}}}}}