{"type":"furniture","name":"ads_idol_newsDsk","visualizationType":"furniture_static","logicType":"furniture_basic","spritesheet":"ads_idol_newsDsk_spritesheet.json","dimensions":{"x":2.0,"y":2.0,"z":1.5},"directions":[0,90,180,270],"assets":{"ads_idol_newsDsk_64_a_4_0":{"x":54,"y":47},"ads_idol_newsDsk_icon_a":{"x":14,"y":13},"ads_idol_newsDsk_64_a_6_0":{"x":55,"y":41},"ads_idol_newsDsk_64_sd_6_0":{"source":"ads_idol_newsDsk_64_sd_0_0","x":48,"y":7,"flipH":true},"ads_idol_newsDsk_64_a_0_0":{"x":54,"y":42},"ads_idol_newsDsk_64_sd_4_0":{"source":"ads_idol_newsDsk_64_sd_0_0","x":48,"y":7},"ads_idol_newsDsk_64_a_2_0":{"x":55,"y":44},"ads_idol_newsDsk_64_sd_2_0":{"source":"ads_idol_newsDsk_64_sd_0_0","x":48,"y":7,"flipH":true},"ads_idol_newsDsk_64_sd_0_0":{"x":48,"y":7}},"visualization":{"layerCount":1,"angle":45,"layers":{"0":{"z":1000.0}},"directions":{"0":{},"2":{},"4":{},"6":{}}}}