{"meta":{"app":"FFConverter ~ Joopie","format":"RGBA8888","image":"ads_idol_newsDsk.png","scale":"1.0","size":{"w":256,"h":256},"version":"1.0"},"frames":{"ads_idol_newsDsk_ads_idol_newsDsk_64_sd_0_0.png":{"frame":{"x":2,"y":29,"w":96,"h":48},"sourceSize":{"w":96,"h":48},"spriteSourceSize":{"x":0,"y":0,"w":96,"h":48},"rotated":false,"trimmed":false},"ads_idol_newsDsk_ads_idol_newsDsk_64_a_6_0.png":{"frame":{"x":113,"y":87,"w":109,"h":82},"sourceSize":{"w":109,"h":82},"spriteSourceSize":{"x":0,"y":0,"w":109,"h":82},"rotated":false,"trimmed":false},"ads_idol_newsDsk_ads_idol_newsDsk_icon_a.png":{"frame":{"x":2,"y":2,"w":28,"h":25},"sourceSize":{"w":28,"h":25},"spriteSourceSize":{"x":0,"y":0,"w":28,"h":25},"rotated":false,"trimmed":false},"ads_idol_newsDsk_ads_idol_newsDsk_64_a_4_0.png":{"frame":{"x":2,"y":166,"w":109,"h":88},"sourceSize":{"w":109,"h":88},"spriteSourceSize":{"x":0,"y":0,"w":109,"h":88},"rotated":false,"trimmed":false},"ads_idol_newsDsk_ads_idol_newsDsk_64_a_0_0.png":{"frame":{"x":113,"y":171,"w":109,"h":83},"sourceSize":{"w":109,"h":83},"spriteSourceSize":{"x":0,"y":0,"w":109,"h":83},"rotated":false,"trimmed":false},"ads_idol_newsDsk_ads_idol_newsDsk_64_a_2_0.png":{"frame":{"x":2,"y":79,"w":109,"h":85},"sourceSize":{"w":109,"h":85},"spriteSourceSize":{"x":0,"y":0,"w":109,"h":85},"rotated":false,"trimmed":false}}}