{"meta":{"app":"FFConverter ~ Joopie","format":"RGBA8888","image":"ads_clearasil_vend.png","scale":"1.0","size":{"w":256,"h":256},"version":"1.0"},"frames":{"ads_clearasil_vend_ads_clearasil_vend_64_a_2_0.png":{"frame":{"x":2,"y":60,"w":70,"h":134},"sourceSize":{"w":70,"h":134},"spriteSourceSize":{"x":0,"y":0,"w":70,"h":134},"rotated":false,"trimmed":false},"ads_clearasil_vend_ads_clearasil_vend_64_b_2_0.png":{"frame":{"x":146,"y":170,"w":12,"h":24},"sourceSize":{"w":12,"h":24},"spriteSourceSize":{"x":0,"y":0,"w":12,"h":24},"rotated":false,"trimmed":false},"ads_clearasil_vend_ads_clearasil_vend_32_b_0_1.png":{"frame":{"x":146,"y":167,"w":1,"h":1},"sourceSize":{"w":1,"h":1},"spriteSourceSize":{"x":0,"y":0,"w":1,"h":1},"rotated":false,"trimmed":false},"ads_clearasil_vend_ads_clearasil_vend_64_b_0_0.png":{"frame":{"x":2,"y":2,"w":12,"h":24},"sourceSize":{"w":12,"h":24},"spriteSourceSize":{"x":0,"y":0,"w":12,"h":24},"rotated":false,"trimmed":false},"ads_clearasil_vend_ads_clearasil_vend_icon_a.png":{"frame":{"x":2,"y":28,"w":30,"h":30},"sourceSize":{"w":30,"h":30},"spriteSourceSize":{"x":0,"y":0,"w":30,"h":30},"rotated":false,"trimmed":false},"ads_clearasil_vend_ads_clearasil_vend_64_a_0_0.png":{"frame":{"x":74,"y":60,"w":70,"h":134},"sourceSize":{"w":70,"h":134},"spriteSourceSize":{"x":0,"y":0,"w":70,"h":134},"rotated":false,"trimmed":false}}}