{"type":"furniture","name":"ads_oc_soda","visualizationType":"furniture_static","logicType":"furniture_multistate","spritesheet":"ads_oc_soda_spritesheet.json","dimensions":{"x":1.0,"y":1.0,"z":1.0},"directions":[90,180],"assets":{"ads_oc_soda_64_a_2_0":{"x":29,"y":47},"ads_oc_soda_64_b_4_1":{"x":21,"y":35},"ads_oc_soda_64_d_2_0":{"x":26,"y":92},"ads_oc_soda_64_b_4_0":{"source":"ads_oc_soda_64_b_2_0","x":14,"y":24},"ads_oc_soda_64_b_2_1":{"x":-9,"y":35},"ads_oc_soda_64_d_4_0":{"source":"ads_oc_soda_64_d_2_0","x":26,"y":92,"flipH":true},"ads_oc_soda_64_sd_0_0":{"x":31,"y":2},"ads_oc_soda_64_b_2_0":{"x":-12,"y":24},"ads_oc_soda_64_sd_4_0":{"source":"ads_oc_soda_64_sd_0_0","x":31,"y":2},"ads_oc_soda_64_sd_2_0":{"source":"ads_oc_soda_64_sd_0_0","x":31,"y":2},"ads_oc_soda_64_c_2_0":{"x":27,"y":93},"ads_oc_soda_icon_a":{"x":8,"y":15},"ads_oc_soda_64_c_4_0":{"source":"ads_oc_soda_64_c_2_0","x":27,"y":93,"flipH":true},"ads_oc_soda_64_a_4_0":{"x":29,"y":47}},"visualization":{"layerCount":4,"angle":45,"layers":{"0":{"z":190.0},"1":{"z":200.0},"2":{"z":100.0},"3":{"z":190.0,"ink":"ADD"}},"directions":{"2":{},"4":{}}}}