{"meta":{"app":"FFConverter ~ Joopie","format":"RGBA8888","image":"ads_oc_soda.png","scale":"1.0","size":{"w":256,"h":128},"version":"1.0"},"frames":{"ads_oc_soda_ads_oc_soda_icon_a.png":{"frame":{"x":62,"y":31,"w":17,"h":30},"sourceSize":{"w":17,"h":30},"spriteSourceSize":{"x":0,"y":0,"w":17,"h":30},"rotated":false,"trimmed":false},"ads_oc_soda_ads_oc_soda_64_b_2_1.png":{"frame":{"x":172,"y":79,"w":12,"h":25},"sourceSize":{"w":12,"h":25},"spriteSourceSize":{"x":0,"y":0,"w":12,"h":25},"rotated":false,"trimmed":false},"ads_oc_soda_ads_oc_soda_64_b_4_1.png":{"frame":{"x":62,"y":4,"w":12,"h":25},"sourceSize":{"w":12,"h":25},"spriteSourceSize":{"x":0,"y":0,"w":12,"h":25},"rotated":false,"trimmed":false},"ads_oc_soda_ads_oc_soda_64_a_4_0.png":{"frame":{"x":2,"y":64,"w":58,"h":60},"sourceSize":{"w":58,"h":60},"spriteSourceSize":{"x":0,"y":0,"w":58,"h":60},"rotated":false,"trimmed":false},"ads_oc_soda_ads_oc_soda_64_a_2_0.png":{"frame":{"x":2,"y":2,"w":58,"h":60},"sourceSize":{"w":58,"h":60},"spriteSourceSize":{"x":0,"y":0,"w":58,"h":60},"rotated":false,"trimmed":false},"ads_oc_soda_ads_oc_soda_64_d_2_0.png":{"frame":{"x":118,"y":64,"w":52,"h":60},"sourceSize":{"w":52,"h":60},"spriteSourceSize":{"x":0,"y":0,"w":52,"h":60},"rotated":false,"trimmed":false},"ads_oc_soda_ads_oc_soda_64_c_2_0.png":{"frame":{"x":62,"y":63,"w":54,"h":61},"sourceSize":{"w":54,"h":61},"spriteSourceSize":{"x":0,"y":0,"w":54,"h":61},"rotated":false,"trimmed":false},"ads_oc_soda_ads_oc_soda_64_sd_0_0.png":{"frame":{"x":172,"y":106,"w":62,"h":18},"sourceSize":{"w":62,"h":18},"spriteSourceSize":{"x":0,"y":0,"w":62,"h":18},"rotated":false,"trimmed":false},"ads_oc_soda_ads_oc_soda_64_b_2_0.png":{"frame":{"x":236,"y":123,"w":1,"h":1},"sourceSize":{"w":1,"h":1},"spriteSourceSize":{"x":0,"y":0,"w":1,"h":1},"rotated":false,"trimmed":false}}}