{"type":"furniture","name":"ads_igorbrain","visualizationType":"furniture_animated","logicType":"furniture_multistate","spritesheet":"ads_igorbrain_spritesheet.json","dimensions":{"x":1.0,"y":1.0,"z":1.2},"directions":[90,180],"assets":{"ads_igorbrain_64_e_4_0":{"x":14,"y":32},"ads_igorbrain_64_i_2_0":{"source":"ads_igorbrain_64_j_4_0","x":5,"y":-2,"flipH":true},"ads_igorbrain_64_e_2_0":{"source":"ads_igorbrain_64_e_4_0","x":14,"y":32,"flipH":true},"ads_igorbrain_64_i_2_1":{"source":"ads_igorbrain_64_i_4_1","x":25,"y":18,"flipH":true},"ads_igorbrain_64_j_4_0":{"x":-6,"y":46},"ads_igorbrain_64_i_4_0":{"source":"ads_igorbrain_64_j_4_0","x":5,"y":-2},"ads_igorbrain_64_j_4_1":{"x":38,"y":74},"ads_igorbrain_64_i_4_1":{"x":25,"y":18},"ads_igorbrain_64_j_2_0":{"source":"ads_igorbrain_64_j_4_0","x":-6,"y":46,"flipH":true},"ads_igorbrain_64_j_2_1":{"source":"ads_igorbrain_64_j_4_1","x":38,"y":74,"flipH":true},"ads_igorbrain_64_a_4_1":{"x":38,"y":73},"ads_igorbrain_64_f_4_0":{"x":14,"y":48},"ads_igorbrain_64_sd_4_0":{"x":15,"y":0},"ads_igorbrain_64_sd_2_0":{"source":"ads_igorbrain_64_sd_4_0","x":15,"y":0,"flipH":true},"ads_igorbrain_64_c_2_0":{"source":"ads_igorbrain_64_c_4_0","x":12,"y":41,"flipH":true},"ads_igorbrain_64_f_2_0":{"source":"ads_igorbrain_64_f_4_0","x":14,"y":48,"flipH":true},"ads_igorbrain_64_b_4_0":{"x":17,"y":55},"ads_igorbrain_64_g_2_0":{"source":"ads_igorbrain_64_g_4_0","x":14,"y":44,"flipH":true},"ads_igorbrain_icon_a":{"x":9,"y":7},"ads_igorbrain_64_b_2_0":{"source":"ads_igorbrain_64_b_4_0","x":17,"y":55,"flipH":true},"ads_igorbrain_64_g_4_0":{"x":14,"y":44},"ads_igorbrain_64_c_4_2":{"source":"ads_igorbrain_64_c_4_0","x":12,"y":41},"ads_igorbrain_64_c_4_1":{"source":"ads_igorbrain_64_c_4_0","x":12,"y":42},"ads_igorbrain_64_c_2_2":{"source":"ads_igorbrain_64_c_4_0","x":12,"y":41,"flipH":true},"ads_igorbrain_64_c_4_0":{"x":12,"y":41},"ads_igorbrain_64_c_2_1":{"source":"ads_igorbrain_64_c_4_0","x":12,"y":42,"flipH":true},"ads_igorbrain_64_a_4_0":{"source":"ads_igorbrain_64_j_4_0","x":-6,"y":46},"ads_igorbrain_64_a_2_1":{"source":"ads_igorbrain_64_a_4_1","x":38,"y":73,"flipH":true},"ads_igorbrain_64_a_2_0":{"source":"ads_igorbrain_64_j_4_0","x":-6,"y":46,"flipH":true},"ads_igorbrain_64_h_2_2":{"source":"ads_igorbrain_64_h_4_2","x":12,"y":4,"flipH":true},"ads_igorbrain_64_h_4_0":{"source":"ads_igorbrain_64_j_4_0","x":6,"y":-2},"ads_igorbrain_64_h_2_3":{"source":"ads_igorbrain_64_h_4_3","x":12,"y":3,"flipH":true},"ads_igorbrain_64_h_4_1":{"x":12,"y":7},"ads_igorbrain_64_h_2_0":{"source":"ads_igorbrain_64_j_4_0","x":6,"y":-2,"flipH":true},"ads_igorbrain_64_h_2_1":{"source":"ads_igorbrain_64_h_4_1","x":12,"y":7,"flipH":true},"ads_igorbrain_64_d_2_0":{"source":"ads_igorbrain_64_d_4_0","x":15,"y":46,"flipH":true},"ads_igorbrain_64_h_4_2":{"x":12,"y":4},"ads_igorbrain_64_d_4_0":{"x":15,"y":46},"ads_igorbrain_64_h_4_3":{"x":12,"y":3}},"visualization":{"layerCount":10,"angle":45,"layers":{"0":{"ink":"ADD","ignoreMouse":true},"3":{"alpha":77},"4":{"alpha":77},"5":{"alpha":128},"6":{"alpha":242},"8":{"ink":"ADD","ignoreMouse":true},"9":{"ink":"ADD","ignoreMouse":true}},"directions":{"2":{"layers":{"0":{"z":1.0},"1":{"z":2.0},"2":{"z":3.0},"3":{"z":4.0},"4":{"z":5.0},"5":{"z":6.0},"6":{"z":7.0},"7":{"z":8.0},"8":{"z":9.0},"9":{"z":10.0}}},"4":{"layers":{"0":{"z":1.0},"1":{"z":2.0},"2":{"z":3.0},"3":{"z":4.0},"4":{"z":5.0},"5":{"z":6.0},"6":{"z":7.0},"7":{"z":8.0},"8":{"z":9.0},"9":{"z":10.0}}}},"animations":{"0":{"layers":{"0":{"frameSequences":{"0":{"frames":{"0":{"id":0}}}}},"1":{"frameSequences":{"0":{"frames":{"0":{"id":0}}}}},"2":{"frameSequences":{"0":{"frames":{"0":{"id":0}}}}},"3":{"frameSequences":{"0":{"frames":{"0":{"id":0}}}}},"4":{"frameSequences":{"0":{"frames":{"0":{"id":0}}}}},"5":{"frameSequences":{"0":{"frames":{"0":{"id":0}}}}},"6":{"frameSequences":{"0":{"frames":{"0":{"id":0}}}}},"7":{"frameSequences":{"0":{"frames":{"0":{"id":0}}}}},"8":{"frameSequences":{"0":{"frames":{"0":{"id":0}}}}},"9":{"frameSequences":{"0":{"frames":{"0":{"id":0}}}}}}},"1":{"layers":{"0":{"loopCount":0,"random":1,"frameSequences":{"0":{"frames":{"0":{"id":1}}}}},"2":{"loopCount":0,"random":1,"frameSequences":{"0":{"frames":{"0":{"id":0},"1":{"id":1},"2":{"id":2},"3":{"id":2}}}}},"7":{"loopCount":0,"random":1,"frameSequences":{"0":{"frames":{"0":{"id":1},"1":{"id":2},"2":{"id":3}}}}},"8":{"loopCount":0,"random":1,"frameSequences":{"0":{"frames":{"0":{"id":1},"1":{"id":0},"2":{"id":1},"3":{"id":1}}}}},"9":{"loopCount":0,"random":1,"frameSequences":{"0":{"frames":{"0":{"id":1}}}}}}}}}}