{"meta":{"app":"FFConverter ~ Joopie","format":"RGBA8888","image":"ads_igorbrain.png","scale":"1.0","size":{"w":256,"h":128},"version":"1.0"},"frames":{"ads_igorbrain_ads_igorbrain_64_j_4_1.png":{"frame":{"x":2,"y":46,"w":78,"h":78},"sourceSize":{"w":78,"h":78},"spriteSourceSize":{"x":0,"y":0,"w":78,"h":78},"rotated":false,"trimmed":false},"ads_igorbrain_ads_igorbrain_64_a_4_1.png":{"frame":{"x":82,"y":46,"w":78,"h":78},"sourceSize":{"w":78,"h":78},"spriteSourceSize":{"x":0,"y":0,"w":78,"h":78},"rotated":false,"trimmed":false},"ads_igorbrain_ads_igorbrain_64_d_4_0.png":{"frame":{"x":197,"y":95,"w":30,"h":29},"sourceSize":{"w":30,"h":29},"spriteSourceSize":{"x":0,"y":0,"w":30,"h":29},"rotated":false,"trimmed":false},"ads_igorbrain_ads_igorbrain_64_i_4_1.png":{"frame":{"x":2,"y":11,"w":33,"h":33},"sourceSize":{"w":33,"h":33},"spriteSourceSize":{"x":0,"y":0,"w":33,"h":33},"rotated":false,"trimmed":false},"ads_igorbrain_ads_igorbrain_64_c_4_0.png":{"frame":{"x":65,"y":25,"w":24,"h":19},"sourceSize":{"w":24,"h":19},"spriteSourceSize":{"x":0,"y":0,"w":24,"h":19},"rotated":false,"trimmed":false},"ads_igorbrain_ads_igorbrain_64_f_4_0.png":{"frame":{"x":37,"y":16,"w":26,"h":28},"sourceSize":{"w":26,"h":28},"spriteSourceSize":{"x":0,"y":0,"w":26,"h":28},"rotated":false,"trimmed":false},"ads_igorbrain_ads_igorbrain_icon_a.png":{"frame":{"x":229,"y":95,"w":18,"h":15},"sourceSize":{"w":18,"h":15},"spriteSourceSize":{"x":0,"y":0,"w":18,"h":15},"rotated":false,"trimmed":false},"ads_igorbrain_ads_igorbrain_64_h_4_3.png":{"frame":{"x":227,"y":87,"w":7,"h":6},"sourceSize":{"w":7,"h":6},"spriteSourceSize":{"x":0,"y":0,"w":7,"h":6},"rotated":false,"trimmed":false},"ads_igorbrain_ads_igorbrain_64_e_4_0.png":{"frame":{"x":197,"y":78,"w":28,"h":15},"sourceSize":{"w":28,"h":15},"spriteSourceSize":{"x":0,"y":0,"w":28,"h":15},"rotated":false,"trimmed":false},"ads_igorbrain_ads_igorbrain_64_h_4_1.png":{"frame":{"x":197,"y":65,"w":7,"h":11},"sourceSize":{"w":7,"h":11},"spriteSourceSize":{"x":0,"y":0,"w":7,"h":11},"rotated":false,"trimmed":false},"ads_igorbrain_ads_igorbrain_64_j_4_0.png":{"frame":{"x":37,"y":13,"w":1,"h":1},"sourceSize":{"w":1,"h":1},"spriteSourceSize":{"x":0,"y":0,"w":1,"h":1},"rotated":false,"trimmed":false},"ads_igorbrain_ads_igorbrain_64_g_4_0.png":{"frame":{"x":229,"y":112,"w":25,"h":12},"sourceSize":{"w":25,"h":12},"spriteSourceSize":{"x":0,"y":0,"w":25,"h":12},"rotated":false,"trimmed":false},"ads_igorbrain_ads_igorbrain_64_sd_4_0.png":{"frame":{"x":162,"y":48,"w":29,"h":10},"sourceSize":{"w":29,"h":10},"spriteSourceSize":{"x":0,"y":0,"w":29,"h":10},"rotated":false,"trimmed":false},"ads_igorbrain_ads_igorbrain_64_h_4_2.png":{"frame":{"x":2,"y":2,"w":7,"h":7},"sourceSize":{"w":7,"h":7},"spriteSourceSize":{"x":0,"y":0,"w":7,"h":7},"rotated":false,"trimmed":false},"ads_igorbrain_ads_igorbrain_64_b_4_0.png":{"frame":{"x":162,"y":60,"w":33,"h":64},"sourceSize":{"w":33,"h":64},"spriteSourceSize":{"x":0,"y":0,"w":33,"h":64},"rotated":false,"trimmed":false}}}