{"meta":{"app":"FFConverter ~ Joopie","format":"RGBA8888","image":"ads_calip_tele.png","scale":"1.0","size":{"w":256,"h":256},"version":"1.0"},"frames":{"ads_calip_tele_ads_calip_tele_64_b_4_0.png":{"frame":{"x":146,"y":110,"w":66,"h":132},"sourceSize":{"w":66,"h":132},"spriteSourceSize":{"x":0,"y":0,"w":66,"h":132},"rotated":false,"trimmed":false},"ads_calip_tele_ads_calip_tele_icon_a.png":{"frame":{"x":214,"y":212,"w":20,"h":30},"sourceSize":{"w":20,"h":30},"spriteSourceSize":{"x":0,"y":0,"w":20,"h":30},"rotated":false,"trimmed":false},"ads_calip_tele_ads_calip_tele_64_c_4_1.png":{"frame":{"x":2,"y":102,"w":74,"h":140},"sourceSize":{"w":74,"h":140},"spriteSourceSize":{"x":0,"y":0,"w":74,"h":140},"rotated":false,"trimmed":false},"ads_calip_tele_ads_calip_tele_64_a_4_1.png":{"frame":{"x":2,"y":2,"w":49,"h":98},"sourceSize":{"w":49,"h":98},"spriteSourceSize":{"x":0,"y":0,"w":49,"h":98},"rotated":false,"trimmed":false},"ads_calip_tele_ads_calip_tele_64_b_4_1.png":{"frame":{"x":78,"y":110,"w":66,"h":132},"sourceSize":{"w":66,"h":132},"spriteSourceSize":{"x":0,"y":0,"w":66,"h":132},"rotated":false,"trimmed":false},"ads_calip_tele_ads_calip_tele_64_a_4_0.png":{"frame":{"x":78,"y":107,"w":1,"h":1},"sourceSize":{"w":1,"h":1},"spriteSourceSize":{"x":0,"y":0,"w":1,"h":1},"rotated":false,"trimmed":false}}}