{"type":"furniture","name":"ads_calip_tele","visualizationType":"furniture_animated","logicType":"furniture_multistate","spritesheet":"ads_calip_tele_spritesheet.json","dimensions":{"x":1.0,"y":1.0,"z":0.0},"directions":[90,180],"assets":{"ads_calip_tele_64_b_2_0":{"source":"ads_calip_tele_64_b_4_0","x":33,"y":117,"flipH":true},"ads_calip_tele_64_b_4_0":{"x":33,"y":117},"ads_calip_tele_64_b_2_1":{"source":"ads_calip_tele_64_b_4_1","x":33,"y":117,"flipH":true},"ads_calip_tele_64_b_4_1":{"x":33,"y":117},"ads_calip_tele_64_c_4_1":{"x":37,"y":121},"ads_calip_tele_64_c_4_0":{"source":"ads_calip_tele_64_a_4_0","x":31,"y":3},"ads_calip_tele_64_c_2_1":{"source":"ads_calip_tele_64_c_4_1","x":37,"y":121,"flipH":true},"ads_calip_tele_64_c_2_0":{"source":"ads_calip_tele_64_a_4_0","x":31,"y":3,"flipH":true},"ads_calip_tele_64_a_4_1":{"x":52,"y":92},"ads_calip_tele_64_a_4_0":{"x":31,"y":3},"ads_calip_tele_64_a_2_1":{"source":"ads_calip_tele_64_a_4_1","x":52,"y":92,"flipH":true},"ads_calip_tele_64_a_2_0":{"source":"ads_calip_tele_64_a_4_0","x":31,"y":3,"flipH":true},"ads_calip_tele_icon_a":{"x":10,"y":15}},"visualization":{"layerCount":3,"angle":45,"layers":{"0":{"z":-1.0},"1":{"z":200.0},"2":{"z":205.0,"ink":"ADD"}},"directions":{"2":{},"4":{}},"animations":{"0":{"layers":{"0":{"frameSequences":{"0":{"frames":{"0":{"id":0}}}}},"1":{"frameSequences":{"0":{"frames":{"0":{"id":0}}}}},"2":{"frameSequences":{"0":{"frames":{"0":{"id":0}}}}}}},"1":{"layers":{"0":{"frameSequences":{"0":{"frames":{"0":{"id":1}}}}},"1":{"frameSequences":{"0":{"frames":{"0":{"id":1}}}}},"2":{"frameSequences":{"0":{"frames":{"0":{"id":0}}}}}}},"2":{"layers":{"2":{"loopCount":0,"frameSequences":{"0":{"frames":{"0":{"id":0},"1":{"id":1}}}}}}}}}}