{"meta":{"app":"FFConverter ~ Joopie","format":"RGBA8888","image":"ads_percyw.png","scale":"1.0","size":{"w":256,"h":128},"version":"1.0"},"frames":{"ads_percyw_ads_percyw_64_a_2_0.png":{"frame":{"x":2,"y":33,"w":80,"h":89},"sourceSize":{"w":80,"h":89},"spriteSourceSize":{"x":0,"y":0,"w":80,"h":89},"rotated":false,"trimmed":false},"ads_percyw_ads_percyw_icon_a.png":{"frame":{"x":2,"y":2,"w":27,"h":29},"sourceSize":{"w":27,"h":29},"spriteSourceSize":{"x":0,"y":0,"w":27,"h":29},"rotated":false,"trimmed":false},"ads_percyw_ads_percyw_64_b_2_0.png":{"frame":{"x":84,"y":79,"w":80,"h":43},"sourceSize":{"w":80,"h":43},"spriteSourceSize":{"x":0,"y":0,"w":80,"h":43},"rotated":false,"trimmed":false}}}