{"type":"furniture","name":"ads_percyw","visualizationType":"furniture_animated","logicType":"furniture_multistate","spritesheet":"ads_percyw_spritesheet.json","dimensions":{"x":1.0,"y":0.2,"z":1.6875},"directions":[90,180],"assets":{"ads_percyw_icon_a":{"x":13,"y":14},"ads_percyw_64_a_4_0":{"source":"ads_percyw_64_a_2_0","x":35,"y":43,"flipH":true},"ads_percyw_64_b_2_0":{"x":35,"y":-8},"ads_percyw_64_a_2_0":{"x":35,"y":43},"ads_percyw_64_b_4_0":{"source":"ads_percyw_64_b_2_0","x":35,"y":-8,"flipH":true}},"visualization":{"layerCount":2,"angle":45,"layers":{"0":{"z":-3000.0},"1":{"alpha":41,"z":-3000.0}},"directions":{"2":{},"4":{}},"animations":{"0":{"layers":{"0":{"frameSequences":{"0":{"frames":{"0":{"id":0}}}}},"1":{"frameSequences":{"0":{"frames":{"0":{"id":0}}}}}}}}}}