{"meta":{"app":"FFConverter ~ Joopie","format":"RGBA8888","image":"ads_idol_hotspot.png","scale":"1.0","size":{"w":128,"h":256},"version":"1.0"},"frames":{"ads_idol_hotspot_ads_idol_hotspot_64_d_4_2.png":{"frame":{"x":107,"y":210,"w":8,"h":20},"sourceSize":{"w":8,"h":20},"spriteSourceSize":{"x":0,"y":0,"w":8,"h":20},"rotated":false,"trimmed":false},"ads_idol_hotspot_ads_idol_hotspot_64_d_2_8.png":{"frame":{"x":107,"y":232,"w":8,"h":20},"sourceSize":{"w":8,"h":20},"spriteSourceSize":{"x":0,"y":0,"w":8,"h":20},"rotated":false,"trimmed":false},"ads_idol_hotspot_ads_idol_hotspot_64_d_4_7.png":{"frame":{"x":74,"y":103,"w":8,"h":19},"sourceSize":{"w":8,"h":19},"spriteSourceSize":{"x":0,"y":0,"w":8,"h":19},"rotated":false,"trimmed":false},"ads_idol_hotspot_ads_idol_hotspot_64_d_2_7.png":{"frame":{"x":90,"y":159,"w":8,"h":17},"sourceSize":{"w":8,"h":17},"spriteSourceSize":{"x":0,"y":0,"w":8,"h":17},"rotated":false,"trimmed":false},"ads_idol_hotspot_ads_idol_hotspot_64_d_2_3.png":{"frame":{"x":19,"y":78,"w":8,"h":20},"sourceSize":{"w":8,"h":20},"spriteSourceSize":{"x":0,"y":0,"w":8,"h":20},"rotated":false,"trimmed":false},"ads_idol_hotspot_ads_idol_hotspot_64_d_2_4.png":{"frame":{"x":90,"y":178,"w":8,"h":17},"sourceSize":{"w":8,"h":17},"spriteSourceSize":{"x":0,"y":0,"w":8,"h":17},"rotated":false,"trimmed":false},"ads_idol_hotspot_ads_idol_hotspot_64_d_4_3.png":{"frame":{"x":117,"y":232,"w":8,"h":20},"sourceSize":{"w":8,"h":20},"spriteSourceSize":{"x":0,"y":0,"w":8,"h":20},"rotated":false,"trimmed":false},"ads_idol_hotspot_ads_idol_hotspot_64_b_2_0.png":{"frame":{"x":2,"y":100,"w":40,"h":152},"sourceSize":{"w":40,"h":152},"spriteSourceSize":{"x":0,"y":0,"w":40,"h":152},"rotated":false,"trimmed":false},"ads_idol_hotspot_ads_idol_hotspot_64_d_2_9.png":{"frame":{"x":2,"y":46,"w":8,"h":20},"sourceSize":{"w":8,"h":20},"spriteSourceSize":{"x":0,"y":0,"w":8,"h":20},"rotated":false,"trimmed":false},"ads_idol_hotspot_ads_idol_hotspot_64_d_4_8.png":{"frame":{"x":97,"y":232,"w":8,"h":20},"sourceSize":{"w":8,"h":20},"spriteSourceSize":{"x":0,"y":0,"w":8,"h":20},"rotated":false,"trimmed":false},"ads_idol_hotspot_ads_idol_hotspot_64_d_2_0.png":{"frame":{"x":64,"y":102,"w":8,"h":20},"sourceSize":{"w":8,"h":20},"spriteSourceSize":{"x":0,"y":0,"w":8,"h":20},"rotated":false,"trimmed":false},"ads_idol_hotspot_ads_idol_hotspot_icon_a.png":{"frame":{"x":2,"y":68,"w":15,"h":30},"sourceSize":{"w":15,"h":30},"spriteSourceSize":{"x":0,"y":0,"w":15,"h":30},"rotated":false,"trimmed":false},"ads_idol_hotspot_ads_idol_hotspot_64_a_2_1.png":{"frame":{"x":44,"y":169,"w":44,"h":26},"sourceSize":{"w":44,"h":26},"spriteSourceSize":{"x":0,"y":0,"w":44,"h":26},"rotated":false,"trimmed":false},"ads_idol_hotspot_ads_idol_hotspot_32_e_2_0.png":{"frame":{"x":19,"y":74,"w":2,"h":2},"sourceSize":{"w":2,"h":2},"spriteSourceSize":{"x":0,"y":0,"w":2,"h":2},"rotated":false,"trimmed":false},"ads_idol_hotspot_ads_idol_hotspot_64_d_2_5.png":{"frame":{"x":2,"y":24,"w":8,"h":20},"sourceSize":{"w":8,"h":20},"spriteSourceSize":{"x":0,"y":0,"w":8,"h":20},"rotated":false,"trimmed":false},"ads_idol_hotspot_ads_idol_hotspot_64_d_4_9.png":{"frame":{"x":44,"y":102,"w":8,"h":20},"sourceSize":{"w":8,"h":20},"spriteSourceSize":{"x":0,"y":0,"w":8,"h":20},"rotated":false,"trimmed":false},"ads_idol_hotspot_ads_idol_hotspot_64_c_2_1.png":{"frame":{"x":12,"y":30,"w":2,"h":17},"sourceSize":{"w":2,"h":17},"spriteSourceSize":{"x":0,"y":0,"w":2,"h":17},"rotated":false,"trimmed":false},"ads_idol_hotspot_ads_idol_hotspot_64_d_4_4.png":{"frame":{"x":84,"y":103,"w":8,"h":19},"sourceSize":{"w":8,"h":19},"spriteSourceSize":{"x":0,"y":0,"w":8,"h":19},"rotated":false,"trimmed":false},"ads_idol_hotspot_ads_idol_hotspot_64_c_2_11.png":{"frame":{"x":97,"y":207,"w":1,"h":1},"sourceSize":{"w":1,"h":1},"spriteSourceSize":{"x":0,"y":0,"w":1,"h":1},"rotated":false,"trimmed":false},"ads_idol_hotspot_ads_idol_hotspot_64_a_2_0.png":{"frame":{"x":44,"y":141,"w":44,"h":26},"sourceSize":{"w":44,"h":26},"spriteSourceSize":{"x":0,"y":0,"w":44,"h":26},"rotated":false,"trimmed":false},"ads_idol_hotspot_ads_idol_hotspot_64_d_4_0.png":{"frame":{"x":29,"y":78,"w":8,"h":20},"sourceSize":{"w":8,"h":20},"spriteSourceSize":{"x":0,"y":0,"w":8,"h":20},"rotated":false,"trimmed":false},"ads_idol_hotspot_ads_idol_hotspot_64_d_2_1.png":{"frame":{"x":12,"y":49,"w":2,"h":17},"sourceSize":{"w":2,"h":17},"spriteSourceSize":{"x":0,"y":0,"w":2,"h":17},"rotated":false,"trimmed":false},"ads_idol_hotspot_ads_idol_hotspot_64_sd_2_0.png":{"frame":{"x":44,"y":124,"w":46,"h":15},"sourceSize":{"w":46,"h":15},"spriteSourceSize":{"x":0,"y":0,"w":46,"h":15},"rotated":false,"trimmed":false},"ads_idol_hotspot_ads_idol_hotspot_64_d_4_6.png":{"frame":{"x":117,"y":210,"w":8,"h":20},"sourceSize":{"w":8,"h":20},"spriteSourceSize":{"x":0,"y":0,"w":8,"h":20},"rotated":false,"trimmed":false},"ads_idol_hotspot_ads_idol_hotspot_64_e_2_1.png":{"frame":{"x":44,"y":197,"w":51,"h":55},"sourceSize":{"w":51,"h":55},"spriteSourceSize":{"x":0,"y":0,"w":51,"h":55},"rotated":false,"trimmed":false},"ads_idol_hotspot_ads_idol_hotspot_64_d_4_5.png":{"frame":{"x":2,"y":2,"w":8,"h":20},"sourceSize":{"w":8,"h":20},"spriteSourceSize":{"x":0,"y":0,"w":8,"h":20},"rotated":false,"trimmed":false},"ads_idol_hotspot_ads_idol_hotspot_64_d_2_6.png":{"frame":{"x":54,"y":102,"w":8,"h":20},"sourceSize":{"w":8,"h":20},"spriteSourceSize":{"x":0,"y":0,"w":8,"h":20},"rotated":false,"trimmed":false},"ads_idol_hotspot_ads_idol_hotspot_64_d_4_1.png":{"frame":{"x":39,"y":81,"w":2,"h":17},"sourceSize":{"w":2,"h":17},"spriteSourceSize":{"x":0,"y":0,"w":2,"h":17},"rotated":false,"trimmed":false},"ads_idol_hotspot_ads_idol_hotspot_64_d_2_2.png":{"frame":{"x":97,"y":210,"w":8,"h":20},"sourceSize":{"w":8,"h":20},"spriteSourceSize":{"x":0,"y":0,"w":8,"h":20},"rotated":false,"trimmed":false}}}