{"type":"furniture","name":"ads_idol_hotspot","visualizationType":"furniture_animated","logicType":"furniture_multistate","spritesheet":"ads_idol_hotspot_spritesheet.json","dimensions":{"x":1.0,"y":1.0,"z":0.2},"directions":[90,180],"assets":{"ads_idol_hotspot_64_d_2_7":{"x":0,"y":119},"ads_idol_hotspot_64_d_4_5":{"x":-4,"y":113},"ads_idol_hotspot_64_d_2_8":{"x":0,"y":119},"ads_idol_hotspot_64_d_4_6":{"x":-4,"y":113},"ads_idol_hotspot_64_d_2_5":{"x":0,"y":119},"ads_idol_hotspot_64_d_4_3":{"x":-4,"y":113},"ads_idol_hotspot_64_d_2_6":{"x":0,"y":119},"ads_idol_hotspot_64_d_4_4":{"x":-4,"y":113},"ads_idol_hotspot_64_d_2_3":{"x":0,"y":119},"ads_idol_hotspot_64_d_4_1":{"x":-10,"y":110},"ads_idol_hotspot_64_d_2_4":{"x":0,"y":119},"ads_idol_hotspot_64_d_4_2":{"x":-4,"y":113},"ads_idol_hotspot_64_c_2_0":{"source":"ads_idol_hotspot_64_d_2_0","x":12,"y":113},"ads_idol_hotspot_64_c_2_11":{"x":12,"y":111},"ads_idol_hotspot_64_d_2_1":{"x":-6,"y":119},"ads_idol_hotspot_64_c_2_1":{"x":6,"y":113},"ads_idol_hotspot_64_d_2_2":{"x":0,"y":119},"ads_idol_hotspot_64_d_4_0":{"x":-4,"y":113},"ads_idol_hotspot_64_d_4_9":{"x":-4,"y":113},"ads_idol_hotspot_64_d_2_9":{"x":0,"y":119},"ads_idol_hotspot_64_d_4_7":{"x":-4,"y":113},"ads_idol_hotspot_64_d_4_8":{"x":-4,"y":113},"ads_idol_hotspot_64_c_4_8":{"source":"ads_idol_hotspot_64_d_4_8","x":8,"y":119},"ads_idol_hotspot_64_c_4_9":{"source":"ads_idol_hotspot_64_d_4_9","x":8,"y":119},"ads_idol_hotspot_64_c_2_2":{"source":"ads_idol_hotspot_64_d_2_2","x":12,"y":113},"ads_idol_hotspot_64_c_4_0":{"source":"ads_idol_hotspot_64_d_4_0","x":8,"y":119},"ads_idol_hotspot_64_d_2_11":{"source":"ads_idol_hotspot_64_c_2_11","x":0,"y":117},"ads_idol_hotspot_64_c_2_3":{"source":"ads_idol_hotspot_64_d_2_3","x":12,"y":113},"ads_idol_hotspot_64_c_4_1":{"source":"ads_idol_hotspot_64_d_4_1","x":2,"y":116},"ads_idol_hotspot_64_d_2_0":{"x":0,"y":119},"ads_idol_hotspot_64_c_2_4":{"source":"ads_idol_hotspot_64_d_2_4","x":12,"y":113},"ads_idol_hotspot_64_c_4_2":{"source":"ads_idol_hotspot_64_d_4_2","x":8,"y":119},"ads_idol_hotspot_64_c_2_5":{"source":"ads_idol_hotspot_64_d_2_5","x":12,"y":113},"ads_idol_hotspot_64_c_4_3":{"source":"ads_idol_hotspot_64_d_4_3","x":8,"y":119},"ads_idol_hotspot_64_c_2_6":{"source":"ads_idol_hotspot_64_d_2_6","x":12,"y":113},"ads_idol_hotspot_64_c_4_4":{"source":"ads_idol_hotspot_64_d_4_4","x":8,"y":119},"ads_idol_hotspot_64_c_2_7":{"source":"ads_idol_hotspot_64_d_2_7","x":12,"y":113},"ads_idol_hotspot_64_c_4_5":{"source":"ads_idol_hotspot_64_d_4_5","x":8,"y":119},"ads_idol_hotspot_64_c_2_8":{"source":"ads_idol_hotspot_64_d_2_8","x":12,"y":113},"ads_idol_hotspot_64_c_4_6":{"source":"ads_idol_hotspot_64_d_4_6","x":8,"y":119},"ads_idol_hotspot_64_c_2_9":{"source":"ads_idol_hotspot_64_d_2_9","x":12,"y":113},"ads_idol_hotspot_64_c_4_7":{"source":"ads_idol_hotspot_64_d_4_7","x":8,"y":119},"ads_idol_hotspot_64_e_2_0":{"source":"ads_idol_hotspot_32_e_2_0","x":33,"y":1},"ads_idol_hotspot_64_e_2_1":{"x":25,"y":45},"ads_idol_hotspot_64_e_4_0":{"source":"ads_idol_hotspot_32_e_2_0","x":33,"y":1},"ads_idol_hotspot_64_e_4_1":{"source":"ads_idol_hotspot_64_e_2_1","x":25,"y":45},"ads_idol_hotspot_64_c_4_11":{"source":"ads_idol_hotspot_64_c_2_11","x":1,"y":117},"ads_idol_hotspot_64_a_2_0":{"x":22,"y":15},"ads_idol_hotspot_64_a_2_1":{"x":22,"y":15},"ads_idol_hotspot_64_a_4_0":{"source":"ads_idol_hotspot_64_a_2_0","x":22,"y":15},"ads_idol_hotspot_64_sd_2_0":{"x":23,"y":2},"ads_idol_hotspot_64_a_4_1":{"source":"ads_idol_hotspot_64_a_2_1","x":22,"y":15},"ads_idol_hotspot_icon_a":{"x":7,"y":15},"ads_idol_hotspot_64_d_4_11":{"source":"ads_idol_hotspot_64_c_2_11","x":-11,"y":111},"ads_idol_hotspot_64_b_4_0":{"source":"ads_idol_hotspot_64_b_2_0","x":22,"y":236,"flipH":true},"ads_idol_hotspot_64_b_2_0":{"x":22,"y":236},"ads_idol_hotspot_64_sd_4_0":{"source":"ads_idol_hotspot_64_sd_2_0","x":23,"y":2}},"visualization":{"layerCount":5,"angle":45,"layers":{"4":{"ink":"ADD","ignoreMouse":true}},"directions":{"2":{"layers":{"1":{"z":500.0},"2":{"z":501.0},"3":{"z":502.0},"4":{"z":505.0}}},"4":{"layers":{"1":{"z":500.0},"2":{"z":501.0},"3":{"z":502.0},"4":{"z":505.0}}}},"animations":{"0":{"layers":{"0":{"frameSequences":{"0":{"frames":{"0":{"id":0}}}}},"1":{"frameSequences":{"0":{"frames":{"0":{"id":0}}}}},"2":{"frameSequences":{"0":{"frames":{"0":{"id":11}}}}},"3":{"frameSequences":{"0":{"frames":{"0":{"id":11}}}}},"4":{"frameSequences":{"0":{"frames":{"0":{"id":0}}}}}}},"1":{"layers":{"0":{"frameSequences":{"0":{"frames":{"0":{"id":1}}}}},"1":{"frameSequences":{"0":{"frames":{"0":{"id":0}}}}},"2":{"frameSequences":{"0":{"frames":{"0":{"id":0}}}}},"3":{"frameSequences":{"0":{"frames":{"0":{"id":0}}}}},"4":{"frameSequences":{"0":{"frames":{"0":{"id":1}}}}}}}}}}