{"meta":{"app":"FFConverter ~ Joopie","format":"RGBA8888","image":"ads_twi_toolbx.png","scale":"1.0","size":{"w":64,"h":256},"version":"1.0"},"frames":{"ads_twi_toolbx_ads_twi_toolbx_64_a_4_1.png":{"frame":{"x":2,"y":95,"w":59,"h":81},"sourceSize":{"w":59,"h":81},"spriteSourceSize":{"x":0,"y":0,"w":59,"h":81},"rotated":false,"trimmed":false},"ads_twi_toolbx_ads_twi_toolbx_64_a_4_0.png":{"frame":{"x":2,"y":34,"w":56,"h":59},"sourceSize":{"w":56,"h":59},"spriteSourceSize":{"x":0,"y":0,"w":56,"h":59},"rotated":false,"trimmed":false},"ads_twi_toolbx_ads_twi_toolbx_icon_a.png":{"frame":{"x":2,"y":2,"w":27,"h":30},"sourceSize":{"w":27,"h":30},"spriteSourceSize":{"x":0,"y":0,"w":27,"h":30},"rotated":false,"trimmed":false}}}