{"type":"furniture","name":"ads_twi_toolbx","visualizationType":"furniture_animated","logicType":"furniture_multistate","spritesheet":"ads_twi_toolbx_spritesheet.json","dimensions":{"x":1.0,"y":1.0,"z":0.0},"directions":[90,180],"assets":{"ads_twi_toolbx_64_a_2_0":{"source":"ads_twi_toolbx_64_a_4_0","x":28,"y":44,"flipH":true},"ads_twi_toolbx_64_a_2_1":{"source":"ads_twi_toolbx_64_a_4_1","x":28,"y":66,"flipH":true},"ads_twi_toolbx_64_a_4_0":{"x":28,"y":44},"ads_twi_toolbx_64_a_4_1":{"x":28,"y":66},"ads_twi_toolbx_icon_a":{"x":13,"y":15}},"visualization":{"layerCount":1,"angle":45,"directions":{"2":{},"4":{}},"animations":{"0":{"layers":{"0":{"frameSequences":{"0":{"frames":{"0":{"id":0}}}}}}},"1":{"layers":{"0":{"frameSequences":{"0":{"frames":{"0":{"id":1}}}}}}}}}}