{"meta":{"app":"FFConverter ~ Joopie","format":"RGBA8888","image":"ads_liisu.png","scale":"1.0","size":{"w":128,"h":128},"version":"1.0"},"frames":{"ads_liisu_ads_liisu_icon_a.png":{"frame":{"x":102,"y":82,"w":13,"h":31},"sourceSize":{"w":13,"h":31},"spriteSourceSize":{"x":0,"y":0,"w":13,"h":31},"rotated":false,"trimmed":false},"ads_liisu_ads_liisu_64_a_2_0.png":{"frame":{"x":2,"y":2,"w":48,"h":111},"sourceSize":{"w":48,"h":111},"spriteSourceSize":{"x":0,"y":0,"w":48,"h":111},"rotated":false,"trimmed":false},"ads_liisu_ads_liisu_64_a_4_0.png":{"frame":{"x":52,"y":2,"w":48,"h":111},"sourceSize":{"w":48,"h":111},"spriteSourceSize":{"x":0,"y":0,"w":48,"h":111},"rotated":false,"trimmed":false}}}