{"type":"furniture","name":"ads_kelloggs_statue","visualizationType":"furniture_static","logicType":"furniture_basic","spritesheet":"ads_kelloggs_statue_spritesheet.json","dimensions":{"x":1.0,"y":1.0,"z":1.0},"directions":[180,90],"assets":{"ads_kelloggs_statue_64_sd_4_0":{"x":29,"y":0},"ads_kelloggs_statue_64_a_2_0":{"source":"ads_kelloggs_statue_64_a_4_0","x":29,"y":119,"flipH":true},"ads_kelloggs_statue_64_a_4_0":{"x":29,"y":119},"ads_kelloggs_statue_64_sd_2_0":{"source":"ads_kelloggs_statue_64_sd_4_0","x":29,"y":0,"flipH":true},"ads_kelloggs_statue_icon_a":{"x":8,"y":15}},"visualization":{"layerCount":1,"angle":45,"directions":{"2":{},"4":{}},"animations":{"0":{"layers":{"-1":{"frameSequences":{"0":{"frames":{"0":{"id":0}}}}},"0":{"frameSequences":{"0":{"frames":{"0":{"id":0}}}}}}}}}}