{"meta":{"app":"FFConverter ~ Joopie","format":"RGBA8888","image":"ads_kelloggs_statue.png","scale":"1.0","size":{"w":128,"h":256},"version":"1.0"},"frames":{"ads_kelloggs_statue_ads_kelloggs_statue_64_a_4_0.png":{"frame":{"x":2,"y":19,"w":67,"h":133},"sourceSize":{"w":67,"h":133},"spriteSourceSize":{"x":0,"y":0,"w":67,"h":133},"rotated":false,"trimmed":false},"ads_kelloggs_statue_ads_kelloggs_statue_64_sd_4_0.png":{"frame":{"x":2,"y":2,"w":58,"h":15},"sourceSize":{"w":58,"h":15},"spriteSourceSize":{"x":0,"y":0,"w":58,"h":15},"rotated":false,"trimmed":false},"ads_kelloggs_statue_ads_kelloggs_statue_icon_a.png":{"frame":{"x":71,"y":122,"w":20,"h":30},"sourceSize":{"w":20,"h":30},"spriteSourceSize":{"x":0,"y":0,"w":20,"h":30},"rotated":false,"trimmed":false}}}