{"meta":{"app":"FFConverter ~ Joopie","format":"RGBA8888","image":"ads_idol_lamp.png","scale":"1.0","size":{"w":256,"h":256},"version":"1.0"},"frames":{"ads_idol_lamp_ads_idol_lamp_64_a_0_1.png":{"frame":{"x":114,"y":56,"w":42,"h":141},"sourceSize":{"w":42,"h":141},"spriteSourceSize":{"x":0,"y":0,"w":42,"h":141},"rotated":false,"trimmed":false},"ads_idol_lamp_ads_idol_lamp_icon_a.png":{"frame":{"x":2,"y":2,"w":22,"h":29},"sourceSize":{"w":22,"h":29},"spriteSourceSize":{"x":0,"y":0,"w":22,"h":29},"rotated":false,"trimmed":false},"ads_idol_lamp_ads_idol_lamp_64_b_0_0.png":{"frame":{"x":114,"y":53,"w":2,"h":1},"sourceSize":{"w":2,"h":1},"spriteSourceSize":{"x":0,"y":0,"w":2,"h":1},"rotated":false,"trimmed":false},"ads_idol_lamp_ads_idol_lamp_64_a_0_0.png":{"frame":{"x":158,"y":56,"w":42,"h":141},"sourceSize":{"w":42,"h":141},"spriteSourceSize":{"x":0,"y":0,"w":42,"h":141},"rotated":false,"trimmed":false},"ads_idol_lamp_ads_idol_lamp_64_b_0_1.png":{"frame":{"x":2,"y":33,"w":110,"h":164},"sourceSize":{"w":110,"h":164},"spriteSourceSize":{"x":0,"y":0,"w":110,"h":164},"rotated":false,"trimmed":false}}}