{"type":"furniture","name":"ads_idol_lamp","visualizationType":"furniture_animated","logicType":"furniture_multistate","spritesheet":"ads_idol_lamp_spritesheet.json","dimensions":{"x":1.0,"y":1.0,"z":0.0},"directions":[0],"assets":{"ads_idol_lamp_64_a_0_1":{"x":21,"y":225},"ads_idol_lamp_64_a_0_0":{"x":21,"y":225},"ads_idol_lamp_64_b_0_1":{"x":55,"y":160},"ads_idol_lamp_64_b_0_0":{"x":1,"y":184},"ads_idol_lamp_icon_a":{"x":10,"y":13}},"visualization":{"layerCount":2,"angle":45,"layers":{"1":{"ink":"ADD","ignoreMouse":true}},"directions":{"0":{"layers":{"0":{"z":600.0},"1":{"z":800.0}}}},"animations":{"0":{"layers":{"0":{"frameSequences":{"0":{"frames":{"0":{"id":0}}}}},"1":{"frameSequences":{"0":{"frames":{"0":{"id":0}}}}}}},"1":{"layers":{"0":{"frameSequences":{"0":{"frames":{"0":{"id":1}}}}},"1":{"frameSequences":{"0":{"frames":{"0":{"id":1}}}}}}}}}}