{"meta":{"app":"FFConverter ~ Joopie","format":"RGBA8888","image":"ads_durex_screen.png","scale":"1.0","size":{"w":2048,"h":128},"version":"1.0"},"frames":{"ads_durex_screen_ads_durex_screen_64_d_4_2.png":{"frame":{"x":633,"y":3,"w":32,"h":114},"sourceSize":{"w":32,"h":114},"spriteSourceSize":{"x":0,"y":0,"w":32,"h":114},"rotated":false,"trimmed":false},"ads_durex_screen_ads_durex_screen_64_c_4_2.png":{"frame":{"x":968,"y":3,"w":31,"h":114},"sourceSize":{"w":31,"h":114},"spriteSourceSize":{"x":0,"y":0,"w":31,"h":114},"rotated":false,"trimmed":false},"ads_durex_screen_ads_durex_screen_64_e_4_2.png":{"frame":{"x":2,"y":3,"w":45,"h":114},"sourceSize":{"w":45,"h":114},"spriteSourceSize":{"x":0,"y":0,"w":45,"h":114},"rotated":false,"trimmed":false},"ads_durex_screen_ads_durex_screen_64_b_2_0.png":{"frame":{"x":565,"y":3,"w":32,"h":114},"sourceSize":{"w":32,"h":114},"spriteSourceSize":{"x":0,"y":0,"w":32,"h":114},"rotated":false,"trimmed":false},"ads_durex_screen_ads_durex_screen_icon_a.png":{"frame":{"x":1106,"y":93,"w":30,"h":24},"sourceSize":{"w":30,"h":24},"spriteSourceSize":{"x":0,"y":0,"w":30,"h":24},"rotated":false,"trimmed":false},"ads_durex_screen_ads_durex_screen_64_c_2_0.png":{"frame":{"x":701,"y":3,"w":32,"h":114},"sourceSize":{"w":32,"h":114},"spriteSourceSize":{"x":0,"y":0,"w":32,"h":114},"rotated":false,"trimmed":false},"ads_durex_screen_ads_durex_screen_64_a_4_0.png":{"frame":{"x":1036,"y":6,"w":33,"h":111},"sourceSize":{"w":33,"h":111},"spriteSourceSize":{"x":0,"y":0,"w":33,"h":111},"rotated":false,"trimmed":false},"ads_durex_screen_ads_durex_screen_64_a_2_1.png":{"frame":{"x":386,"y":5,"w":35,"h":112},"sourceSize":{"w":35,"h":112},"spriteSourceSize":{"x":0,"y":0,"w":35,"h":112},"rotated":false,"trimmed":false},"ads_durex_screen_ads_durex_screen_64_d_2_0.png":{"frame":{"x":869,"y":3,"w":31,"h":114},"sourceSize":{"w":31,"h":114},"spriteSourceSize":{"x":0,"y":0,"w":31,"h":114},"rotated":false,"trimmed":false},"ads_durex_screen_ads_durex_screen_64_b_2_1.png":{"frame":{"x":531,"y":3,"w":32,"h":114},"sourceSize":{"w":32,"h":114},"spriteSourceSize":{"x":0,"y":0,"w":32,"h":114},"rotated":false,"trimmed":false},"ads_durex_screen_ads_durex_screen_64_b_4_0.png":{"frame":{"x":351,"y":2,"w":33,"h":115},"sourceSize":{"w":33,"h":115},"spriteSourceSize":{"x":0,"y":0,"w":33,"h":115},"rotated":false,"trimmed":false},"ads_durex_screen_ads_durex_screen_64_e_2_0.png":{"frame":{"x":235,"y":3,"w":44,"h":114},"sourceSize":{"w":44,"h":114},"spriteSourceSize":{"x":0,"y":0,"w":44,"h":114},"rotated":false,"trimmed":false},"ads_durex_screen_ads_durex_screen_64_c_2_1.png":{"frame":{"x":735,"y":3,"w":32,"h":114},"sourceSize":{"w":32,"h":114},"spriteSourceSize":{"x":0,"y":0,"w":32,"h":114},"rotated":false,"trimmed":false},"ads_durex_screen_ads_durex_screen_64_c_4_0.png":{"frame":{"x":902,"y":3,"w":31,"h":114},"sourceSize":{"w":31,"h":114},"spriteSourceSize":{"x":0,"y":0,"w":31,"h":114},"rotated":false,"trimmed":false},"ads_durex_screen_ads_durex_screen_64_e_4_0.png":{"frame":{"x":96,"y":3,"w":45,"h":114},"sourceSize":{"w":45,"h":114},"spriteSourceSize":{"x":0,"y":0,"w":45,"h":114},"rotated":false,"trimmed":false},"ads_durex_screen_ads_durex_screen_64_d_2_1.png":{"frame":{"x":803,"y":3,"w":31,"h":114},"sourceSize":{"w":31,"h":114},"spriteSourceSize":{"x":0,"y":0,"w":31,"h":114},"rotated":false,"trimmed":false},"ads_durex_screen_ads_durex_screen_64_a_2_2.png":{"frame":{"x":460,"y":5,"w":35,"h":112},"sourceSize":{"w":35,"h":112},"spriteSourceSize":{"x":0,"y":0,"w":35,"h":112},"rotated":false,"trimmed":false},"ads_durex_screen_ads_durex_screen_64_a_4_1.png":{"frame":{"x":1001,"y":6,"w":33,"h":111},"sourceSize":{"w":33,"h":111},"spriteSourceSize":{"x":0,"y":0,"w":33,"h":111},"rotated":false,"trimmed":false},"ads_durex_screen_ads_durex_screen_64_e_2_1.png":{"frame":{"x":189,"y":3,"w":44,"h":114},"sourceSize":{"w":44,"h":114},"spriteSourceSize":{"x":0,"y":0,"w":44,"h":114},"rotated":false,"trimmed":false},"ads_durex_screen_ads_durex_screen_64_b_4_1.png":{"frame":{"x":281,"y":2,"w":33,"h":115},"sourceSize":{"w":33,"h":115},"spriteSourceSize":{"x":0,"y":0,"w":33,"h":115},"rotated":false,"trimmed":false},"ads_durex_screen_ads_durex_screen_64_d_4_0.png":{"frame":{"x":599,"y":3,"w":32,"h":114},"sourceSize":{"w":32,"h":114},"spriteSourceSize":{"x":0,"y":0,"w":32,"h":114},"rotated":false,"trimmed":false},"ads_durex_screen_ads_durex_screen_64_a_2_0.png":{"frame":{"x":423,"y":5,"w":35,"h":112},"sourceSize":{"w":35,"h":112},"spriteSourceSize":{"x":0,"y":0,"w":35,"h":112},"rotated":false,"trimmed":false},"ads_durex_screen_ads_durex_screen_64_b_2_2.png":{"frame":{"x":497,"y":3,"w":32,"h":114},"sourceSize":{"w":32,"h":114},"spriteSourceSize":{"x":0,"y":0,"w":32,"h":114},"rotated":false,"trimmed":false},"ads_durex_screen_ads_durex_screen_64_d_4_1.png":{"frame":{"x":667,"y":3,"w":32,"h":114},"sourceSize":{"w":32,"h":114},"spriteSourceSize":{"x":0,"y":0,"w":32,"h":114},"rotated":false,"trimmed":false},"ads_durex_screen_ads_durex_screen_64_c_4_1.png":{"frame":{"x":935,"y":3,"w":31,"h":114},"sourceSize":{"w":31,"h":114},"spriteSourceSize":{"x":0,"y":0,"w":31,"h":114},"rotated":false,"trimmed":false},"ads_durex_screen_ads_durex_screen_64_c_2_2.png":{"frame":{"x":769,"y":3,"w":32,"h":114},"sourceSize":{"w":32,"h":114},"spriteSourceSize":{"x":0,"y":0,"w":32,"h":114},"rotated":false,"trimmed":false},"ads_durex_screen_ads_durex_screen_64_b_4_2.png":{"frame":{"x":316,"y":2,"w":33,"h":115},"sourceSize":{"w":33,"h":115},"spriteSourceSize":{"x":0,"y":0,"w":33,"h":115},"rotated":false,"trimmed":false},"ads_durex_screen_ads_durex_screen_64_e_2_2.png":{"frame":{"x":143,"y":3,"w":44,"h":114},"sourceSize":{"w":44,"h":114},"spriteSourceSize":{"x":0,"y":0,"w":44,"h":114},"rotated":false,"trimmed":false},"ads_durex_screen_ads_durex_screen_64_a_4_2.png":{"frame":{"x":1071,"y":6,"w":33,"h":111},"sourceSize":{"w":33,"h":111},"spriteSourceSize":{"x":0,"y":0,"w":33,"h":111},"rotated":false,"trimmed":false},"ads_durex_screen_ads_durex_screen_64_d_2_2.png":{"frame":{"x":836,"y":3,"w":31,"h":114},"sourceSize":{"w":31,"h":114},"spriteSourceSize":{"x":0,"y":0,"w":31,"h":114},"rotated":false,"trimmed":false},"ads_durex_screen_ads_durex_screen_64_e_4_1.png":{"frame":{"x":49,"y":3,"w":45,"h":114},"sourceSize":{"w":45,"h":114},"spriteSourceSize":{"x":0,"y":0,"w":45,"h":114},"rotated":false,"trimmed":false}}}