{"type":"furniture","name":"ads_durex_screen","visualizationType":"furniture_animated","logicType":"furniture_basic","spritesheet":"ads_durex_screen_spritesheet.json","dimensions":{"x":1.0,"y":0.2,"z":1.0},"directions":[90,180],"assets":{"ads_durex_screen_64_b_2_1":{"x":60,"y":80},"ads_durex_screen_64_b_2_0":{"x":60,"y":80},"ads_durex_screen_64_c_2_2":{"x":92,"y":64},"ads_durex_screen_64_c_4_0":{"x":-47,"y":72},"ads_durex_screen_64_c_2_1":{"x":92,"y":64},"ads_durex_screen_64_c_4_2":{"x":-47,"y":72},"ads_durex_screen_64_c_4_1":{"x":-47,"y":72},"ads_durex_screen_64_a_2_0":{"x":28,"y":94},"ads_durex_screen_64_a_2_2":{"x":28,"y":94},"ads_durex_screen_64_a_4_0":{"x":19,"y":101},"ads_durex_screen_64_a_2_1":{"x":28,"y":94},"ads_durex_screen_64_d_4_2":{"x":-78,"y":56},"ads_durex_screen_64_d_4_1":{"x":-78,"y":56},"ads_durex_screen_64_d_2_2":{"x":123,"y":48},"ads_durex_screen_64_d_4_0":{"x":-78,"y":56},"ads_durex_screen_64_d_2_1":{"x":123,"y":48},"ads_durex_screen_64_d_2_0":{"x":123,"y":48},"ads_durex_screen_64_e_4_2":{"x":-110,"y":40},"ads_durex_screen_64_e_4_1":{"x":-110,"y":40},"ads_durex_screen_64_e_2_0":{"x":167,"y":33},"ads_durex_screen_64_e_2_2":{"x":167,"y":33},"ads_durex_screen_64_e_4_0":{"x":-110,"y":40},"ads_durex_screen_64_e_2_1":{"x":167,"y":33},"ads_durex_screen_64_a_4_2":{"x":19,"y":101},"ads_durex_screen_64_a_4_1":{"x":19,"y":101},"ads_durex_screen_icon_a":{"x":16,"y":11},"ads_durex_screen_64_c_2_0":{"x":92,"y":64},"ads_durex_screen_64_b_4_2":{"x":-14,"y":88},"ads_durex_screen_64_b_4_1":{"x":-14,"y":88},"ads_durex_screen_64_b_2_2":{"x":60,"y":80},"ads_durex_screen_64_b_4_0":{"x":-14,"y":88}},"visualization":{"layerCount":5,"angle":45,"layers":{"0":{},"1":{"z":1000.0},"2":{"z":2000.0},"3":{"z":3000.0},"4":{"z":4000.0}},"directions":{"2":{},"4":{}},"animations":{"0":{"layers":{"0":{"loopCount":0,"frameRepeat":75,"frameSequences":{"0":{"frames":{"0":{"id":0},"1":{"id":1},"2":{"id":2}}}}},"1":{"loopCount":0,"frameRepeat":75,"frameSequences":{"0":{"frames":{"0":{"id":0},"1":{"id":1},"2":{"id":2}}}}},"2":{"loopCount":0,"frameRepeat":75,"frameSequences":{"0":{"frames":{"0":{"id":0},"1":{"id":1},"2":{"id":2}}}}},"3":{"loopCount":0,"frameRepeat":75,"frameSequences":{"0":{"frames":{"0":{"id":0},"1":{"id":1},"2":{"id":2}}}}},"4":{"loopCount":0,"frameRepeat":75,"frameSequences":{"0":{"frames":{"0":{"id":0},"1":{"id":1},"2":{"id":2}}}}}}}}}}