{"type":"furniture","name":"anc_artifact3","visualizationType":"furniture_animated","logicType":"furniture_multistate","spritesheet":"anc_artifact3_spritesheet.json","dimensions":{"x":3.0,"y":1.0,"z":1.0},"directions":[90,180],"assets":{"anc_artifact3_64_d_4_28":{"source":"anc_artifact3_64_d_2_14","x":41,"y":205,"flipH":true},"anc_artifact3_64_d_4_29":{"source":"anc_artifact3_64_d_2_15","x":37,"y":201,"flipH":true},"anc_artifact3_64_d_4_26":{"source":"anc_artifact3_64_d_2_14","x":34,"y":214,"flipH":true},"anc_artifact3_64_d_4_27":{"source":"anc_artifact3_64_d_2_15","x":37,"y":201,"flipH":true},"anc_artifact3_64_d_4_24":{"source":"anc_artifact3_64_d_2_14","x":28,"y":224,"flipH":true},"anc_artifact3_64_d_4_25":{"source":"anc_artifact3_64_d_2_15","x":30,"y":210,"flipH":true},"anc_artifact3_64_d_4_22":{"source":"anc_artifact3_64_d_2_14","x":16,"y":222,"flipH":true},"anc_artifact3_64_d_4_23":{"source":"anc_artifact3_64_d_2_15","x":24,"y":220,"flipH":true},"anc_artifact3_64_d_4_3":{"source":"anc_artifact3_64_d_2_3","x":-17,"y":160,"flipH":true},"anc_artifact3_64_d_4_31":{"source":"anc_artifact3_64_d_2_8","x":38,"y":198,"flipH":true},"anc_artifact3_64_d_4_2":{"source":"anc_artifact3_64_d_2_2","x":-15,"y":160,"flipH":true},"anc_artifact3_64_d_4_32":{"source":"anc_artifact3_64_d_2_32","x":33,"y":198,"flipH":true},"anc_artifact3_64_d_4_1":{"source":"anc_artifact3_64_d_2_1","x":-15,"y":160,"flipH":true},"anc_artifact3_64_d_4_0":{"source":"anc_artifact3_64_d_2_0","x":-15,"y":160,"flipH":true},"anc_artifact3_64_d_4_30":{"source":"anc_artifact3_64_d_2_7","x":39,"y":197,"flipH":true},"anc_artifact3_64_d_4_7":{"source":"anc_artifact3_64_d_2_7","x":-12,"y":164,"flipH":true},"anc_artifact3_64_d_4_6":{"source":"anc_artifact3_64_d_2_6","x":-15,"y":162,"flipH":true},"anc_artifact3_64_d_4_5":{"source":"anc_artifact3_64_d_2_5","x":-12,"y":160,"flipH":true},"anc_artifact3_64_d_4_4":{"source":"anc_artifact3_64_d_2_4","x":-17,"y":160,"flipH":true},"anc_artifact3_64_d_4_9":{"source":"anc_artifact3_64_d_2_15","x":-13,"y":165,"flipH":true},"anc_artifact3_64_d_4_8":{"source":"anc_artifact3_64_d_2_8","x":-13,"y":165,"flipH":true},"anc_artifact3_64_d_2_18":{"source":"anc_artifact3_64_d_2_14","x":1,"y":208},"anc_artifact3_64_d_2_17":{"source":"anc_artifact3_64_d_2_15","x":-1,"y":201},"anc_artifact3_64_d_2_19":{"source":"anc_artifact3_64_d_2_15","x":4,"y":211},"anc_artifact3_64_d_2_14":{"x":-7,"y":186},"anc_artifact3_64_d_4_39":{"source":"anc_artifact3_64_d_2_37","x":17,"y":205,"flipH":true},"anc_artifact3_64_d_2_13":{"source":"anc_artifact3_64_d_2_15","x":-9,"y":179},"anc_artifact3_64_b_4_0":{"source":"anc_artifact3_64_b_2_0","x":32,"y":179,"flipH":true},"anc_artifact3_64_d_2_16":{"source":"anc_artifact3_64_d_2_14","x":-3,"y":197},"anc_artifact3_64_d_4_37":{"source":"anc_artifact3_64_d_2_37","x":33,"y":202,"flipH":true},"anc_artifact3_64_d_2_15":{"x":-5,"y":190},"anc_artifact3_64_d_4_38":{"source":"anc_artifact3_64_d_2_37","x":26,"y":205,"flipH":true},"anc_artifact3_64_d_2_10":{"source":"anc_artifact3_64_d_2_14","x":-13,"y":167},"anc_artifact3_64_d_4_35":{"source":"anc_artifact3_64_d_2_35","x":37,"y":198,"flipH":true},"anc_artifact3_64_d_4_36":{"source":"anc_artifact3_64_d_2_36","x":37,"y":197,"flipH":true},"anc_artifact3_64_d_2_12":{"source":"anc_artifact3_64_d_2_14","x":-9,"y":177},"anc_artifact3_64_d_4_33":{"source":"anc_artifact3_64_d_2_33","x":33,"y":198,"flipH":true},"anc_artifact3_64_d_2_11":{"source":"anc_artifact3_64_d_2_15","x":-11,"y":170},"anc_artifact3_64_d_4_34":{"source":"anc_artifact3_64_d_2_34","x":33,"y":198,"flipH":true},"anc_artifact3_64_d_4_42":{"source":"anc_artifact3_64_d_2_37","x":-15,"y":170,"flipH":true},"anc_artifact3_64_d_4_43":{"source":"anc_artifact3_64_d_2_43","x":-16,"y":162,"flipH":true},"anc_artifact3_64_d_4_40":{"source":"anc_artifact3_64_d_2_37","x":6,"y":200,"flipH":true},"anc_artifact3_64_d_4_41":{"source":"anc_artifact3_64_d_2_37","x":-7,"y":189,"flipH":true},"anc_artifact3_64_c_2_0":{"x":93,"y":195},"anc_artifact3_64_d_4_10":{"source":"anc_artifact3_64_d_2_14","x":-13,"y":167,"flipH":true},"anc_artifact3_64_a_4_0":{"source":"anc_artifact3_64_a_2_0","x":10,"y":154,"flipH":true},"anc_artifact3_64_d_4_19":{"source":"anc_artifact3_64_d_2_15","x":4,"y":211,"flipH":true},"anc_artifact3_64_d_4_17":{"source":"anc_artifact3_64_d_2_15","x":-1,"y":201,"flipH":true},"anc_artifact3_64_d_4_18":{"source":"anc_artifact3_64_d_2_14","x":1,"y":208,"flipH":true},"anc_artifact3_64_d_4_15":{"source":"anc_artifact3_64_d_2_15","x":-5,"y":190,"flipH":true},"anc_artifact3_64_d_4_16":{"source":"anc_artifact3_64_d_2_14","x":-3,"y":197,"flipH":true},"anc_artifact3_64_d_4_13":{"source":"anc_artifact3_64_d_2_15","x":-9,"y":179,"flipH":true},"anc_artifact3_64_d_4_14":{"source":"anc_artifact3_64_d_2_14","x":-7,"y":186,"flipH":true},"anc_artifact3_64_d_4_11":{"source":"anc_artifact3_64_d_2_15","x":-11,"y":170,"flipH":true},"anc_artifact3_64_d_4_12":{"source":"anc_artifact3_64_d_2_14","x":-9,"y":177,"flipH":true},"anc_artifact3_64_d_4_20":{"source":"anc_artifact3_64_d_2_14","x":8,"y":217,"flipH":true},"anc_artifact3_64_d_4_21":{"source":"anc_artifact3_64_d_2_15","x":12,"y":218,"flipH":true},"anc_artifact3_64_d_2_46":{"x":-14,"y":163},"anc_artifact3_64_d_2_1":{"x":-15,"y":160},"anc_artifact3_64_d_2_43":{"x":-16,"y":162},"anc_artifact3_64_d_2_0":{"x":-15,"y":160},"anc_artifact3_64_d_2_42":{"source":"anc_artifact3_64_d_2_37","x":-15,"y":170},"anc_artifact3_64_d_2_45":{"source":"anc_artifact3_64_d_2_33","x":-19,"y":162},"anc_artifact3_64_d_2_44":{"x":-16,"y":160},"anc_artifact3_64_d_2_5":{"x":-12,"y":160},"anc_artifact3_64_d_2_4":{"x":-17,"y":160},"anc_artifact3_64_d_2_3":{"x":-17,"y":160},"anc_artifact3_64_d_2_2":{"x":-15,"y":160},"anc_artifact3_64_d_2_9":{"source":"anc_artifact3_64_d_2_15","x":-13,"y":165},"anc_artifact3_64_d_2_8":{"x":-13,"y":165},"anc_artifact3_64_d_2_7":{"x":-12,"y":164},"anc_artifact3_64_d_2_6":{"x":-15,"y":162},"anc_artifact3_64_b_2_0":{"x":32,"y":179},"anc_artifact3_64_c_4_0":{"source":"anc_artifact3_64_c_2_0","x":93,"y":195,"flipH":true},"anc_artifact3_64_d_2_29":{"source":"anc_artifact3_64_d_2_15","x":37,"y":201},"anc_artifact3_64_d_2_28":{"source":"anc_artifact3_64_d_2_14","x":41,"y":205},"anc_artifact3_64_d_2_25":{"source":"anc_artifact3_64_d_2_15","x":30,"y":210},"anc_artifact3_64_d_2_24":{"source":"anc_artifact3_64_d_2_14","x":28,"y":224},"anc_artifact3_64_d_2_27":{"source":"anc_artifact3_64_d_2_15","x":37,"y":201},"anc_artifact3_64_d_2_26":{"source":"anc_artifact3_64_d_2_14","x":34,"y":214},"anc_artifact3_64_d_2_21":{"source":"anc_artifact3_64_d_2_15","x":12,"y":218},"anc_artifact3_64_d_4_46":{"source":"anc_artifact3_64_d_2_46","x":-14,"y":163,"flipH":true},"anc_artifact3_64_d_2_20":{"source":"anc_artifact3_64_d_2_14","x":8,"y":217},"anc_artifact3_64_d_2_23":{"source":"anc_artifact3_64_d_2_15","x":24,"y":220},"anc_artifact3_64_d_4_44":{"source":"anc_artifact3_64_d_2_44","x":-16,"y":160,"flipH":true},"anc_artifact3_64_d_2_22":{"source":"anc_artifact3_64_d_2_14","x":16,"y":222},"anc_artifact3_64_d_4_45":{"source":"anc_artifact3_64_d_2_33","x":-19,"y":162,"flipH":true},"anc_artifact3_64_a_2_0":{"x":10,"y":154},"anc_artifact3_64_d_2_30":{"source":"anc_artifact3_64_d_2_7","x":39,"y":197},"anc_artifact3_64_d_2_39":{"source":"anc_artifact3_64_d_2_37","x":17,"y":205},"anc_artifact3_64_d_2_36":{"x":37,"y":197},"anc_artifact3_64_d_2_35":{"x":37,"y":198},"anc_artifact3_64_d_2_38":{"source":"anc_artifact3_64_d_2_37","x":26,"y":205},"anc_artifact3_64_d_2_37":{"x":33,"y":202},"anc_artifact3_64_d_2_32":{"x":33,"y":198},"anc_artifact3_64_d_2_31":{"source":"anc_artifact3_64_d_2_8","x":38,"y":198},"anc_artifact3_64_d_2_34":{"x":33,"y":198},"anc_artifact3_icon_a":{"x":7,"y":15},"anc_artifact3_64_d_2_33":{"x":33,"y":198},"anc_artifact3_64_d_2_41":{"source":"anc_artifact3_64_d_2_37","x":-7,"y":189},"anc_artifact3_64_d_2_40":{"source":"anc_artifact3_64_d_2_37","x":6,"y":200}},"visualization":{"layerCount":4,"angle":45,"layers":{"0":{},"1":{"z":1000.0},"2":{"z":2000.0},"3":{"z":2000.0}},"directions":{"2":{},"4":{}},"animations":{"0":{"layers":{"0":{"frameSequences":{"0":{"frames":{"0":{"id":0}}}}},"1":{"frameSequences":{"0":{"frames":{"0":{"id":0}}}}},"2":{"frameSequences":{"0":{"frames":{"0":{"id":0}}}}},"3":{"loopCount":0,"frameRepeat":2,"random":1,"frameSequences":{"0":{"frames":{"0":{"id":0},"1":{"id":0},"2":{"id":0},"3":{"id":0},"4":{"id":0},"5":{"id":0},"6":{"id":0}}},"1":{"frames":{"0":{"id":6},"1":{"id":7},"2":{"id":8},"3":{"id":9},"4":{"id":10},"5":{"id":11},"6":{"id":12},"7":{"id":13},"8":{"id":14},"9":{"id":15},"10":{"id":16},"11":{"id":17},"12":{"id":18},"13":{"id":19},"14":{"id":20},"15":{"id":21},"16":{"id":22},"17":{"id":23},"18":{"id":24},"19":{"id":25},"20":{"id":26},"21":{"id":27},"22":{"id":28},"23":{"id":29},"24":{"id":30},"25":{"id":31},"26":{"id":31},"27":{"id":31},"28":{"id":31},"29":{"id":31},"30":{"id":31},"31":{"id":31},"32":{"id":32},"33":{"id":32},"34":{"id":32},"35":{"id":32},"36":{"id":32},"37":{"id":32},"38":{"id":33},"39":{"id":33},"40":{"id":33},"41":{"id":32},"42":{"id":32},"43":{"id":32},"44":{"id":32},"45":{"id":32},"46":{"id":32},"47":{"id":32},"48":{"id":32},"49":{"id":32},"50":{"id":32},"51":{"id":33},"52":{"id":33},"53":{"id":33},"54":{"id":33},"55":{"id":33},"56":{"id":33},"57":{"id":34},"58":{"id":34},"59":{"id":34},"60":{"id":33},"61":{"id":33},"62":{"id":33},"63":{"id":33},"64":{"id":33},"65":{"id":33},"66":{"id":33},"67":{"id":33},"68":{"id":33},"69":{"id":33},"70":{"id":35},"71":{"id":36},"72":{"id":37},"73":{"id":38},"74":{"id":39},"75":{"id":40},"76":{"id":41},"77":{"id":42},"78":{"id":43},"79":{"id":44},"80":{"id":44},"81":{"id":44},"82":{"id":43},"83":{"id":43},"84":{"id":43},"85":{"id":43},"86":{"id":43},"87":{"id":43},"88":{"id":45},"89":{"id":45},"90":{"id":45},"91":{"id":45},"92":{"id":45},"93":{"id":46},"94":{"id":46},"95":{"id":46},"96":{"id":46},"97":{"id":46},"98":{"id":0},"99":{"id":0},"100":{"id":0},"101":{"id":0},"102":{"id":0},"103":{"id":0},"104":{"id":0}}},"2":{"frames":{"0":{"id":0},"1":{"id":0},"2":{"id":0},"3":{"id":0},"4":{"id":0},"5":{"id":0},"6":{"id":0},"7":{"id":0},"8":{"id":0},"9":{"id":0},"10":{"id":0},"11":{"id":0},"12":{"id":0},"13":{"id":0},"14":{"id":0},"15":{"id":0},"16":{"id":0},"17":{"id":0},"18":{"id":0},"19":{"id":0},"20":{"id":0},"21":{"id":0},"22":{"id":0},"23":{"id":0},"24":{"id":0},"25":{"id":0},"26":{"id":0},"27":{"id":0},"28":{"id":0},"29":{"id":0},"30":{"id":0},"31":{"id":0},"32":{"id":0},"33":{"id":0},"34":{"id":0},"35":{"id":0},"36":{"id":0},"37":{"id":0},"38":{"id":0},"39":{"id":0},"40":{"id":0},"41":{"id":0}}},"3":{"frames":{"0":{"id":0},"1":{"id":0},"2":{"id":0},"3":{"id":0},"4":{"id":0},"5":{"id":0},"6":{"id":0},"7":{"id":0},"8":{"id":0},"9":{"id":0},"10":{"id":0},"11":{"id":0},"12":{"id":0},"13":{"id":0},"14":{"id":0},"15":{"id":0},"16":{"id":0},"17":{"id":0},"18":{"id":0},"19":{"id":0},"20":{"id":0},"21":{"id":0}}},"4":{"frames":{"0":{"id":0},"1":{"id":0},"2":{"id":0},"3":{"id":0},"4":{"id":0},"5":{"id":0},"6":{"id":0},"7":{"id":0},"8":{"id":0},"9":{"id":0},"10":{"id":0},"11":{"id":0},"12":{"id":0}}},"5":{"frames":{"0":{"id":0},"1":{"id":1},"2":{"id":1},"3":{"id":0},"4":{"id":0},"5":{"id":1},"6":{"id":1},"7":{"id":0},"8":{"id":0}}},"6":{"frames":{"0":{"id":0},"1":{"id":0},"2":{"id":0},"3":{"id":2},"4":{"id":2}}},"7":{"frames":{"0":{"id":0},"1":{"id":0},"2":{"id":0},"3":{"id":0},"4":{"id":0},"5":{"id":2},"6":{"id":2},"7":{"id":2}}},"8":{"frames":{"0":{"id":2},"1":{"id":2},"2":{"id":2},"3":{"id":0},"4":{"id":0},"5":{"id":0},"6":{"id":0},"7":{"id":0},"8":{"id":0},"9":{"id":0}}},"9":{"frames":{"0":{"id":0},"1":{"id":0},"2":{"id":0},"3":{"id":0},"4":{"id":0},"5":{"id":0},"6":{"id":2},"7":{"id":2},"8":{"id":2}}},"10":{"frames":{"0":{"id":2},"1":{"id":2},"2":{"id":2},"3":{"id":0},"4":{"id":0},"5":{"id":0},"6":{"id":0},"7":{"id":0}}},"11":{"frames":{"0":{"id":3},"1":{"id":3},"2":{"id":4},"3":{"id":4},"4":{"id":4},"5":{"id":4},"6":{"id":4},"7":{"id":4},"8":{"id":4},"9":{"id":4},"10":{"id":4},"11":{"id":3},"12":{"id":3}}},"12":{"frames":{"0":{"id":3},"1":{"id":3},"2":{"id":4},"3":{"id":4},"4":{"id":4},"5":{"id":4},"6":{"id":4},"7":{"id":4},"8":{"id":4},"9":{"id":4},"10":{"id":4},"11":{"id":4},"12":{"id":3},"13":{"id":3}}},"13":{"frames":{"0":{"id":3},"1":{"id":3},"2":{"id":4},"3":{"id":4},"4":{"id":4},"5":{"id":4},"6":{"id":4},"7":{"id":4},"8":{"id":4},"9":{"id":4},"10":{"id":4},"11":{"id":4},"12":{"id":4},"13":{"id":4},"14":{"id":4},"15":{"id":4},"16":{"id":4},"17":{"id":4},"18":{"id":4},"19":{"id":4},"20":{"id":4},"21":{"id":4},"22":{"id":4},"23":{"id":4},"24":{"id":4},"25":{"id":4},"26":{"id":4},"27":{"id":4},"28":{"id":4},"29":{"id":4},"30":{"id":4},"31":{"id":4},"32":{"id":4},"33":{"id":4},"34":{"id":4},"35":{"id":4},"36":{"id":4},"37":{"id":4},"38":{"id":4},"39":{"id":4},"40":{"id":4},"41":{"id":3},"42":{"id":3}}},"14":{"frames":{"0":{"id":0},"1":{"id":0},"2":{"id":5},"3":{"id":5},"4":{"id":5},"5":{"id":5},"6":{"id":5},"7":{"id":5},"8":{"id":5},"9":{"id":5},"10":{"id":5},"11":{"id":5},"12":{"id":5},"13":{"id":5},"14":{"id":5},"15":{"id":5},"16":{"id":5},"17":{"id":5},"18":{"id":5},"19":{"id":5},"20":{"id":5},"21":{"id":5},"22":{"id":5},"23":{"id":5},"24":{"id":5},"25":{"id":5},"26":{"id":5},"27":{"id":5},"28":{"id":0},"29":{"id":0},"30":{"id":0},"31":{"id":0},"32":{"id":0},"33":{"id":0},"34":{"id":0},"35":{"id":0},"36":{"id":0},"37":{"id":0},"38":{"id":0},"39":{"id":0},"40":{"id":0},"41":{"id":0},"42":{"id":0}}},"15":{"frames":{"0":{"id":0},"1":{"id":0},"2":{"id":5},"3":{"id":5},"4":{"id":5},"5":{"id":5},"6":{"id":5},"7":{"id":5},"8":{"id":5},"9":{"id":5},"10":{"id":5},"11":{"id":5},"12":{"id":5},"13":{"id":5},"14":{"id":5},"15":{"id":5},"16":{"id":5},"17":{"id":5},"18":{"id":5},"19":{"id":5},"20":{"id":5},"21":{"id":5},"22":{"id":5},"23":{"id":5},"24":{"id":5},"25":{"id":5},"26":{"id":5},"27":{"id":5},"28":{"id":0},"29":{"id":0},"30":{"id":0},"31":{"id":0},"32":{"id":0},"33":{"id":0},"34":{"id":0},"35":{"id":0},"36":{"id":0},"37":{"id":0},"38":{"id":0},"39":{"id":0},"40":{"id":0},"41":{"id":0},"42":{"id":0}}},"16":{"frames":{"0":{"id":0},"1":{"id":0},"2":{"id":5},"3":{"id":5},"4":{"id":5},"5":{"id":5},"6":{"id":5},"7":{"id":5},"8":{"id":5},"9":{"id":5},"10":{"id":5},"11":{"id":5},"12":{"id":5},"13":{"id":5},"14":{"id":5},"15":{"id":5},"16":{"id":5},"17":{"id":5},"18":{"id":5},"19":{"id":5},"20":{"id":5},"21":{"id":5},"22":{"id":5},"23":{"id":5},"24":{"id":5},"25":{"id":5},"26":{"id":5},"27":{"id":5},"28":{"id":0},"29":{"id":0},"30":{"id":0},"31":{"id":0},"32":{"id":0},"33":{"id":0},"34":{"id":0},"35":{"id":0},"36":{"id":0},"37":{"id":0},"38":{"id":0},"39":{"id":0},"40":{"id":0},"41":{"id":0},"42":{"id":0}}},"17":{"frames":{"0":{"id":0},"1":{"id":1},"2":{"id":1},"3":{"id":0},"4":{"id":0},"5":{"id":1},"6":{"id":1},"7":{"id":0},"8":{"id":0}}},"18":{"frames":{"0":{"id":0},"1":{"id":1},"2":{"id":1},"3":{"id":0},"4":{"id":0},"5":{"id":1},"6":{"id":1},"7":{"id":0},"8":{"id":0}}},"19":{"frames":{"0":{"id":0},"1":{"id":1},"2":{"id":1},"3":{"id":0},"4":{"id":0},"5":{"id":1},"6":{"id":1},"7":{"id":0},"8":{"id":0}}},"20":{"frames":{"0":{"id":0},"1":{"id":0},"2":{"id":0},"3":{"id":0},"4":{"id":7},"5":{"id":7},"6":{"id":7},"7":{"id":7},"8":{"id":7},"9":{"id":7},"10":{"id":8},"11":{"id":8},"12":{"id":8},"13":{"id":8},"14":{"id":8},"15":{"id":8},"16":{"id":7},"17":{"id":7},"18":{"id":7},"19":{"id":7},"20":{"id":7},"21":{"id":7},"22":{"id":0},"23":{"id":0},"24":{"id":0},"25":{"id":0}}},"21":{"frames":{"0":{"id":0},"1":{"id":0},"2":{"id":0},"3":{"id":0},"4":{"id":0},"5":{"id":0},"6":{"id":0},"7":{"id":0},"8":{"id":0},"9":{"id":0},"10":{"id":0},"11":{"id":0},"12":{"id":0},"13":{"id":0},"14":{"id":0},"15":{"id":0},"16":{"id":0},"17":{"id":0}}},"22":{"frames":{"0":{"id":0},"1":{"id":0},"2":{"id":0},"3":{"id":0},"4":{"id":0},"5":{"id":0},"6":{"id":0},"7":{"id":0},"8":{"id":0},"9":{"id":0},"10":{"id":0},"11":{"id":0},"12":{"id":0},"13":{"id":0},"14":{"id":0},"15":{"id":0},"16":{"id":0},"17":{"id":0},"18":{"id":0},"19":{"id":0},"20":{"id":0},"21":{"id":0},"22":{"id":0},"23":{"id":0},"24":{"id":0},"25":{"id":0},"26":{"id":0},"27":{"id":0},"28":{"id":0},"29":{"id":0},"30":{"id":0},"31":{"id":0},"32":{"id":0},"33":{"id":0},"34":{"id":0},"35":{"id":0},"36":{"id":0},"37":{"id":0},"38":{"id":0},"39":{"id":0},"40":{"id":0},"41":{"id":0},"42":{"id":0},"43":{"id":0},"44":{"id":0},"45":{"id":0},"46":{"id":0},"47":{"id":0},"48":{"id":0},"49":{"id":0},"50":{"id":0},"51":{"id":0}}},"23":{"frames":{"0":{"id":0},"1":{"id":0},"2":{"id":0},"3":{"id":0},"4":{"id":0},"5":{"id":0},"6":{"id":0},"7":{"id":0},"8":{"id":0},"9":{"id":0},"10":{"id":0},"11":{"id":0},"12":{"id":0},"13":{"id":0},"14":{"id":0},"15":{"id":0},"16":{"id":0},"17":{"id":0},"18":{"id":0},"19":{"id":0},"20":{"id":0},"21":{"id":0},"22":{"id":0},"23":{"id":0},"24":{"id":0},"25":{"id":0},"26":{"id":0},"27":{"id":0},"28":{"id":0},"29":{"id":0},"30":{"id":0},"31":{"id":0},"32":{"id":0},"33":{"id":0}}},"24":{"frames":{"0":{"id":0},"1":{"id":0},"2":{"id":0},"3":{"id":0},"4":{"id":0},"5":{"id":0},"6":{"id":0},"7":{"id":0},"8":{"id":0},"9":{"id":0},"10":{"id":0},"11":{"id":0},"12":{"id":0},"13":{"id":0},"14":{"id":0},"15":{"id":0},"16":{"id":0},"17":{"id":0},"18":{"id":0},"19":{"id":0},"20":{"id":0},"21":{"id":0},"22":{"id":0},"23":{"id":0},"24":{"id":0},"25":{"id":0},"26":{"id":0},"27":{"id":0},"28":{"id":0},"29":{"id":0},"30":{"id":0},"31":{"id":0},"32":{"id":0},"33":{"id":0}}}}}}}}}}