{"meta":{"app":"FFConverter ~ Joopie","format":"RGBA8888","image":"anc_artifact3.png","scale":"1.0","size":{"w":256,"h":256},"version":"1.0"},"frames":{"anc_artifact3_anc_artifact3_64_d_2_4.png":{"frame":{"x":92,"y":2,"w":20,"h":23},"sourceSize":{"w":20,"h":23},"spriteSourceSize":{"x":0,"y":0,"w":20,"h":23},"rotated":false,"trimmed":false},"anc_artifact3_anc_artifact3_64_a_2_0.png":{"frame":{"x":99,"y":59,"w":54,"h":177},"sourceSize":{"w":54,"h":177},"spriteSourceSize":{"x":0,"y":0,"w":54,"h":177},"rotated":false,"trimmed":false},"anc_artifact3_anc_artifact3_64_d_2_15.png":{"frame":{"x":186,"y":211,"w":30,"h":25},"sourceSize":{"w":30,"h":25},"spriteSourceSize":{"x":0,"y":0,"w":30,"h":25},"rotated":false,"trimmed":false},"anc_artifact3_anc_artifact3_64_d_2_6.png":{"frame":{"x":213,"y":154,"w":22,"h":25},"sourceSize":{"w":22,"h":25},"spriteSourceSize":{"x":0,"y":0,"w":22,"h":25},"rotated":false,"trimmed":false},"anc_artifact3_anc_artifact3_64_d_2_14.png":{"frame":{"x":218,"y":211,"w":28,"h":25},"sourceSize":{"w":28,"h":25},"spriteSourceSize":{"x":0,"y":0,"w":28,"h":25},"rotated":false,"trimmed":false},"anc_artifact3_anc_artifact3_64_d_2_7.png":{"frame":{"x":155,"y":93,"w":25,"h":27},"sourceSize":{"w":25,"h":27},"spriteSourceSize":{"x":0,"y":0,"w":25,"h":27},"rotated":false,"trimmed":false},"anc_artifact3_anc_artifact3_64_d_2_2.png":{"frame":{"x":139,"y":4,"w":22,"h":23},"sourceSize":{"w":22,"h":23},"spriteSourceSize":{"x":0,"y":0,"w":22,"h":23},"rotated":false,"trimmed":false},"anc_artifact3_anc_artifact3_64_d_2_32.png":{"frame":{"x":186,"y":153,"w":25,"h":28},"sourceSize":{"w":25,"h":28},"spriteSourceSize":{"x":0,"y":0,"w":25,"h":28},"rotated":false,"trimmed":false},"anc_artifact3_anc_artifact3_64_d_2_0.png":{"frame":{"x":177,"y":68,"w":22,"h":23},"sourceSize":{"w":22,"h":23},"spriteSourceSize":{"x":0,"y":0,"w":22,"h":23},"rotated":false,"trimmed":false},"anc_artifact3_anc_artifact3_64_d_2_34.png":{"frame":{"x":154,"y":29,"w":22,"h":28},"sourceSize":{"w":22,"h":28},"spriteSourceSize":{"x":0,"y":0,"w":22,"h":28},"rotated":false,"trimmed":false},"anc_artifact3_anc_artifact3_64_d_2_36.png":{"frame":{"x":155,"y":152,"w":29,"h":26},"sourceSize":{"w":29,"h":26},"spriteSourceSize":{"x":0,"y":0,"w":29,"h":26},"rotated":false,"trimmed":false},"anc_artifact3_anc_artifact3_icon_a.png":{"frame":{"x":155,"y":59,"w":20,"h":32},"sourceSize":{"w":20,"h":32},"spriteSourceSize":{"x":0,"y":0,"w":20,"h":32},"rotated":false,"trimmed":false},"anc_artifact3_anc_artifact3_64_d_2_35.png":{"frame":{"x":155,"y":180,"w":29,"h":27},"sourceSize":{"w":29,"h":27},"spriteSourceSize":{"x":0,"y":0,"w":29,"h":27},"rotated":false,"trimmed":false},"anc_artifact3_anc_artifact3_64_d_2_46.png":{"frame":{"x":217,"y":181,"w":22,"h":28},"sourceSize":{"w":22,"h":28},"spriteSourceSize":{"x":0,"y":0,"w":22,"h":28},"rotated":false,"trimmed":false},"anc_artifact3_anc_artifact3_64_d_2_3.png":{"frame":{"x":163,"y":4,"w":20,"h":23},"sourceSize":{"w":20,"h":23},"spriteSourceSize":{"x":0,"y":0,"w":20,"h":23},"rotated":false,"trimmed":false},"anc_artifact3_anc_artifact3_64_d_2_43.png":{"frame":{"x":99,"y":29,"w":29,"h":28},"sourceSize":{"w":29,"h":28},"spriteSourceSize":{"x":0,"y":0,"w":29,"h":28},"rotated":false,"trimmed":false},"anc_artifact3_anc_artifact3_64_d_2_8.png":{"frame":{"x":155,"y":122,"w":25,"h":28},"sourceSize":{"w":25,"h":28},"spriteSourceSize":{"x":0,"y":0,"w":25,"h":28},"rotated":false,"trimmed":false},"anc_artifact3_anc_artifact3_64_d_2_5.png":{"frame":{"x":65,"y":2,"w":25,"h":23},"sourceSize":{"w":25,"h":23},"spriteSourceSize":{"x":0,"y":0,"w":25,"h":23},"rotated":false,"trimmed":false},"anc_artifact3_anc_artifact3_64_c_2_0.png":{"frame":{"x":2,"y":2,"w":61,"h":234},"sourceSize":{"w":61,"h":234},"spriteSourceSize":{"x":0,"y":0,"w":61,"h":234},"rotated":false,"trimmed":false},"anc_artifact3_anc_artifact3_64_d_2_44.png":{"frame":{"x":186,"y":183,"w":29,"h":26},"sourceSize":{"w":29,"h":26},"spriteSourceSize":{"x":0,"y":0,"w":29,"h":26},"rotated":false,"trimmed":false},"anc_artifact3_anc_artifact3_64_b_2_0.png":{"frame":{"x":65,"y":27,"w":32,"h":209},"sourceSize":{"w":32,"h":209},"spriteSourceSize":{"x":0,"y":0,"w":32,"h":209},"rotated":false,"trimmed":false},"anc_artifact3_anc_artifact3_64_d_2_1.png":{"frame":{"x":114,"y":4,"w":23,"h":23},"sourceSize":{"w":23,"h":23},"spriteSourceSize":{"x":0,"y":0,"w":23,"h":23},"rotated":false,"trimmed":false},"anc_artifact3_anc_artifact3_64_d_2_33.png":{"frame":{"x":130,"y":29,"w":22,"h":28},"sourceSize":{"w":22,"h":28},"spriteSourceSize":{"x":0,"y":0,"w":22,"h":28},"rotated":false,"trimmed":false},"anc_artifact3_anc_artifact3_64_d_2_37.png":{"frame":{"x":155,"y":209,"w":29,"h":27},"sourceSize":{"w":29,"h":27},"spriteSourceSize":{"x":0,"y":0,"w":29,"h":27},"rotated":false,"trimmed":false}}}