{"meta":{"app":"FFConverter ~ Joopie","format":"RGBA8888","image":"ads_twi_bwall1.png","scale":"1.0","size":{"w":512,"h":256},"version":"1.0"},"frames":{"ads_twi_bwall1_ads_twi_bwall1_64_a_2_0.png":{"frame":{"x":215,"y":110,"w":63,"h":124},"sourceSize":{"w":63,"h":124},"spriteSourceSize":{"x":0,"y":0,"w":63,"h":124},"rotated":false,"trimmed":false},"ads_twi_bwall1_ads_twi_bwall1_icon_a.png":{"frame":{"x":215,"y":78,"w":20,"h":30},"sourceSize":{"w":20,"h":30},"spriteSourceSize":{"x":0,"y":0,"w":20,"h":30},"rotated":false,"trimmed":false},"ads_twi_bwall1_ads_twi_bwall1_64_b_2_2.png":{"frame":{"x":2,"y":2,"w":69,"h":232},"sourceSize":{"w":69,"h":232},"spriteSourceSize":{"x":0,"y":0,"w":69,"h":232},"rotated":false,"trimmed":false},"ads_twi_bwall1_ads_twi_bwall1_64_b_2_1.png":{"frame":{"x":73,"y":2,"w":69,"h":232},"sourceSize":{"w":69,"h":232},"spriteSourceSize":{"x":0,"y":0,"w":69,"h":232},"rotated":false,"trimmed":false},"ads_twi_bwall1_ads_twi_bwall1_64_b_2_0.png":{"frame":{"x":144,"y":2,"w":69,"h":232},"sourceSize":{"w":69,"h":232},"spriteSourceSize":{"x":0,"y":0,"w":69,"h":232},"rotated":false,"trimmed":false}}}