{"type":"furniture","name":"ads_twi_bwall1","visualizationType":"furniture_animated","logicType":"furniture_multistate","spritesheet":"ads_twi_bwall1_spritesheet.json","dimensions":{"x":1.9688,"y":0.2,"z":2.9063},"directions":[90,180],"assets":{"ads_twi_bwall1_64_b_2_2":{"x":37,"y":145},"ads_twi_bwall1_64_b_4_0":{"source":"ads_twi_bwall1_64_b_2_0","x":37,"y":145,"flipH":true},"ads_twi_bwall1_icon_a":{"x":10,"y":15},"ads_twi_bwall1_64_b_2_1":{"x":37,"y":145},"ads_twi_bwall1_64_b_4_2":{"source":"ads_twi_bwall1_64_b_2_2","x":37,"y":145,"flipH":true},"ads_twi_bwall1_64_a_4_0":{"source":"ads_twi_bwall1_64_a_2_0","x":34,"y":42,"flipH":true},"ads_twi_bwall1_64_b_4_1":{"source":"ads_twi_bwall1_64_b_2_1","x":37,"y":145,"flipH":true},"ads_twi_bwall1_64_a_2_0":{"x":34,"y":42},"ads_twi_bwall1_64_b_2_0":{"x":37,"y":145}},"visualization":{"layerCount":2,"angle":45,"layers":{"0":{"z":-1900.0},"1":{"z":-3000.0}},"directions":{"2":{},"4":{}},"animations":{"0":{"layers":{"0":{"frameSequences":{"0":{"frames":{"0":{"id":0}}}}},"1":{"frameSequences":{"0":{"frames":{"0":{"id":0}}}}}}},"1":{"layers":{"1":{"frameSequences":{"0":{"frames":{"0":{"id":1}}}}}}},"2":{"layers":{"1":{"frameSequences":{"0":{"frames":{"0":{"id":2}}}}}}}}}}