{"type":"furniture","name":"ads_idol_carpet","visualizationType":"furniture_static","logicType":"furniture_basic","spritesheet":"ads_idol_carpet_spritesheet.json","dimensions":{"x":2.0,"y":7.0,"z":0.0},"directions":[0,90,180,270],"assets":{"ads_idol_carpet_icon_a":{"x":12,"y":9},"ads_idol_carpet_64_b_6_0":{"x":-45,"y":-38},"ads_idol_carpet_64_a_6_0":{"x":62,"y":16},"ads_idol_carpet_64_a_4_0":{"x":108,"y":16},"ads_idol_carpet_64_b_2_0":{"x":-45,"y":-38},"ads_idol_carpet_64_a_2_0":{"x":62,"y":16},"ads_idol_carpet_64_b_4_0":{"x":223,"y":-38},"ads_idol_carpet_64_a_0_0":{"x":108,"y":16},"ads_idol_carpet_64_b_0_0":{"x":223,"y":-38}},"visualization":{"layerCount":2,"angle":45,"layers":{"0":{"z":-3000.0},"1":{"z":-3001.0}},"directions":{"0":{},"2":{},"4":{},"6":{}}}}