{"meta":{"app":"FFConverter ~ Joopie","format":"RGBA8888","image":"ads_idol_carpet.png","scale":"1.0","size":{"w":2048,"h":128},"version":"1.0"},"frames":{"ads_idol_carpet_ads_idol_carpet_64_a_2_0.png":{"frame":{"x":730,"y":25,"w":172,"h":86},"sourceSize":{"w":172,"h":86},"spriteSourceSize":{"x":0,"y":0,"w":172,"h":86},"rotated":false,"trimmed":false},"ads_idol_carpet_ads_idol_carpet_64_b_2_0.png":{"frame":{"x":184,"y":20,"w":180,"h":91},"sourceSize":{"w":180,"h":91},"spriteSourceSize":{"x":0,"y":0,"w":180,"h":91},"rotated":false,"trimmed":false},"ads_idol_carpet_ads_idol_carpet_64_a_6_0.png":{"frame":{"x":1252,"y":25,"w":172,"h":86},"sourceSize":{"w":172,"h":86},"spriteSourceSize":{"x":0,"y":0,"w":172,"h":86},"rotated":false,"trimmed":false},"ads_idol_carpet_ads_idol_carpet_64_b_0_0.png":{"frame":{"x":548,"y":20,"w":180,"h":91},"sourceSize":{"w":180,"h":91},"spriteSourceSize":{"x":0,"y":0,"w":180,"h":91},"rotated":false,"trimmed":false},"ads_idol_carpet_ads_idol_carpet_64_b_6_0.png":{"frame":{"x":366,"y":20,"w":180,"h":91},"sourceSize":{"w":180,"h":91},"spriteSourceSize":{"x":0,"y":0,"w":180,"h":91},"rotated":false,"trimmed":false},"ads_idol_carpet_ads_idol_carpet_icon_a.png":{"frame":{"x":2,"y":2,"w":30,"h":16},"sourceSize":{"w":30,"h":16},"spriteSourceSize":{"x":0,"y":0,"w":30,"h":16},"rotated":false,"trimmed":false},"ads_idol_carpet_ads_idol_carpet_64_a_4_0.png":{"frame":{"x":904,"y":25,"w":172,"h":86},"sourceSize":{"w":172,"h":86},"spriteSourceSize":{"x":0,"y":0,"w":172,"h":86},"rotated":false,"trimmed":false},"ads_idol_carpet_ads_idol_carpet_64_b_4_0.png":{"frame":{"x":2,"y":20,"w":180,"h":91},"sourceSize":{"w":180,"h":91},"spriteSourceSize":{"x":0,"y":0,"w":180,"h":91},"rotated":false,"trimmed":false},"ads_idol_carpet_ads_idol_carpet_64_a_0_0.png":{"frame":{"x":1078,"y":25,"w":172,"h":86},"sourceSize":{"w":172,"h":86},"spriteSourceSize":{"x":0,"y":0,"w":172,"h":86},"rotated":false,"trimmed":false}}}