{"type":"furniture","name":"ads_m6_floor","visualizationType":"furniture_animated","logicType":"furniture_multistate","spritesheet":"ads_m6_floor_spritesheet.json","dimensions":{"x":2.0,"y":2.0,"z":1.0},"directions":[90,180],"assets":{"ads_m6_floor_64_a_2_1":{"x":65,"y":16},"ads_m6_floor_64_a_2_0":{"x":65,"y":16},"ads_m6_floor_icon_a":{"x":15,"y":15},"ads_m6_floor_64_a_4_1":{"x":71,"y":17},"ads_m6_floor_64_a_4_0":{"x":71,"y":17}},"visualization":{"layerCount":1,"angle":45,"layers":{"0":{"z":-2900.0}},"directions":{"2":{},"4":{}},"animations":{"1":{"layers":{"0":{"frameSequences":{"0":{"frames":{"0":{"id":1}}}}}}}}}}