{"meta":{"app":"FFConverter ~ Joopie","format":"RGBA8888","image":"ads_m6_floor.png","scale":"1.0","size":{"w":1024,"h":128},"version":"1.0"},"frames":{"ads_m6_floor_ads_m6_floor_64_a_4_1.png":{"frame":{"x":2,"y":34,"w":136,"h":70},"sourceSize":{"w":136,"h":70},"spriteSourceSize":{"x":0,"y":0,"w":136,"h":70},"rotated":false,"trimmed":false},"ads_m6_floor_ads_m6_floor_64_a_4_0.png":{"frame":{"x":140,"y":34,"w":136,"h":70},"sourceSize":{"w":136,"h":70},"spriteSourceSize":{"x":0,"y":0,"w":136,"h":70},"rotated":false,"trimmed":false},"ads_m6_floor_ads_m6_floor_icon_a.png":{"frame":{"x":2,"y":2,"w":30,"h":30},"sourceSize":{"w":30,"h":30},"spriteSourceSize":{"x":0,"y":0,"w":30,"h":30},"rotated":false,"trimmed":false},"ads_m6_floor_ads_m6_floor_64_a_2_1.png":{"frame":{"x":278,"y":35,"w":137,"h":69},"sourceSize":{"w":137,"h":69},"spriteSourceSize":{"x":0,"y":0,"w":137,"h":69},"rotated":false,"trimmed":false},"ads_m6_floor_ads_m6_floor_64_a_2_0.png":{"frame":{"x":417,"y":35,"w":137,"h":69},"sourceSize":{"w":137,"h":69},"spriteSourceSize":{"x":0,"y":0,"w":137,"h":69},"rotated":false,"trimmed":false}}}