{"type":"furniture","name":"ads_capri_tree","visualizationType":"furniture_static","logicType":"furniture_basic","spritesheet":"ads_capri_tree_spritesheet.json","dimensions":{"x":1.0,"y":1.0,"z":1.0},"directions":[90,180],"assets":{"ads_capri_tree_64_a_2_0":{"x":52,"y":155},"ads_capri_tree_64_sd_2_0":{"x":23,"y":4},"ads_capri_tree_64_a_4_0":{"source":"ads_capri_tree_64_a_2_0","x":52,"y":155,"flipH":true},"ads_capri_tree_64_sd_4_0":{"source":"ads_capri_tree_64_sd_2_0","x":23,"y":4,"flipH":true},"ads_capri_tree_icon_a":{"x":10,"y":15}},"visualization":{"layerCount":1,"angle":45,"directions":{"2":{},"4":{}}}}