{"meta":{"app":"FFConverter ~ Joopie","format":"RGBA8888","image":"ads_capri_tree.png","scale":"1.0","size":{"w":128,"h":256},"version":"1.0"},"frames":{"ads_capri_tree_ads_capri_tree_64_sd_2_0.png":{"frame":{"x":2,"y":2,"w":43,"h":16},"sourceSize":{"w":43,"h":16},"spriteSourceSize":{"x":0,"y":0,"w":43,"h":16},"rotated":false,"trimmed":false},"ads_capri_tree_ads_capri_tree_64_a_2_0.png":{"frame":{"x":2,"y":20,"w":101,"h":164},"sourceSize":{"w":101,"h":164},"spriteSourceSize":{"x":0,"y":0,"w":101,"h":164},"rotated":false,"trimmed":false},"ads_capri_tree_ads_capri_tree_icon_a.png":{"frame":{"x":105,"y":154,"w":20,"h":30},"sourceSize":{"w":20,"h":30},"spriteSourceSize":{"x":0,"y":0,"w":20,"h":30},"rotated":false,"trimmed":false}}}