{"meta":{"app":"FFConverter ~ Joopie","format":"RGBA8888","image":"anc_mossyrock.png","scale":"1.0","size":{"w":128,"h":64},"version":"1.0"},"frames":{"anc_mossyrock_anc_mossyrock_icon_a.png":{"frame":{"x":60,"y":22,"w":27,"h":21},"sourceSize":{"w":27,"h":21},"spriteSourceSize":{"x":0,"y":0,"w":27,"h":21},"rotated":false,"trimmed":false},"anc_mossyrock_anc_mossyrock_64_a_4_0.png":{"frame":{"x":2,"y":2,"w":56,"h":41},"sourceSize":{"w":56,"h":41},"spriteSourceSize":{"x":0,"y":0,"w":56,"h":41},"rotated":false,"trimmed":false}}}