{"type":"furniture","name":"anc_mossyrock","visualizationType":"furniture_static","logicType":"furniture_basic","spritesheet":"anc_mossyrock_spritesheet.json","dimensions":{"x":1.0,"y":1.0,"z":0.7},"directions":[0,180,90,270],"assets":{"anc_mossyrock_icon_a":{"x":13,"y":11},"anc_mossyrock_64_a_2_0":{"source":"anc_mossyrock_64_a_4_0","x":26,"y":24,"flipH":true},"anc_mossyrock_64_a_4_0":{"x":26,"y":24},"anc_mossyrock_64_a_6_0":{"source":"anc_mossyrock_64_a_4_0","x":26,"y":24,"flipH":true},"anc_mossyrock_64_a_0_0":{"source":"anc_mossyrock_64_a_4_0","x":26,"y":24}},"visualization":{"layerCount":1,"angle":45,"directions":{"0":{},"2":{},"4":{},"6":{}}}}