{"type":"furniture","name":"anc_artifact1","visualizationType":"furniture_animated","logicType":"furniture_multistate","spritesheet":"anc_artifact1_spritesheet.json","dimensions":{"x":2.0,"y":3.0,"z":1.0},"directions":[90,180],"assets":{"anc_artifact1_64_g_4_5":{"source":"anc_artifact1_64_g_2_5","x":-41,"y":85,"flipH":true},"anc_artifact1_64_g_4_6":{"source":"anc_artifact1_64_g_2_6","x":-38,"y":88,"flipH":true},"anc_artifact1_64_g_2_5":{"x":-41,"y":85},"anc_artifact1_64_g_4_3":{"source":"anc_artifact1_64_g_2_6","x":-58,"y":100,"flipH":true},"anc_artifact1_64_g_2_6":{"x":-38,"y":88},"anc_artifact1_64_g_4_4":{"source":"anc_artifact1_64_g_2_4","x":-44,"y":82,"flipH":true},"anc_artifact1_64_b_4_0":{"source":"anc_artifact1_64_b_2_0","x":69,"y":66,"flipH":true},"anc_artifact1_64_g_2_0":{"source":"anc_artifact1_32_g_2_0","x":-56,"y":90},"anc_artifact1_64_a_4_0":{"source":"anc_artifact1_64_a_2_0","x":32,"y":56,"flipH":true},"anc_artifact1_64_a_2_0":{"x":32,"y":56},"anc_artifact1_64_g_2_3":{"source":"anc_artifact1_64_g_2_6","x":-58,"y":100},"anc_artifact1_64_g_4_1":{"source":"anc_artifact1_64_g_2_4","x":-64,"y":94,"flipH":true},"anc_artifact1_64_g_2_4":{"x":-44,"y":82},"anc_artifact1_64_g_4_2":{"source":"anc_artifact1_64_g_2_5","x":-61,"y":97,"flipH":true},"anc_artifact1_64_g_2_1":{"source":"anc_artifact1_64_g_2_4","x":-64,"y":94},"anc_artifact1_64_g_2_2":{"source":"anc_artifact1_64_g_2_5","x":-61,"y":97},"anc_artifact1_64_g_4_0":{"source":"anc_artifact1_32_g_2_0","x":-56,"y":90,"flipH":true},"anc_artifact1_64_f_2_6":{"x":-50,"y":69},"anc_artifact1_64_f_4_4":{"source":"anc_artifact1_64_f_2_4","x":-45,"y":63,"flipH":true},"anc_artifact1_64_f_2_7":{"x":-53,"y":68},"anc_artifact1_64_f_4_5":{"source":"anc_artifact1_64_f_2_5","x":-48,"y":66,"flipH":true},"anc_artifact1_64_f_4_6":{"source":"anc_artifact1_64_f_2_6","x":-50,"y":69,"flipH":true},"anc_artifact1_64_f_4_7":{"source":"anc_artifact1_64_f_2_7","x":-53,"y":68,"flipH":true},"anc_artifact1_64_f_2_2":{"x":-39,"y":61},"anc_artifact1_64_f_4_0":{"source":"anc_artifact1_32_g_2_0","x":-56,"y":90,"flipH":true},"anc_artifact1_64_f_2_3":{"x":-42,"y":61},"anc_artifact1_64_f_4_1":{"source":"anc_artifact1_64_f_2_1","x":-39,"y":61,"flipH":true},"anc_artifact1_64_b_2_0":{"x":69,"y":66},"anc_artifact1_64_f_2_4":{"x":-45,"y":63},"anc_artifact1_64_f_4_2":{"source":"anc_artifact1_64_f_2_2","x":-39,"y":61,"flipH":true},"anc_artifact1_64_f_2_5":{"x":-48,"y":66},"anc_artifact1_64_f_4_3":{"source":"anc_artifact1_64_f_2_3","x":-42,"y":61,"flipH":true},"anc_artifact1_64_f_2_0":{"source":"anc_artifact1_32_g_2_0","x":-56,"y":90},"anc_artifact1_64_f_2_1":{"x":-39,"y":61},"anc_artifact1_64_d_2_0":{"x":-64,"y":94},"anc_artifact1_64_d_4_0":{"source":"anc_artifact1_64_d_2_0","x":-64,"y":94,"flipH":true},"anc_artifact1_64_c_2_0":{"x":32,"y":46},"anc_artifact1_icon_a":{"x":15,"y":15},"anc_artifact1_64_e_4_0":{"source":"anc_artifact1_64_e_2_0","x":4,"y":94,"flipH":true},"anc_artifact1_64_e_2_0":{"x":4,"y":94},"anc_artifact1_64_c_4_0":{"source":"anc_artifact1_64_c_2_0","x":32,"y":46,"flipH":true},"anc_artifact1_64_sd_4_0":{"source":"anc_artifact1_64_sd_2_0","x":52,"y":11,"flipH":true},"anc_artifact1_64_sd_2_0":{"x":52,"y":11}},"visualization":{"layerCount":7,"angle":45,"layers":{"0":{},"1":{"z":1000.0},"2":{"z":2000.0},"3":{"z":2000.0},"4":{"z":3000.0},"5":{"z":3100.0},"6":{"z":3100.0}},"directions":{"2":{},"4":{}},"animations":{"0":{"layers":{"0":{"frameSequences":{"0":{"frames":{"0":{"id":0}}}}},"1":{"frameSequences":{"0":{"frames":{"0":{"id":0}}}}},"2":{"frameSequences":{"0":{"frames":{"0":{"id":0}}}}},"3":{"frameSequences":{"0":{"frames":{"0":{"id":0}}}}},"4":{"frameSequences":{"0":{"frames":{"0":{"id":0}}}}},"5":{"loopCount":0,"frameRepeat":2,"random":1,"frameSequences":{"0":{"frames":{"0":{"id":0},"1":{"id":1},"2":{"id":2},"3":{"id":3},"4":{"id":4},"5":{"id":5},"6":{"id":6},"7":{"id":7}}},"1":{"frames":{"0":{"id":0},"1":{"id":0},"2":{"id":0},"3":{"id":0},"4":{"id":0},"5":{"id":0}}},"2":{"frames":{"0":{"id":0},"1":{"id":0},"2":{"id":0},"3":{"id":0},"4":{"id":0},"5":{"id":0}}},"3":{"frames":{"0":{"id":0},"1":{"id":0},"2":{"id":0},"3":{"id":0},"4":{"id":0},"5":{"id":0}}},"4":{"frames":{"0":{"id":0},"1":{"id":0},"2":{"id":0},"3":{"id":0},"4":{"id":0},"5":{"id":0}}}}},"6":{"loopCount":0,"frameRepeat":4,"random":1,"frameSequences":{"0":{"frames":{"0":{"id":0},"1":{"id":4},"2":{"id":5},"3":{"id":6},"4":{"id":0},"5":{"id":0},"6":{"id":0},"7":{"id":0}}},"1":{"frames":{"0":{"id":0},"1":{"id":0},"2":{"id":0},"3":{"id":0},"4":{"id":0},"5":{"id":0}}},"2":{"frames":{"0":{"id":0},"1":{"id":0},"2":{"id":0},"3":{"id":0},"4":{"id":0},"5":{"id":0}}},"3":{"frames":{"0":{"id":0},"1":{"id":0},"2":{"id":0},"3":{"id":0},"4":{"id":0},"5":{"id":0}}},"4":{"frames":{"0":{"id":1},"1":{"id":2},"2":{"id":3},"3":{"id":0},"4":{"id":0},"5":{"id":0},"6":{"id":0}}}}}}}}}}