{"meta":{"app":"FFConverter ~ Joopie","format":"RGBA8888","image":"anc_artifact1.png","scale":"1.0","size":{"w":256,"h":256},"version":"1.0"},"frames":{"anc_artifact1_anc_artifact1_64_f_2_6.png":{"frame":{"x":216,"y":201,"w":19,"h":17},"sourceSize":{"w":19,"h":17},"spriteSourceSize":{"x":0,"y":0,"w":19,"h":17},"rotated":false,"trimmed":false},"anc_artifact1_anc_artifact1_64_f_2_1.png":{"frame":{"x":250,"y":247,"w":1,"h":3},"sourceSize":{"w":1,"h":3},"spriteSourceSize":{"x":0,"y":0,"w":1,"h":3},"rotated":false,"trimmed":false},"anc_artifact1_anc_artifact1_64_a_2_0.png":{"frame":{"x":136,"y":162,"w":36,"h":21},"sourceSize":{"w":36,"h":21},"spriteSourceSize":{"x":0,"y":0,"w":36,"h":21},"rotated":false,"trimmed":false},"anc_artifact1_anc_artifact1_64_b_2_0.png":{"frame":{"x":2,"y":9,"w":49,"h":94},"sourceSize":{"w":49,"h":94},"spriteSourceSize":{"x":0,"y":0,"w":49,"h":94},"rotated":false,"trimmed":false},"anc_artifact1_anc_artifact1_64_c_2_0.png":{"frame":{"x":72,"y":93,"w":33,"h":90},"sourceSize":{"w":33,"h":90},"spriteSourceSize":{"x":0,"y":0,"w":33,"h":90},"rotated":false,"trimmed":false},"anc_artifact1_anc_artifact1_64_d_2_0.png":{"frame":{"x":107,"y":46,"w":27,"h":137},"sourceSize":{"w":27,"h":137},"spriteSourceSize":{"x":0,"y":0,"w":27,"h":137},"rotated":false,"trimmed":false},"anc_artifact1_anc_artifact1_64_f_2_3.png":{"frame":{"x":53,"y":81,"w":10,"h":3},"sourceSize":{"w":10,"h":3},"spriteSourceSize":{"x":0,"y":0,"w":10,"h":3},"rotated":false,"trimmed":false},"anc_artifact1_anc_artifact1_64_g_2_5.png":{"frame":{"x":174,"y":172,"w":11,"h":11},"sourceSize":{"w":11,"h":11},"spriteSourceSize":{"x":0,"y":0,"w":11,"h":11},"rotated":false,"trimmed":false},"anc_artifact1_anc_artifact1_64_f_2_5.png":{"frame":{"x":237,"y":207,"w":17,"h":11},"sourceSize":{"w":17,"h":11},"spriteSourceSize":{"x":0,"y":0,"w":17,"h":11},"rotated":false,"trimmed":false},"anc_artifact1_anc_artifact1_32_g_2_0.png":{"frame":{"x":253,"y":246,"w":1,"h":1},"sourceSize":{"w":1,"h":1},"spriteSourceSize":{"x":0,"y":0,"w":1,"h":1},"rotated":false,"trimmed":false},"anc_artifact1_anc_artifact1_64_e_2_0.png":{"frame":{"x":2,"y":105,"w":68,"h":145},"sourceSize":{"w":68,"h":145},"spriteSourceSize":{"x":0,"y":0,"w":68,"h":145},"rotated":false,"trimmed":false},"anc_artifact1_anc_artifact1_64_f_2_7.png":{"frame":{"x":136,"y":147,"w":16,"h":13},"sourceSize":{"w":16,"h":13},"spriteSourceSize":{"x":0,"y":0,"w":16,"h":13},"rotated":false,"trimmed":false},"anc_artifact1_anc_artifact1_64_f_2_4.png":{"frame":{"x":2,"y":2,"w":16,"h":5},"sourceSize":{"w":16,"h":5},"spriteSourceSize":{"x":0,"y":0,"w":16,"h":5},"rotated":false,"trimmed":false},"anc_artifact1_anc_artifact1_64_f_2_2.png":{"frame":{"x":216,"y":196,"w":6,"h":3},"sourceSize":{"w":6,"h":3},"spriteSourceSize":{"x":0,"y":0,"w":6,"h":3},"rotated":false,"trimmed":false},"anc_artifact1_anc_artifact1_64_g_2_6.png":{"frame":{"x":53,"y":86,"w":17,"h":17},"sourceSize":{"w":17,"h":17},"spriteSourceSize":{"x":0,"y":0,"w":17,"h":17},"rotated":false,"trimmed":false},"anc_artifact1_anc_artifact1_icon_a.png":{"frame":{"x":216,"y":220,"w":32,"h":30},"sourceSize":{"w":32,"h":30},"spriteSourceSize":{"x":0,"y":0,"w":32,"h":30},"rotated":false,"trimmed":false},"anc_artifact1_anc_artifact1_64_g_2_4.png":{"frame":{"x":72,"y":86,"w":5,"h":5},"sourceSize":{"w":5,"h":5},"spriteSourceSize":{"x":0,"y":0,"w":5,"h":5},"rotated":false,"trimmed":false},"anc_artifact1_anc_artifact1_64_sd_2_0.png":{"frame":{"x":72,"y":185,"w":142,"h":65},"sourceSize":{"w":142,"h":65},"spriteSourceSize":{"x":0,"y":0,"w":142,"h":65},"rotated":false,"trimmed":false}}}