{"meta":{"app":"FFConverter ~ Joopie","format":"RGBA8888","image":"african_patch.png","scale":"1.0","size":{"w":512,"h":128},"version":"1.0"},"frames":{"african_patch_african_patch_64_a_0_0.png":{"frame":{"x":2,"y":36,"w":130,"h":73},"sourceSize":{"w":130,"h":73},"spriteSourceSize":{"x":0,"y":0,"w":130,"h":73},"rotated":false,"trimmed":false},"african_patch_african_patch_64_f_0_0.png":{"frame":{"x":244,"y":81,"w":59,"h":28},"sourceSize":{"w":59,"h":28},"spriteSourceSize":{"x":0,"y":0,"w":59,"h":28},"rotated":false,"trimmed":false},"african_patch_african_patch_64_e_0_0.png":{"frame":{"x":2,"y":2,"w":129,"h":32},"sourceSize":{"w":129,"h":32},"spriteSourceSize":{"x":0,"y":0,"w":129,"h":32},"rotated":false,"trimmed":false},"african_patch_african_patch_64_b_0_0.png":{"frame":{"x":305,"y":78,"w":51,"h":31},"sourceSize":{"w":51,"h":31},"spriteSourceSize":{"x":0,"y":0,"w":51,"h":31},"rotated":false,"trimmed":false},"african_patch_african_patch_64_c_0_0.png":{"frame":{"x":134,"y":37,"w":89,"h":36},"sourceSize":{"w":89,"h":36},"spriteSourceSize":{"x":0,"y":0,"w":89,"h":36},"rotated":false,"trimmed":false},"african_patch_african_patch_64_d_0_0.png":{"frame":{"x":134,"y":75,"w":108,"h":34},"sourceSize":{"w":108,"h":34},"spriteSourceSize":{"x":0,"y":0,"w":108,"h":34},"rotated":false,"trimmed":false},"african_patch_african_patch_icon_a.png":{"frame":{"x":403,"y":90,"w":30,"h":19},"sourceSize":{"w":30,"h":19},"spriteSourceSize":{"x":0,"y":0,"w":30,"h":19},"rotated":false,"trimmed":false},"african_patch_african_patch_64_g_0_0.png":{"frame":{"x":358,"y":88,"w":43,"h":21},"sourceSize":{"w":43,"h":21},"spriteSourceSize":{"x":0,"y":0,"w":43,"h":21},"rotated":false,"trimmed":false}}}