{"type":"furniture","name":"african_patch","visualizationType":"furniture_static","logicType":"furniture_basic","spritesheet":"african_patch_spritesheet.json","dimensions":{"x":2.0,"y":2.0,"z":0.0},"directions":[0,90],"assets":{"african_patch_64_c_2_0":{"source":"african_patch_64_c_0_0","x":46,"y":12,"flipH":true},"african_patch_64_g_0_0":{"x":26,"y":-26},"african_patch_64_a_2_0":{"source":"african_patch_64_a_0_0","x":65,"y":24,"flipH":true},"african_patch_64_a_0_0":{"x":65,"y":24},"african_patch_64_c_0_0":{"x":46,"y":12},"african_patch_64_e_2_0":{"source":"african_patch_64_e_0_0","x":65,"y":1,"flipH":true},"african_patch_64_e_0_0":{"x":65,"y":1},"african_patch_64_g_2_0":{"source":"african_patch_64_g_0_0","x":26,"y":-26,"flipH":true},"african_patch_icon_a":{"x":13,"y":10},"african_patch_64_d_2_0":{"source":"african_patch_64_d_0_0","x":54,"y":4,"flipH":true},"african_patch_64_b_0_0":{"x":28,"y":20},"african_patch_64_b_2_0":{"source":"african_patch_64_b_0_0","x":28,"y":20,"flipH":true},"african_patch_64_f_0_0":{"x":30,"y":-16},"african_patch_64_d_0_0":{"x":54,"y":4},"african_patch_64_f_2_0":{"source":"african_patch_64_f_0_0","x":30,"y":-16,"flipH":true}},"visualization":{"layerCount":7,"angle":45,"layers":{"0":{"z":-1.0},"1":{"z":100.0},"2":{"z":700.0},"3":{"z":1500.0},"4":{"z":1500.0},"5":{"z":2000.0},"6":{"z":2500.0}},"directions":{"0":{},"2":{}},"animations":{"0":{"layers":{"0":{"frameSequences":{"0":{"frames":{"0":{"id":0}}}}},"1":{"frameSequences":{"0":{"frames":{"0":{"id":0}}}}},"2":{"frameSequences":{"0":{"frames":{"0":{"id":0}}}}},"3":{"frameSequences":{"0":{"frames":{"0":{"id":0}}}}},"4":{"frameSequences":{"0":{"frames":{"0":{"id":0}}}}},"5":{"frameSequences":{"0":{"frames":{"0":{"id":0}}}}},"6":{"frameSequences":{"0":{"frames":{"0":{"id":0}}}}}}}}}}