{"meta":{"app":"FFConverter ~ Joopie","format":"RGBA8888","image":"anc_trophy_obsidian.png","scale":"1.0","size":{"w":128,"h":256},"version":"1.0"},"frames":{"anc_trophy_obsidian_anc_trophy_obsidian_icon_a.png":{"frame":{"x":70,"y":192,"w":15,"h":32},"sourceSize":{"w":15,"h":32},"spriteSourceSize":{"x":0,"y":0,"w":15,"h":32},"rotated":false,"trimmed":false},"anc_trophy_obsidian_anc_trophy_obsidian_64_sd_2_0.png":{"frame":{"x":2,"y":2,"w":70,"h":37},"sourceSize":{"w":70,"h":37},"spriteSourceSize":{"x":0,"y":0,"w":70,"h":37},"rotated":false,"trimmed":false},"anc_trophy_obsidian_anc_trophy_obsidian_64_b_2_0.png":{"frame":{"x":2,"y":98,"w":66,"h":126},"sourceSize":{"w":66,"h":126},"spriteSourceSize":{"x":0,"y":0,"w":66,"h":126},"rotated":false,"trimmed":false},"anc_trophy_obsidian_anc_trophy_obsidian_64_a_2_0.png":{"frame":{"x":2,"y":41,"w":74,"h":55},"sourceSize":{"w":74,"h":55},"spriteSourceSize":{"x":0,"y":0,"w":74,"h":55},"rotated":false,"trimmed":false}}}