{"type":"furniture","name":"anc_trophy_obsidian","visualizationType":"furniture_static","logicType":"furniture_basic","spritesheet":"anc_trophy_obsidian_spritesheet.json","dimensions":{"x":1.0,"y":1.0,"z":1.0},"directions":[90,0],"assets":{"anc_trophy_obsidian_64_sd_0_0":{"source":"anc_trophy_obsidian_64_sd_2_0","x":35,"y":20,"flipH":true},"anc_trophy_obsidian_64_b_2_0":{"x":33,"y":166},"anc_trophy_obsidian_icon_a":{"x":7,"y":15},"anc_trophy_obsidian_64_b_0_0":{"source":"anc_trophy_obsidian_64_b_2_0","x":33,"y":166,"flipH":true},"anc_trophy_obsidian_64_sd_2_0":{"x":35,"y":20},"anc_trophy_obsidian_64_a_0_0":{"source":"anc_trophy_obsidian_64_a_2_0","x":37,"y":40,"flipH":true},"anc_trophy_obsidian_64_a_2_0":{"x":37,"y":40}},"visualization":{"layerCount":2,"angle":45,"layers":{"0":{},"1":{"ignoreMouse":true}},"directions":{"0":{},"2":{}}}}