{"type":"furniture","name":"ads_1800tele","visualizationType":"furniture_animated","logicType":"furniture_multistate","spritesheet":"ads_1800tele_spritesheet.json","dimensions":{"x":1.0,"y":1.0,"z":0.0},"directions":[90,180],"assets":{"ads_1800tele_64_c_4_1":{"x":34,"y":120},"ads_1800tele_64_c_2_0":{"source":"ads_1800tele_64_d_4_0","x":28,"y":84,"flipH":true},"ads_1800tele_icon_a":{"x":10,"y":15},"ads_1800tele_64_c_4_0":{"source":"ads_1800tele_64_d_4_0","x":28,"y":84},"ads_1800tele_64_c_2_1":{"source":"ads_1800tele_64_c_4_1","x":34,"y":120,"flipH":true},"ads_1800tele_64_a_2_0":{"source":"ads_1800tele_64_d_4_0","x":28,"y":84,"flipH":true},"ads_1800tele_64_d_4_1":{"source":"ads_1800tele_64_d_4_0","x":29,"y":95},"ads_1800tele_64_d_4_0":{"x":29,"y":95},"ads_1800tele_64_a_4_0":{"source":"ads_1800tele_64_d_4_0","x":28,"y":84},"ads_1800tele_64_a_2_1":{"source":"ads_1800tele_64_a_4_1","x":57,"y":84,"flipH":true},"ads_1800tele_64_a_4_1":{"x":57,"y":84},"ads_1800tele_64_b_4_1":{"x":30,"y":116},"ads_1800tele_64_b_4_0":{"x":30,"y":116},"ads_1800tele_64_b_2_1":{"source":"ads_1800tele_64_b_4_1","x":30,"y":116,"flipH":true},"ads_1800tele_64_b_2_0":{"source":"ads_1800tele_64_b_4_0","x":30,"y":116,"flipH":true},"ads_1800tele_64_d_2_0":{"source":"ads_1800tele_64_d_4_0","x":29,"y":95,"flipH":true}},"visualization":{"layerCount":4,"angle":45,"layers":{"0":{"z":-1.0},"1":{"z":200.0},"2":{"z":205.0,"ink":"ADD"},"3":{"z":205.0}},"directions":{"2":{},"4":{}},"animations":{"0":{"layers":{"0":{"frameSequences":{"0":{"frames":{"0":{"id":0}}}}},"1":{"frameSequences":{"0":{"frames":{"0":{"id":0}}}}},"2":{"frameSequences":{"0":{"frames":{"0":{"id":0}}}}},"3":{"frameSequences":{"0":{"frames":{"0":{"id":0}}}}}}},"1":{"layers":{"0":{"frameSequences":{"0":{"frames":{"0":{"id":1}}}}},"1":{"frameSequences":{"0":{"frames":{"0":{"id":1}}}}},"2":{"frameSequences":{"0":{"frames":{"0":{"id":0}}}}},"3":{"frameSequences":{"0":{"frames":{"0":{"id":1}}}}}}},"2":{"layers":{"2":{"loopCount":0,"frameSequences":{"0":{"frames":{"0":{"id":0},"1":{"id":1}}}}}}}}}}