{"meta":{"app":"FFConverter ~ Joopie","format":"RGBA8888","image":"ads_twi_tower.png","scale":"1.0","size":{"w":256,"h":256},"version":"1.0"},"frames":{"ads_twi_tower_ads_twi_tower_64_a_0_0.png":{"frame":{"x":2,"y":34,"w":88,"h":161},"sourceSize":{"w":88,"h":161},"spriteSourceSize":{"x":0,"y":0,"w":88,"h":161},"rotated":false,"trimmed":false},"ads_twi_tower_ads_twi_tower_icon_a.png":{"frame":{"x":2,"y":2,"w":22,"h":30},"sourceSize":{"w":22,"h":30},"spriteSourceSize":{"x":0,"y":0,"w":22,"h":30},"rotated":false,"trimmed":false},"ads_twi_tower_ads_twi_tower_64_a_4_0.png":{"frame":{"x":92,"y":34,"w":88,"h":161},"sourceSize":{"w":88,"h":161},"spriteSourceSize":{"x":0,"y":0,"w":88,"h":161},"rotated":false,"trimmed":false}}}