{"type":"furniture","name":"ads_twi_tower","visualizationType":"furniture_static","logicType":"furniture_basic","spritesheet":"ads_twi_tower_spritesheet.json","dimensions":{"x":1.0,"y":1.0,"z":0.0},"directions":[0,90,180,270],"assets":{"ads_twi_tower_64_a_4_0":{"x":44,"y":144},"ads_twi_tower_64_a_6_0":{"source":"ads_twi_tower_64_a_4_0","x":44,"y":144,"flipH":true},"ads_twi_tower_64_a_0_0":{"x":44,"y":144},"ads_twi_tower_64_a_2_0":{"source":"ads_twi_tower_64_a_0_0","x":44,"y":144,"flipH":true},"ads_twi_tower_icon_a":{"x":11,"y":15}},"visualization":{"layerCount":1,"angle":45,"directions":{"0":{},"2":{},"4":{},"6":{}}}}