{"meta":{"app":"FFConverter ~ Joopie","format":"RGBA8888","image":"ads_twi_table.png","scale":"1.0","size":{"w":1024,"h":128},"version":"1.0"},"frames":{"ads_twi_table_ads_twi_table_64_b_0_2.png":{"frame":{"x":431,"y":53,"w":27,"h":29},"sourceSize":{"w":27,"h":29},"spriteSourceSize":{"x":0,"y":0,"w":27,"h":29},"rotated":false,"trimmed":false},"ads_twi_table_ads_twi_table_64_b_2_1.png":{"frame":{"x":460,"y":53,"w":27,"h":28},"sourceSize":{"w":27,"h":28},"spriteSourceSize":{"x":0,"y":0,"w":27,"h":28},"rotated":false,"trimmed":false},"ads_twi_table_ads_twi_table_64_c_2_1.png":{"frame":{"x":462,"y":83,"w":44,"h":43},"sourceSize":{"w":44,"h":43},"spriteSourceSize":{"x":0,"y":0,"w":44,"h":43},"rotated":false,"trimmed":false},"ads_twi_table_ads_twi_table_32_b_6_0.png":{"frame":{"x":554,"y":101,"w":1,"h":1},"sourceSize":{"w":1,"h":1},"spriteSourceSize":{"x":0,"y":0,"w":1,"h":1},"rotated":false,"trimmed":false},"ads_twi_table_ads_twi_table_64_b_2_2.png":{"frame":{"x":243,"y":9,"w":27,"h":29},"sourceSize":{"w":27,"h":29},"spriteSourceSize":{"x":0,"y":0,"w":27,"h":29},"rotated":false,"trimmed":false},"ads_twi_table_ads_twi_table_64_b_4_1.png":{"frame":{"x":2,"y":2,"w":34,"h":21},"sourceSize":{"w":34,"h":21},"spriteSourceSize":{"x":0,"y":0,"w":34,"h":21},"rotated":false,"trimmed":false},"ads_twi_table_ads_twi_table_64_a_6_0.png":{"frame":{"x":190,"y":40,"w":92,"h":86},"sourceSize":{"w":92,"h":86},"spriteSourceSize":{"x":0,"y":0,"w":92,"h":86},"rotated":false,"trimmed":false},"ads_twi_table_ads_twi_table_64_b_6_4.png":{"frame":{"x":662,"y":106,"w":33,"h":20},"sourceSize":{"w":33,"h":20},"spriteSourceSize":{"x":0,"y":0,"w":33,"h":20},"rotated":false,"trimmed":false},"ads_twi_table_ads_twi_table_64_b_4_4.png":{"frame":{"x":110,"y":3,"w":33,"h":20},"sourceSize":{"w":33,"h":20},"spriteSourceSize":{"x":0,"y":0,"w":33,"h":20},"rotated":false,"trimmed":false},"ads_twi_table_ads_twi_table_64_sd_0_0.png":{"frame":{"x":378,"y":84,"w":82,"h":42},"sourceSize":{"w":82,"h":42},"spriteSourceSize":{"x":0,"y":0,"w":82,"h":42},"rotated":false,"trimmed":false},"ads_twi_table_ads_twi_table_64_b_0_1.png":{"frame":{"x":489,"y":53,"w":27,"h":28},"sourceSize":{"w":27,"h":28},"spriteSourceSize":{"x":0,"y":0,"w":27,"h":28},"rotated":false,"trimmed":false},"ads_twi_table_ads_twi_table_64_a_4_0.png":{"frame":{"x":284,"y":43,"w":92,"h":83},"sourceSize":{"w":92,"h":83},"spriteSourceSize":{"x":0,"y":0,"w":92,"h":83},"rotated":false,"trimmed":false},"ads_twi_table_ads_twi_table_64_c_0_1.png":{"frame":{"x":508,"y":83,"w":44,"h":43},"sourceSize":{"w":44,"h":43},"spriteSourceSize":{"x":0,"y":0,"w":44,"h":43},"rotated":false,"trimmed":false},"ads_twi_table_ads_twi_table_64_b_6_3.png":{"frame":{"x":626,"y":106,"w":34,"h":20},"sourceSize":{"w":34,"h":20},"spriteSourceSize":{"x":0,"y":0,"w":34,"h":20},"rotated":false,"trimmed":false},"ads_twi_table_ads_twi_table_64_b_6_2.png":{"frame":{"x":590,"y":104,"w":34,"h":22},"sourceSize":{"w":34,"h":22},"spriteSourceSize":{"x":0,"y":0,"w":34,"h":22},"rotated":false,"trimmed":false},"ads_twi_table_ads_twi_table_64_b_2_4.png":{"frame":{"x":726,"y":99,"w":26,"h":27},"sourceSize":{"w":26,"h":27},"spriteSourceSize":{"x":0,"y":0,"w":26,"h":27},"rotated":false,"trimmed":false},"ads_twi_table_ads_twi_table_64_b_4_3.png":{"frame":{"x":74,"y":3,"w":34,"h":20},"sourceSize":{"w":34,"h":20},"spriteSourceSize":{"x":0,"y":0,"w":34,"h":20},"rotated":false,"trimmed":false},"ads_twi_table_ads_twi_table_64_a_2_0.png":{"frame":{"x":2,"y":25,"w":92,"h":101},"sourceSize":{"w":92,"h":101},"spriteSourceSize":{"x":0,"y":0,"w":92,"h":101},"rotated":false,"trimmed":false},"ads_twi_table_ads_twi_table_64_b_0_3.png":{"frame":{"x":697,"y":99,"w":27,"h":27},"sourceSize":{"w":27,"h":27},"spriteSourceSize":{"x":0,"y":0,"w":27,"h":27},"rotated":false,"trimmed":false},"ads_twi_table_ads_twi_table_64_c_4_1.png":{"frame":{"x":378,"y":47,"w":51,"h":35},"sourceSize":{"w":51,"h":35},"spriteSourceSize":{"x":0,"y":0,"w":51,"h":35},"rotated":false,"trimmed":false},"ads_twi_table_ads_twi_table_64_c_6_1.png":{"frame":{"x":190,"y":2,"w":51,"h":36},"sourceSize":{"w":51,"h":36},"spriteSourceSize":{"x":0,"y":0,"w":51,"h":36},"rotated":false,"trimmed":false},"ads_twi_table_ads_twi_table_64_b_4_2.png":{"frame":{"x":554,"y":104,"w":34,"h":22},"sourceSize":{"w":34,"h":22},"spriteSourceSize":{"x":0,"y":0,"w":34,"h":22},"rotated":false,"trimmed":false},"ads_twi_table_ads_twi_table_64_b_0_4.png":{"frame":{"x":754,"y":99,"w":26,"h":27},"sourceSize":{"w":26,"h":27},"spriteSourceSize":{"x":0,"y":0,"w":26,"h":27},"rotated":false,"trimmed":false},"ads_twi_table_ads_twi_table_64_b_2_3.png":{"frame":{"x":518,"y":54,"w":27,"h":27},"sourceSize":{"w":27,"h":27},"spriteSourceSize":{"x":0,"y":0,"w":27,"h":27},"rotated":false,"trimmed":false},"ads_twi_table_ads_twi_table_icon_a.png":{"frame":{"x":782,"y":96,"w":26,"h":30},"sourceSize":{"w":26,"h":30},"spriteSourceSize":{"x":0,"y":0,"w":26,"h":30},"rotated":false,"trimmed":false},"ads_twi_table_ads_twi_table_64_a_0_0.png":{"frame":{"x":96,"y":25,"w":92,"h":101},"sourceSize":{"w":92,"h":101},"spriteSourceSize":{"x":0,"y":0,"w":92,"h":101},"rotated":false,"trimmed":false},"ads_twi_table_ads_twi_table_64_b_6_1.png":{"frame":{"x":38,"y":2,"w":34,"h":21},"sourceSize":{"w":34,"h":21},"spriteSourceSize":{"x":0,"y":0,"w":34,"h":21},"rotated":false,"trimmed":false}}}