{"type":"furniture","name":"ads_twi_table","visualizationType":"furniture_animated","logicType":"furniture_multistate","spritesheet":"ads_twi_table_spritesheet.json","dimensions":{"x":2.0,"y":2.0,"z":0.0},"directions":[0,90,180,270],"assets":{"ads_twi_table_64_b_0_3":{"x":-12,"y":42},"ads_twi_table_64_b_2_1":{"x":39,"y":43},"ads_twi_table_64_b_0_2":{"x":-12,"y":44},"ads_twi_table_64_b_2_0":{"source":"ads_twi_table_32_b_6_0","x":4,"y":-1},"ads_twi_table_64_b_0_1":{"x":-12,"y":43},"ads_twi_table_64_b_0_0":{"source":"ads_twi_table_32_b_6_0","x":4,"y":-1},"ads_twi_table_64_c_4_0":{"source":"ads_twi_table_32_b_6_0","x":4,"y":-1},"ads_twi_table_64_c_2_1":{"x":47,"y":51},"ads_twi_table_64_c_6_0":{"source":"ads_twi_table_32_b_6_0","x":4,"y":-1},"ads_twi_table_64_c_4_1":{"x":48,"y":65},"ads_twi_table_64_c_6_1":{"x":3,"y":65},"ads_twi_table_64_a_2_0":{"x":46,"y":77},"ads_twi_table_64_sd_6_0":{"source":"ads_twi_table_64_sd_0_0","x":41,"y":8},"ads_twi_table_64_a_4_0":{"x":46,"y":59},"ads_twi_table_64_a_0_0":{"x":46,"y":77},"ads_twi_table_icon_a":{"x":13,"y":15},"ads_twi_table_64_sd_0_0":{"x":41,"y":8},"ads_twi_table_64_a_6_0":{"x":46,"y":62},"ads_twi_table_64_sd_2_0":{"source":"ads_twi_table_64_sd_0_0","x":41,"y":8},"ads_twi_table_64_sd_4_0":{"source":"ads_twi_table_64_sd_0_0","x":41,"y":8},"ads_twi_table_64_c_0_0":{"source":"ads_twi_table_32_b_6_0","x":4,"y":-1},"ads_twi_table_64_c_2_0":{"source":"ads_twi_table_32_b_6_0","x":4,"y":-1},"ads_twi_table_64_c_0_1":{"x":-3,"y":51},"ads_twi_table_64_b_4_3":{"x":39,"y":56},"ads_twi_table_64_b_6_1":{"x":-5,"y":57},"ads_twi_table_64_b_2_4":{"x":39,"y":42},"ads_twi_table_64_b_4_2":{"x":39,"y":58},"ads_twi_table_64_b_6_0":{"source":"ads_twi_table_32_b_6_0","x":4,"y":-1},"ads_twi_table_64_b_2_3":{"x":39,"y":42},"ads_twi_table_64_b_4_1":{"x":39,"y":57},"ads_twi_table_64_b_0_4":{"x":-13,"y":42},"ads_twi_table_64_b_2_2":{"x":39,"y":44},"ads_twi_table_64_b_4_0":{"source":"ads_twi_table_32_b_6_0","x":4,"y":-1},"ads_twi_table_64_b_6_4":{"x":-5,"y":56},"ads_twi_table_64_b_6_3":{"x":-5,"y":56},"ads_twi_table_64_b_4_4":{"x":38,"y":56},"ads_twi_table_64_b_6_2":{"x":-5,"y":58}},"visualization":{"layerCount":3,"angle":45,"layers":{"0":{"z":1000.0},"1":{"z":1000.0},"2":{"z":1000.0,"ink":"ADD","ignoreMouse":true}},"directions":{"0":{},"2":{},"4":{},"6":{}},"animations":{"0":{"layers":{"0":{"frameSequences":{"0":{"frames":{"0":{"id":0}}}}},"1":{"frameSequences":{"0":{"frames":{"0":{"id":0}}}}},"2":{"frameSequences":{"0":{"frames":{"0":{"id":0}}}}}}},"1":{"layers":{"1":{"loopCount":0,"frameRepeat":3,"frameSequences":{"0":{"frames":{"0":{"id":2},"1":{"id":3},"2":{"id":4},"3":{"id":1},"4":{"id":3},"5":{"id":2},"6":{"id":1},"7":{"id":4},"8":{"id":3},"9":{"id":2},"10":{"id":1},"11":{"id":3},"12":{"id":2},"13":{"id":4},"14":{"id":1},"15":{"id":2},"16":{"id":3},"17":{"id":4},"18":{"id":2},"19":{"id":1},"20":{"id":3},"21":{"id":4},"22":{"id":1},"23":{"id":2},"24":{"id":3},"25":{"id":4}}}}},"2":{"frameSequences":{"0":{"frames":{"0":{"id":1}}}}}}}}}}