{"type":"furniture","name":"ads_sunnyvend","visualizationType":"furniture_animated","logicType":"furniture_multistate","spritesheet":"ads_sunnyvend_spritesheet.json","dimensions":{"x":1.0,"y":1.0,"z":1.0},"directions":[90,180],"assets":{"ads_sunnyvend_64_sd_0_0":{"x":35,"y":4},"ads_sunnyvend_64_a_0_0":{"x":35,"y":121},"ads_sunnyvend_64_a_2_0":{"source":"ads_sunnyvend_64_a_0_0","x":35,"y":121},"ads_sunnyvend_64_sd_4_0":{"source":"ads_sunnyvend_64_sd_0_0","x":35,"y":4},"ads_sunnyvend_64_sd_2_0":{"source":"ads_sunnyvend_64_sd_0_0","x":35,"y":4},"ads_sunnyvend_icon_a":{"x":7,"y":15},"ads_sunnyvend_64_a_4_0":{"source":"ads_sunnyvend_64_a_0_0","x":35,"y":121}},"visualization":{"layerCount":1,"angle":45,"directions":{"2":{},"4":{}},"animations":{"0":{"layers":{"0":{"frameSequences":{"0":{"frames":{"0":{"id":0}}}}}}},"1":{"layers":{"0":{"frameSequences":{"0":{"frames":{"0":{"id":0}}}}}}}}}}