{"meta":{"app":"FFConverter ~ Joopie","format":"RGBA8888","image":"ads_sunnyvend.png","scale":"1.0","size":{"w":128,"h":256},"version":"1.0"},"frames":{"ads_sunnyvend_ads_sunnyvend_64_sd_0_0.png":{"frame":{"x":2,"y":34,"w":66,"h":19},"sourceSize":{"w":66,"h":19},"spriteSourceSize":{"x":0,"y":0,"w":66,"h":19},"rotated":false,"trimmed":false},"ads_sunnyvend_ads_sunnyvend_64_a_0_0.png":{"frame":{"x":2,"y":55,"w":64,"h":134},"sourceSize":{"w":64,"h":134},"spriteSourceSize":{"x":0,"y":0,"w":64,"h":134},"rotated":false,"trimmed":false},"ads_sunnyvend_ads_sunnyvend_icon_a.png":{"frame":{"x":2,"y":2,"w":14,"h":30},"sourceSize":{"w":14,"h":30},"spriteSourceSize":{"x":0,"y":0,"w":14,"h":30},"rotated":false,"trimmed":false}}}