{"meta":{"app":"FFConverter ~ Joopie","format":"RGBA8888","image":"ads_ob_pillow.png","scale":"1.0","size":{"w":256,"h":64},"version":"1.0"},"frames":{"ads_ob_pillow_ads_ob_pillow_64_a_4_1.png":{"frame":{"x":2,"y":25,"w":68,"h":37},"sourceSize":{"w":68,"h":37},"spriteSourceSize":{"x":0,"y":0,"w":68,"h":37},"rotated":false,"trimmed":false},"ads_ob_pillow_ads_ob_pillow_icon_a.png":{"frame":{"x":142,"y":46,"w":30,"h":16},"sourceSize":{"w":30,"h":16},"spriteSourceSize":{"x":0,"y":0,"w":30,"h":16},"rotated":false,"trimmed":false},"ads_ob_pillow_ads_ob_pillow_64_a_4_0.png":{"frame":{"x":72,"y":25,"w":68,"h":37},"sourceSize":{"w":68,"h":37},"spriteSourceSize":{"x":0,"y":0,"w":68,"h":37},"rotated":false,"trimmed":false},"ads_ob_pillow_ads_ob_pillow_64_sd_0_0.png":{"frame":{"x":2,"y":5,"w":66,"h":18},"sourceSize":{"w":66,"h":18},"spriteSourceSize":{"x":0,"y":0,"w":66,"h":18},"rotated":false,"trimmed":false},"ads_ob_pillow_ads_ob_pillow_64_b_4_0.png":{"frame":{"x":2,"y":2,"w":1,"h":1},"sourceSize":{"w":1,"h":1},"spriteSourceSize":{"x":0,"y":0,"w":1,"h":1},"rotated":false,"trimmed":false}}}