{"type":"furniture","name":"ads_ob_pillow","visualizationType":"furniture_animated","logicType":"furniture_multistate","spritesheet":"ads_ob_pillow_spritesheet.json","dimensions":{"x":1.0,"y":1.0,"z":0.9},"directions":[0,90,180,270],"assets":{"ads_ob_pillow_64_a_2_1":{"source":"ads_ob_pillow_64_a_4_1","x":34,"y":24},"ads_ob_pillow_64_a_4_0":{"x":34,"y":24},"ads_ob_pillow_64_sd_2_0":{"source":"ads_ob_pillow_64_sd_0_0","x":33,"y":2},"ads_ob_pillow_64_a_0_1":{"source":"ads_ob_pillow_64_a_4_1","x":34,"y":24},"ads_ob_pillow_64_a_2_0":{"source":"ads_ob_pillow_64_a_4_0","x":34,"y":24},"ads_ob_pillow_64_sd_4_0":{"source":"ads_ob_pillow_64_sd_0_0","x":33,"y":2},"ads_ob_pillow_64_a_0_0":{"source":"ads_ob_pillow_64_a_4_0","x":34,"y":24},"ads_ob_pillow_64_sd_0_0":{"x":33,"y":2},"ads_ob_pillow_64_a_6_1":{"source":"ads_ob_pillow_64_a_4_1","x":34,"y":24},"ads_ob_pillow_64_sd_6_0":{"source":"ads_ob_pillow_64_sd_0_0","x":33,"y":2},"ads_ob_pillow_64_a_4_1":{"x":34,"y":24},"ads_ob_pillow_64_a_6_0":{"source":"ads_ob_pillow_64_a_4_0","x":34,"y":24},"ads_ob_pillow_64_b_0_0":{"source":"ads_ob_pillow_64_b_4_0","x":34,"y":6},"ads_ob_pillow_64_b_0_1":{"source":"ads_ob_pillow_64_b_4_0","x":34,"y":6},"ads_ob_pillow_64_b_2_0":{"source":"ads_ob_pillow_64_b_4_0","x":34,"y":6},"ads_ob_pillow_64_b_2_1":{"source":"ads_ob_pillow_64_b_4_0","x":34,"y":6},"ads_ob_pillow_64_b_4_0":{"x":34,"y":6},"ads_ob_pillow_icon_a":{"x":15,"y":8},"ads_ob_pillow_64_b_4_1":{"source":"ads_ob_pillow_64_b_4_0","x":34,"y":6},"ads_ob_pillow_64_b_6_0":{"source":"ads_ob_pillow_64_b_4_0","x":34,"y":6},"ads_ob_pillow_64_b_6_1":{"source":"ads_ob_pillow_64_b_4_0","x":34,"y":6}},"visualization":{"layerCount":2,"angle":45,"layers":{"0":{},"1":{}},"directions":{"0":{},"2":{},"4":{},"6":{}},"animations":{"0":{"layers":{"0":{"frameSequences":{"0":{"frames":{"0":{"id":0}}}}},"1":{"frameSequences":{"0":{"frames":{"0":{"id":0}}}}}}},"1":{"layers":{"0":{"frameSequences":{"0":{"frames":{"0":{"id":1}}}}},"1":{"frameSequences":{"0":{"frames":{"0":{"id":1}}}}}}}}}}