{"meta":{"app":"FFConverter ~ Joopie","format":"RGBA8888","image":"anc_artifact2.png","scale":"1.0","size":{"w":256,"h":256},"version":"1.0"},"frames":{"anc_artifact2_anc_artifact2_64_e_2_0.png":{"frame":{"x":137,"y":133,"w":62,"h":121},"sourceSize":{"w":62,"h":121},"spriteSourceSize":{"x":0,"y":0,"w":62,"h":121},"rotated":false,"trimmed":false},"anc_artifact2_anc_artifact2_64_b_2_0.png":{"frame":{"x":2,"y":2,"w":78,"h":35},"sourceSize":{"w":78,"h":35},"spriteSourceSize":{"x":0,"y":0,"w":78,"h":35},"rotated":false,"trimmed":false},"anc_artifact2_anc_artifact2_icon_a.png":{"frame":{"x":201,"y":222,"w":32,"h":32},"sourceSize":{"w":32,"h":32},"spriteSourceSize":{"x":0,"y":0,"w":32,"h":32},"rotated":false,"trimmed":false},"anc_artifact2_anc_artifact2_64_c_2_0.png":{"frame":{"x":2,"y":39,"w":70,"h":78},"sourceSize":{"w":70,"h":78},"spriteSourceSize":{"x":0,"y":0,"w":70,"h":78},"rotated":false,"trimmed":false},"anc_artifact2_anc_artifact2_64_d_2_0.png":{"frame":{"x":2,"y":119,"w":133,"h":135},"sourceSize":{"w":133,"h":135},"spriteSourceSize":{"x":0,"y":0,"w":133,"h":135},"rotated":false,"trimmed":false},"anc_artifact2_anc_artifact2_64_a_2_0.png":{"frame":{"x":74,"y":79,"w":85,"h":38},"sourceSize":{"w":85,"h":38},"spriteSourceSize":{"x":0,"y":0,"w":85,"h":38},"rotated":false,"trimmed":false}}}