{"type":"furniture","name":"anc_artifact2","visualizationType":"furniture_static","logicType":"furniture_basic","spritesheet":"anc_artifact2_spritesheet.json","dimensions":{"x":2.0,"y":2.0,"z":3.0},"directions":[90,180],"assets":{"anc_artifact2_64_b_2_0":{"x":32,"y":113},"anc_artifact2_64_a_4_0":{"source":"anc_artifact2_64_a_2_0","x":81,"y":132,"flipH":true},"anc_artifact2_64_c_2_0":{"x":104,"y":118},"anc_artifact2_64_b_4_0":{"source":"anc_artifact2_64_b_2_0","x":32,"y":113,"flipH":true},"anc_artifact2_64_a_2_0":{"x":81,"y":132},"anc_artifact2_64_d_2_0":{"x":64,"y":100},"anc_artifact2_64_e_2_0":{"x":31,"y":77},"anc_artifact2_icon_a":{"x":16,"y":16},"anc_artifact2_64_e_4_0":{"source":"anc_artifact2_64_e_2_0","x":31,"y":77,"flipH":true},"anc_artifact2_64_d_4_0":{"source":"anc_artifact2_64_d_2_0","x":64,"y":100,"flipH":true},"anc_artifact2_64_c_4_0":{"source":"anc_artifact2_64_c_2_0","x":104,"y":118,"flipH":true}},"visualization":{"layerCount":5,"angle":45,"layers":{"0":{"z":10.0,"ignoreMouse":true},"1":{"z":10.0},"2":{"z":1010.0,"ignoreMouse":true},"3":{"z":1010.0},"4":{"z":2000.0}},"directions":{"2":{},"4":{}}}}