{"meta":{"app":"FFConverter ~ Joopie","format":"RGBA8888","image":"ads_wowpball.png","scale":"1.0","size":{"w":256,"h":128},"version":"1.0"},"frames":{"ads_wowpball_ads_wowpball_64_b_4_1.png":{"frame":{"x":2,"y":18,"w":95,"h":95},"sourceSize":{"w":95,"h":95},"spriteSourceSize":{"x":0,"y":0,"w":95,"h":95},"rotated":false,"trimmed":false},"ads_wowpball_ads_wowpball_64_sd_4_0.png":{"frame":{"x":2,"y":5,"w":40,"h":11},"sourceSize":{"w":40,"h":11},"spriteSourceSize":{"x":0,"y":0,"w":40,"h":11},"rotated":false,"trimmed":false},"ads_wowpball_ads_wowpball_32_b_4_0.png":{"frame":{"x":2,"y":2,"w":1,"h":1},"sourceSize":{"w":1,"h":1},"spriteSourceSize":{"x":0,"y":0,"w":1,"h":1},"rotated":false,"trimmed":false},"ads_wowpball_ads_wowpball_icon_a.png":{"frame":{"x":141,"y":90,"w":11,"h":23},"sourceSize":{"w":11,"h":23},"spriteSourceSize":{"x":0,"y":0,"w":11,"h":23},"rotated":false,"trimmed":false},"ads_wowpball_ads_wowpball_64_a_4_0.png":{"frame":{"x":99,"y":14,"w":40,"h":99},"sourceSize":{"w":40,"h":99},"spriteSourceSize":{"x":0,"y":0,"w":40,"h":99},"rotated":false,"trimmed":false}}}