{"type":"furniture","name":"ads_wowpball","visualizationType":"furniture_animated","logicType":"furniture_multistate","spritesheet":"ads_wowpball_spritesheet.json","dimensions":{"x":1.0,"y":1.0,"z":1.0},"directions":[180,90],"assets":{"ads_wowpball_64_b_4_1":{"x":47,"y":119},"ads_wowpball_64_sd_4_0":{"x":20,"y":0},"ads_wowpball_64_sd_2_0":{"source":"ads_wowpball_64_sd_4_0","x":20,"y":0,"flipH":true},"ads_wowpball_64_a_2_0":{"source":"ads_wowpball_64_a_4_0","x":20,"y":89,"flipH":true},"ads_wowpball_64_a_4_0":{"x":20,"y":89},"ads_wowpball_64_b_2_1":{"source":"ads_wowpball_64_b_4_1","x":47,"y":119,"flipH":true},"ads_wowpball_64_b_4_0":{"source":"ads_wowpball_32_b_4_0","x":1,"y":52},"ads_wowpball_icon_a":{"x":5,"y":16},"ads_wowpball_64_b_2_0":{"source":"ads_wowpball_32_b_4_0","x":1,"y":52,"flipH":true}},"visualization":{"layerCount":2,"angle":45,"layers":{"0":{},"1":{"ink":"ADD","ignoreMouse":true}},"directions":{"2":{},"4":{}},"animations":{"1":{"layers":{"1":{"frameSequences":{"0":{"frames":{"0":{"id":1}}}}}}}}}}