{"meta":{"app":"FFConverter ~ Joopie","format":"RGBA8888","image":"ads_elisa_gnome.png","scale":"1.0","size":{"w":64,"h":256},"version":"1.0"},"frames":{"ads_elisa_gnome_ads_elisa_gnome_64_c_0_0.png":{"frame":{"x":60,"y":211,"w":1,"h":1},"sourceSize":{"w":1,"h":1},"spriteSourceSize":{"x":0,"y":0,"w":1,"h":1},"rotated":false,"trimmed":false},"ads_elisa_gnome_ads_elisa_gnome_64_b_0_3.png":{"frame":{"x":2,"y":25,"w":12,"h":23},"sourceSize":{"w":12,"h":23},"spriteSourceSize":{"x":0,"y":0,"w":12,"h":23},"rotated":false,"trimmed":false},"ads_elisa_gnome_ads_elisa_gnome_64_a_0_0.png":{"frame":{"x":2,"y":164,"w":42,"h":78},"sourceSize":{"w":42,"h":78},"spriteSourceSize":{"x":0,"y":0,"w":42,"h":78},"rotated":false,"trimmed":false},"ads_elisa_gnome_ads_elisa_gnome_64_b_0_5.png":{"frame":{"x":46,"y":188,"w":12,"h":24},"sourceSize":{"w":12,"h":24},"spriteSourceSize":{"x":0,"y":0,"w":12,"h":24},"rotated":false,"trimmed":false},"ads_elisa_gnome_ads_elisa_gnome_64_b_0_7.png":{"frame":{"x":38,"y":142,"w":13,"h":20},"sourceSize":{"w":13,"h":20},"spriteSourceSize":{"x":0,"y":0,"w":13,"h":20},"rotated":false,"trimmed":false},"ads_elisa_gnome_ads_elisa_gnome_64_b_0_2.png":{"frame":{"x":46,"y":164,"w":12,"h":22},"sourceSize":{"w":12,"h":22},"spriteSourceSize":{"x":0,"y":0,"w":12,"h":22},"rotated":false,"trimmed":false},"ads_elisa_gnome_ads_elisa_gnome_64_b_0_0.png":{"frame":{"x":16,"y":40,"w":6,"h":11},"sourceSize":{"w":6,"h":11},"spriteSourceSize":{"x":0,"y":0,"w":6,"h":11},"rotated":false,"trimmed":false},"ads_elisa_gnome_ads_elisa_gnome_64_c_0_4.png":{"frame":{"x":2,"y":142,"w":34,"h":20},"sourceSize":{"w":34,"h":20},"spriteSourceSize":{"x":0,"y":0,"w":34,"h":20},"rotated":false,"trimmed":false},"ads_elisa_gnome_ads_elisa_gnome_64_c_0_2.png":{"frame":{"x":2,"y":98,"w":34,"h":20},"sourceSize":{"w":34,"h":20},"spriteSourceSize":{"x":0,"y":0,"w":34,"h":20},"rotated":false,"trimmed":false},"ads_elisa_gnome_ads_elisa_gnome_64_b_0_4.png":{"frame":{"x":2,"y":50,"w":12,"h":24},"sourceSize":{"w":12,"h":24},"spriteSourceSize":{"x":0,"y":0,"w":12,"h":24},"rotated":false,"trimmed":false},"ads_elisa_gnome_ads_elisa_gnome_64_b_0_6.png":{"frame":{"x":16,"y":53,"w":13,"h":21},"sourceSize":{"w":13,"h":21},"spriteSourceSize":{"x":0,"y":0,"w":13,"h":21},"rotated":false,"trimmed":false},"ads_elisa_gnome_ads_elisa_gnome_icon_a.png":{"frame":{"x":46,"y":214,"w":16,"h":28},"sourceSize":{"w":16,"h":28},"spriteSourceSize":{"x":0,"y":0,"w":16,"h":28},"rotated":false,"trimmed":false},"ads_elisa_gnome_ads_elisa_gnome_64_b_0_1.png":{"frame":{"x":2,"y":2,"w":10,"h":21},"sourceSize":{"w":10,"h":21},"spriteSourceSize":{"x":0,"y":0,"w":10,"h":21},"rotated":false,"trimmed":false},"ads_elisa_gnome_ads_elisa_gnome_64_c_0_1.png":{"frame":{"x":2,"y":76,"w":34,"h":20},"sourceSize":{"w":34,"h":20},"spriteSourceSize":{"x":0,"y":0,"w":34,"h":20},"rotated":false,"trimmed":false},"ads_elisa_gnome_ads_elisa_gnome_64_c_0_3.png":{"frame":{"x":2,"y":120,"w":34,"h":20},"sourceSize":{"w":34,"h":20},"spriteSourceSize":{"x":0,"y":0,"w":34,"h":20},"rotated":false,"trimmed":false}}}