{"type":"furniture","name":"ads_elisa_gnome","visualizationType":"furniture_animated","logicType":"furniture_multistate","spritesheet":"ads_elisa_gnome_spritesheet.json","dimensions":{"x":1.0,"y":1.0,"z":0.0},"directions":[0,90],"assets":{"ads_elisa_gnome_64_a_2_0":{"source":"ads_elisa_gnome_64_a_0_0","x":24,"y":68,"flipH":true},"ads_elisa_gnome_64_b_2_7":{"source":"ads_elisa_gnome_64_b_0_7","x":22,"y":51,"flipH":true},"ads_elisa_gnome_64_b_2_6":{"source":"ads_elisa_gnome_64_b_0_6","x":22,"y":52,"flipH":true},"ads_elisa_gnome_64_b_0_5":{"x":20,"y":55},"ads_elisa_gnome_64_b_2_3":{"source":"ads_elisa_gnome_64_b_0_3","x":18,"y":54,"flipH":true},"ads_elisa_gnome_64_b_0_4":{"x":19,"y":55},"ads_elisa_gnome_64_b_2_2":{"source":"ads_elisa_gnome_64_b_0_2","x":17,"y":53,"flipH":true},"ads_elisa_gnome_64_b_0_7":{"x":22,"y":51},"ads_elisa_gnome_64_b_2_5":{"source":"ads_elisa_gnome_64_b_0_5","x":20,"y":55,"flipH":true},"ads_elisa_gnome_64_b_0_6":{"x":22,"y":52},"ads_elisa_gnome_64_b_2_4":{"source":"ads_elisa_gnome_64_b_0_4","x":19,"y":55,"flipH":true},"ads_elisa_gnome_64_b_0_1":{"x":15,"y":52},"ads_elisa_gnome_64_b_0_0":{"x":17,"y":35},"ads_elisa_gnome_64_b_0_3":{"x":18,"y":54},"ads_elisa_gnome_64_b_2_1":{"source":"ads_elisa_gnome_64_b_0_1","x":15,"y":52,"flipH":true},"ads_elisa_gnome_64_b_0_2":{"x":17,"y":53},"ads_elisa_gnome_64_b_2_0":{"source":"ads_elisa_gnome_64_b_0_0","x":17,"y":35,"flipH":true},"ads_elisa_gnome_64_c_0_2":{"x":21,"y":47},"ads_elisa_gnome_64_c_2_0":{"source":"ads_elisa_gnome_64_c_0_0","x":3,"y":39,"flipH":true},"ads_elisa_gnome_64_c_0_1":{"x":21,"y":47},"ads_elisa_gnome_64_c_0_0":{"x":3,"y":39},"ads_elisa_gnome_icon_a":{"x":318,"y":-264},"ads_elisa_gnome_64_c_2_4":{"source":"ads_elisa_gnome_64_c_0_4","x":21,"y":47,"flipH":true},"ads_elisa_gnome_64_c_2_3":{"source":"ads_elisa_gnome_64_c_0_3","x":21,"y":47,"flipH":true},"ads_elisa_gnome_64_c_0_4":{"x":21,"y":47},"ads_elisa_gnome_64_c_2_2":{"source":"ads_elisa_gnome_64_c_0_2","x":21,"y":47,"flipH":true},"ads_elisa_gnome_64_c_0_3":{"x":21,"y":47},"ads_elisa_gnome_64_c_2_1":{"source":"ads_elisa_gnome_64_c_0_1","x":21,"y":47,"flipH":true},"ads_elisa_gnome_64_a_0_0":{"x":24,"y":68}},"visualization":{"layerCount":3,"angle":45,"layers":{"1":{"z":2.0},"2":{"ink":"ADD","ignoreMouse":true}},"directions":{"0":{},"2":{}},"animations":{"0":{"layers":{"0":{"frameSequences":{"0":{"frames":{"0":{"id":0}}}}},"1":{"frameSequences":{"0":{"frames":{"0":{"id":1},"1":{"id":2},"2":{"id":3},"3":{"id":4},"4":{"id":5},"5":{"id":6},"6":{"id":7},"7":{"id":6},"8":{"id":5},"9":{"id":4},"10":{"id":3},"11":{"id":2},"12":{"id":1},"13":{"id":2},"14":{"id":3},"15":{"id":4},"16":{"id":5},"17":{"id":6},"18":{"id":7},"19":{"id":6},"20":{"id":5},"21":{"id":4},"22":{"id":3},"23":{"id":2},"24":{"id":1},"25":{"id":2},"26":{"id":3},"27":{"id":4},"28":{"id":5},"29":{"id":6},"30":{"id":7},"31":{"id":0}}}}},"2":{"frameSequences":{"0":{"frames":{"0":{"id":1},"1":{"id":2},"2":{"id":3},"3":{"id":4},"4":{"id":3},"5":{"id":2},"6":{"id":1},"7":{"id":2},"8":{"id":3},"9":{"id":4},"10":{"id":3},"11":{"id":2},"12":{"id":1},"13":{"id":2},"14":{"id":3},"15":{"id":4},"16":{"id":3},"17":{"id":2},"18":{"id":1},"19":{"id":2},"20":{"id":3},"21":{"id":4},"22":{"id":3},"23":{"id":2},"24":{"id":1},"25":{"id":2},"26":{"id":3},"27":{"id":4},"28":{"id":3},"29":{"id":2},"30":{"id":1},"31":{"id":0}}}}}}},"1":{"layers":{"0":{"frameSequences":{"0":{"frames":{"0":{"id":0}}}}},"1":{"frameSequences":{"0":{"frames":{"0":{"id":1},"1":{"id":2},"2":{"id":3},"3":{"id":4},"4":{"id":5},"5":{"id":6},"6":{"id":7},"7":{"id":6},"8":{"id":5},"9":{"id":4},"10":{"id":3},"11":{"id":2},"12":{"id":1},"13":{"id":2},"14":{"id":3},"15":{"id":4},"16":{"id":5},"17":{"id":6},"18":{"id":7},"19":{"id":6},"20":{"id":5},"21":{"id":4},"22":{"id":3},"23":{"id":2},"24":{"id":1},"25":{"id":2},"26":{"id":3},"27":{"id":4},"28":{"id":5},"29":{"id":6},"30":{"id":7},"31":{"id":0}}}}},"2":{"frameSequences":{"0":{"frames":{"0":{"id":1},"1":{"id":2},"2":{"id":3},"3":{"id":4},"4":{"id":3},"5":{"id":2},"6":{"id":1},"7":{"id":2},"8":{"id":3},"9":{"id":4},"10":{"id":3},"11":{"id":2},"12":{"id":1},"13":{"id":2},"14":{"id":3},"15":{"id":4},"16":{"id":3},"17":{"id":2},"18":{"id":1},"19":{"id":2},"20":{"id":3},"21":{"id":4},"22":{"id":3},"23":{"id":2},"24":{"id":1},"25":{"id":2},"26":{"id":3},"27":{"id":4},"28":{"id":3},"29":{"id":2},"30":{"id":1},"31":{"id":0}}}}}}}}}}