{"meta":{"app":"FFConverter ~ Joopie","format":"RGBA8888","image":"ads_boost_surfb.png","scale":"1.0","size":{"w":256,"h":128},"version":"1.0"},"frames":{"ads_boost_surfb_ads_boost_surfb_icon_a.png":{"frame":{"x":128,"y":96,"w":28,"h":30},"sourceSize":{"w":28,"h":30},"spriteSourceSize":{"x":0,"y":0,"w":28,"h":30},"rotated":false,"trimmed":false},"ads_boost_surfb_ads_boost_surfb_64_b_2_0.png":{"frame":{"x":66,"y":2,"w":62,"h":58},"sourceSize":{"w":62,"h":58},"spriteSourceSize":{"x":0,"y":0,"w":62,"h":58},"rotated":false,"trimmed":false},"ads_boost_surfb_ads_boost_surfb_64_b_4_0.png":{"frame":{"x":2,"y":2,"w":62,"h":58},"sourceSize":{"w":62,"h":58},"spriteSourceSize":{"x":0,"y":0,"w":62,"h":58},"rotated":false,"trimmed":false},"ads_boost_surfb_ads_boost_surfb_64_a_4_0.png":{"frame":{"x":2,"y":62,"w":61,"h":64},"sourceSize":{"w":61,"h":64},"spriteSourceSize":{"x":0,"y":0,"w":61,"h":64},"rotated":false,"trimmed":false},"ads_boost_surfb_ads_boost_surfb_64_a_2_0.png":{"frame":{"x":65,"y":62,"w":61,"h":64},"sourceSize":{"w":61,"h":64},"spriteSourceSize":{"x":0,"y":0,"w":61,"h":64},"rotated":false,"trimmed":false}}}