{"type":"furniture","name":"ads_boost_surfb","visualizationType":"furniture_animated","logicType":"furniture_multistate","spritesheet":"ads_boost_surfb_spritesheet.json","dimensions":{"x":1.9063,"y":0.2,"z":1.0625},"directions":[90,180],"assets":{"ads_boost_surfb_64_b_4_0":{"x":29,"y":34},"ads_boost_surfb_icon_a":{"x":14,"y":15},"ads_boost_surfb_64_b_2_0":{"x":30,"y":34},"ads_boost_surfb_64_a_2_0":{"x":29,"y":41},"ads_boost_surfb_64_a_4_0":{"x":29,"y":41}},"visualization":{"layerCount":2,"angle":45,"layers":{"0":{"z":-2990.0},"1":{"alpha":41,"z":-3000.0}},"directions":{"2":{},"4":{}},"animations":{"0":{"layers":{"0":{"frameSequences":{"0":{"frames":{"0":{"id":0}}}}},"1":{"frameSequences":{"0":{"frames":{"0":{"id":0}}}}}}}}}}