{"meta":{"app":"FFConverter ~ Joopie","format":"RGBA8888","image":"ads_clwall1.png","scale":"1.0","size":{"w":512,"h":256},"version":"1.0"},"frames":{"ads_clwall1_ads_clwall1_64_c_2_0.png":{"frame":{"x":250,"y":96,"w":114,"h":135},"sourceSize":{"w":114,"h":135},"spriteSourceSize":{"x":0,"y":0,"w":114,"h":135},"rotated":false,"trimmed":false},"ads_clwall1_ads_clwall1_64_c_4_0.png":{"frame":{"x":366,"y":96,"w":114,"h":135},"sourceSize":{"w":114,"h":135},"spriteSourceSize":{"x":0,"y":0,"w":114,"h":135},"rotated":false,"trimmed":false},"ads_clwall1_ads_clwall1_64_a_2_0.png":{"frame":{"x":82,"y":2,"w":78,"h":92},"sourceSize":{"w":78,"h":92},"spriteSourceSize":{"x":0,"y":0,"w":78,"h":92},"rotated":false,"trimmed":false},"ads_clwall1_ads_clwall1_icon_a.png":{"frame":{"x":482,"y":200,"w":28,"h":31},"sourceSize":{"w":28,"h":31},"spriteSourceSize":{"x":0,"y":0,"w":28,"h":31},"rotated":false,"trimmed":false},"ads_clwall1_ads_clwall1_64_a_4_0.png":{"frame":{"x":2,"y":2,"w":78,"h":92},"sourceSize":{"w":78,"h":92},"spriteSourceSize":{"x":0,"y":0,"w":78,"h":92},"rotated":false,"trimmed":false},"ads_clwall1_ads_clwall1_64_b_4_0.png":{"frame":{"x":2,"y":96,"w":122,"h":135},"sourceSize":{"w":122,"h":135},"spriteSourceSize":{"x":0,"y":0,"w":122,"h":135},"rotated":false,"trimmed":false},"ads_clwall1_ads_clwall1_64_b_2_0.png":{"frame":{"x":126,"y":96,"w":122,"h":135},"sourceSize":{"w":122,"h":135},"spriteSourceSize":{"x":0,"y":0,"w":122,"h":135},"rotated":false,"trimmed":false}}}