{"type":"furniture","name":"ads_clwall1","visualizationType":"furniture_animated","logicType":"furniture_multistate","spritesheet":"ads_clwall1_spritesheet.json","dimensions":{"x":2.4375,"y":0.2,"z":1.6563},"directions":[90,180],"assets":{"ads_clwall1_64_c_4_0":{"x":57,"y":64},"ads_clwall1_64_a_2_0":{"x":45,"y":48},"ads_clwall1_64_b_2_0":{"x":74,"y":70},"ads_clwall1_64_a_4_0":{"x":51,"y":48},"ads_clwall1_64_b_4_0":{"x":66,"y":70},"ads_clwall1_64_c_2_0":{"x":75,"y":64},"ads_clwall1_icon_a":{"x":17,"y":16}},"visualization":{"layerCount":3,"angle":45,"layers":{"0":{"z":-2900.0},"1":{"z":-3000.0},"2":{"alpha":41,"z":-3000.0}},"directions":{"2":{},"4":{}},"animations":{"0":{"layers":{"0":{"frameSequences":{"0":{"frames":{"0":{"id":0}}}}},"1":{"frameSequences":{"0":{"frames":{"0":{"id":0}}}}},"2":{"frameSequences":{"0":{"frames":{"0":{"id":0}}}}}}}}}}