{"meta":{"app":"FFConverter ~ Joopie","format":"RGBA8888","image":"ads_pib.png","scale":"1.0","size":{"w":256,"h":128},"version":"1.0"},"frames":{"ads_pib_ads_pib_64_b_4_0.png":{"frame":{"x":2,"y":18,"w":99,"h":98},"sourceSize":{"w":99,"h":98},"spriteSourceSize":{"x":0,"y":0,"w":99,"h":98},"rotated":false,"trimmed":false},"ads_pib_ads_pib_icon_a.png":{"frame":{"x":103,"y":50,"w":15,"h":18},"sourceSize":{"w":15,"h":18},"spriteSourceSize":{"x":0,"y":0,"w":15,"h":18},"rotated":false,"trimmed":false},"ads_pib_ads_pib_64_sd_4_0.png":{"frame":{"x":2,"y":2,"w":47,"h":14},"sourceSize":{"w":47,"h":14},"spriteSourceSize":{"x":0,"y":0,"w":47,"h":14},"rotated":false,"trimmed":false},"ads_pib_ads_pib_64_a_4_0.png":{"frame":{"x":103,"y":70,"w":47,"h":46},"sourceSize":{"w":47,"h":46},"spriteSourceSize":{"x":0,"y":0,"w":47,"h":46},"rotated":false,"trimmed":false}}}