{"type":"furniture","name":"ads_tlc_wheel","visualizationType":"furniture_habbowheel","logicType":"furniture_habbowheel","spritesheet":"ads_tlc_wheel_spritesheet.json","dimensions":{"x":3.125,"y":0.2,"z":2.3125},"directions":[90,180],"assets":{"ads_tlc_wheel_64_c_2_9":{"x":55,"y":40},"ads_tlc_wheel_64_c_4_7":{"source":"ads_tlc_wheel_64_c_2_7","x":55,"y":40,"flipH":true},"ads_tlc_wheel_64_c_4_8":{"source":"ads_tlc_wheel_64_c_2_8","x":56,"y":40,"flipH":true},"ads_tlc_wheel_64_c_2_7":{"x":55,"y":40},"ads_tlc_wheel_64_c_4_5":{"source":"ads_tlc_wheel_64_c_2_5","x":57,"y":40,"flipH":true},"ads_tlc_wheel_64_c_2_8":{"x":56,"y":40},"ads_tlc_wheel_64_c_4_6":{"source":"ads_tlc_wheel_64_c_2_6","x":58,"y":40,"flipH":true},"ads_tlc_wheel_64_b_2_0":{"x":0,"y":1},"ads_tlc_wheel_64_c_2_5":{"x":57,"y":40},"ads_tlc_wheel_64_b_4_11":{"x":36,"y":49},"ads_tlc_wheel_64_c_4_3":{"source":"ads_tlc_wheel_64_c_2_3","x":56,"y":40,"flipH":true},"ads_tlc_wheel_64_b_2_1":{"x":-3,"y":49},"ads_tlc_wheel_64_c_2_6":{"x":58,"y":40},"ads_tlc_wheel_64_c_4_4":{"source":"ads_tlc_wheel_64_c_2_4","x":60,"y":40,"flipH":true},"ads_tlc_wheel_64_b_2_2":{"x":-8,"y":40},"ads_tlc_wheel_64_c_2_3":{"x":56,"y":40},"ads_tlc_wheel_64_b_4_0":{"source":"ads_tlc_wheel_64_b_2_0","x":0,"y":1,"flipH":true},"ads_tlc_wheel_64_c_4_1":{"source":"ads_tlc_wheel_64_c_2_1","x":52,"y":40,"flipH":true},"ads_tlc_wheel_64_b_2_3":{"x":-9,"y":17},"ads_tlc_wheel_64_c_2_4":{"x":60,"y":40},"ads_tlc_wheel_64_b_4_1":{"source":"ads_tlc_wheel_64_b_2_10","x":13,"y":48,"flipH":true},"ads_tlc_wheel_64_b_4_10":{"source":"ads_tlc_wheel_64_b_2_1","x":-3,"y":49,"flipH":true},"ads_tlc_wheel_64_c_4_2":{"source":"ads_tlc_wheel_64_c_2_2","x":55,"y":40,"flipH":true},"ads_tlc_wheel_64_c_4_9":{"source":"ads_tlc_wheel_64_c_2_9","x":55,"y":40,"flipH":true},"ads_tlc_wheel_64_b_2_4":{"x":-4,"y":-4},"ads_tlc_wheel_64_c_2_1":{"x":52,"y":40},"ads_tlc_wheel_64_b_4_2":{"source":"ads_tlc_wheel_64_b_2_9","x":30,"y":34,"flipH":true},"ads_tlc_wheel_64_b_2_5":{"x":11,"y":-11},"ads_tlc_wheel_64_c_2_2":{"x":55,"y":40},"ads_tlc_wheel_64_b_4_3":{"source":"ads_tlc_wheel_64_b_2_8","x":37,"y":9,"flipH":true},"ads_tlc_wheel_64_c_4_0":{"source":"ads_tlc_wheel_64_b_2_0","x":52,"y":40,"flipH":true},"ads_tlc_wheel_64_b_2_6":{"x":31,"y":-11},"ads_tlc_wheel_64_b_4_4":{"source":"ads_tlc_wheel_64_b_2_7","x":37,"y":-5,"flipH":true},"ads_tlc_wheel_64_b_2_7":{"x":37,"y":-5},"ads_tlc_wheel_64_c_2_0":{"source":"ads_tlc_wheel_64_b_2_0","x":52,"y":40},"ads_tlc_wheel_64_b_4_5":{"source":"ads_tlc_wheel_64_b_2_6","x":31,"y":-11,"flipH":true},"ads_tlc_wheel_64_b_2_8":{"x":37,"y":9},"ads_tlc_wheel_64_b_4_6":{"x":12,"y":-11},"ads_tlc_wheel_64_b_2_9":{"x":30,"y":34},"ads_tlc_wheel_64_b_4_7":{"source":"ads_tlc_wheel_64_b_2_4","x":-4,"y":-4,"flipH":true},"ads_tlc_wheel_64_b_4_8":{"source":"ads_tlc_wheel_64_b_2_3","x":-9,"y":17,"flipH":true},"ads_tlc_wheel_64_b_4_9":{"source":"ads_tlc_wheel_64_b_2_2","x":-8,"y":40,"flipH":true},"ads_tlc_wheel_64_a_2_0":{"x":53,"y":55},"ads_tlc_wheel_64_a_4_0":{"x":47,"y":55},"ads_tlc_wheel_icon_a":{"x":11,"y":15},"ads_tlc_wheel_64_b_2_11":{"x":37,"y":49},"ads_tlc_wheel_64_b_2_10":{"x":13,"y":48},"ads_tlc_wheel_64_d_2_0":{"x":-34,"y":-7},"ads_tlc_wheel_64_d_2_1":{"x":-34,"y":-18},"ads_tlc_wheel_64_d_4_0":{"source":"ads_tlc_wheel_64_d_2_0","x":-34,"y":-7,"flipH":true},"ads_tlc_wheel_64_d_4_1":{"source":"ads_tlc_wheel_64_d_2_1","x":-34,"y":-18,"flipH":true}},"visualization":{"layerCount":4,"angle":45,"layers":{"0":{"z":-1000.0},"1":{"z":-1000.0},"2":{"z":-1000.0,"ink":"ADD"},"3":{"z":-1000.0}},"directions":{"2":{},"4":{}},"animations":{"1":{"layers":{"0":{"frameSequences":{"0":{"frames":{"0":{"id":0}}}}},"1":{"frameSequences":{"0":{"frames":{"0":{"id":1}}}}},"2":{"frameSequences":{"0":{"frames":{"0":{"id":0}}}}},"3":{"frameSequences":{"0":{"frames":{"0":{"id":0}}}}}}},"2":{"layers":{"1":{"frameSequences":{"0":{"frames":{"0":{"id":2}}}}},"2":{"frameSequences":{"0":{"frames":{"0":{"id":0}}}}},"3":{"frameSequences":{"0":{"frames":{"0":{"id":0}}}}}}},"3":{"layers":{"1":{"frameSequences":{"0":{"frames":{"0":{"id":3}}}}},"2":{"frameSequences":{"0":{"frames":{"0":{"id":0}}}}},"3":{"frameSequences":{"0":{"frames":{"0":{"id":0}}}}}}},"4":{"layers":{"1":{"frameSequences":{"0":{"frames":{"0":{"id":4}}}}},"2":{"frameSequences":{"0":{"frames":{"0":{"id":0}}}}},"3":{"frameSequences":{"0":{"frames":{"0":{"id":0}}}}}}},"5":{"layers":{"1":{"frameSequences":{"0":{"frames":{"0":{"id":5}}}}},"2":{"frameSequences":{"0":{"frames":{"0":{"id":0}}}}},"3":{"frameSequences":{"0":{"frames":{"0":{"id":0}}}}}}},"6":{"layers":{"1":{"frameSequences":{"0":{"frames":{"0":{"id":6}}}}},"2":{"frameSequences":{"0":{"frames":{"0":{"id":0}}}}},"3":{"frameSequences":{"0":{"frames":{"0":{"id":0}}}}}}},"7":{"layers":{"1":{"frameSequences":{"0":{"frames":{"0":{"id":7}}}}},"2":{"frameSequences":{"0":{"frames":{"0":{"id":0}}}}},"3":{"frameSequences":{"0":{"frames":{"0":{"id":0}}}}}}},"8":{"layers":{"1":{"frameSequences":{"0":{"frames":{"0":{"id":8}}}}},"2":{"frameSequences":{"0":{"frames":{"0":{"id":0}}}}},"3":{"frameSequences":{"0":{"frames":{"0":{"id":0}}}}}}},"9":{"layers":{"1":{"frameSequences":{"0":{"frames":{"0":{"id":9}}}}},"2":{"frameSequences":{"0":{"frames":{"0":{"id":0}}}}},"3":{"frameSequences":{"0":{"frames":{"0":{"id":0}}}}}}},"10":{"layers":{"1":{"frameSequences":{"0":{"frames":{"0":{"id":10}}}}},"2":{"frameSequences":{"0":{"frames":{"0":{"id":0}}}}},"3":{"frameSequences":{"0":{"frames":{"0":{"id":0}}}}}}},"11":{"layers":{"1":{"frameRepeat":2,"frameSequences":{"0":{"frames":{"0":{"id":1},"1":{"id":1},"2":{"id":2},"3":{"id":2},"4":{"id":3},"5":{"id":3},"6":{"id":4},"7":{"id":4},"8":{"id":4},"9":{"id":5},"10":{"id":5},"11":{"id":5},"12":{"id":6},"13":{"id":6},"14":{"id":6},"15":{"id":7},"16":{"id":7},"17":{"id":7},"18":{"id":7},"19":{"id":8},"20":{"id":8},"21":{"id":8},"22":{"id":8},"23":{"id":9},"24":{"id":9},"25":{"id":9},"26":{"id":9},"27":{"id":9},"28":{"id":9},"29":{"id":10},"30":{"id":10},"31":{"id":10},"32":{"id":10},"33":{"id":10},"34":{"id":10},"35":{"id":10},"36":{"id":10}}}}},"2":{"frameSequences":{"0":{"frames":{"0":{"id":7}}}}},"3":{"frameSequences":{"0":{"frames":{"0":{"id":0}}}}}}},"12":{"layers":{"1":{"frameRepeat":2,"frameSequences":{"0":{"frames":{"0":{"id":1},"1":{"id":2},"2":{"id":2},"3":{"id":3},"4":{"id":3},"5":{"id":4},"6":{"id":4},"7":{"id":5},"8":{"id":5},"9":{"id":5},"10":{"id":6},"11":{"id":6},"12":{"id":6},"13":{"id":7},"14":{"id":7},"15":{"id":7},"16":{"id":8},"17":{"id":8},"18":{"id":8},"19":{"id":8},"20":{"id":9},"21":{"id":9},"22":{"id":9},"23":{"id":9},"24":{"id":10},"25":{"id":10},"26":{"id":10},"27":{"id":10},"28":{"id":10},"29":{"id":10},"30":{"id":1},"31":{"id":1},"32":{"id":1},"33":{"id":1},"34":{"id":1},"35":{"id":1},"36":{"id":1},"37":{"id":1}}}}},"2":{"frameSequences":{"0":{"frames":{"0":{"id":7}}}}},"3":{"frameSequences":{"0":{"frames":{"0":{"id":0}}}}}}},"13":{"layers":{"1":{"frameRepeat":2,"frameSequences":{"0":{"frames":{"0":{"id":1},"1":{"id":2},"2":{"id":3},"3":{"id":3},"4":{"id":4},"5":{"id":4},"6":{"id":5},"7":{"id":5},"8":{"id":6},"9":{"id":6},"10":{"id":6},"11":{"id":7},"12":{"id":7},"13":{"id":7},"14":{"id":8},"15":{"id":8},"16":{"id":8},"17":{"id":9},"18":{"id":9},"19":{"id":9},"20":{"id":9},"21":{"id":10},"22":{"id":10},"23":{"id":10},"24":{"id":10},"25":{"id":1},"26":{"id":1},"27":{"id":1},"28":{"id":1},"29":{"id":1},"30":{"id":1},"31":{"id":2},"32":{"id":2},"33":{"id":2},"34":{"id":2},"35":{"id":2},"36":{"id":2},"37":{"id":2},"38":{"id":2}}}}},"2":{"frameSequences":{"0":{"frames":{"0":{"id":7}}}}},"3":{"frameSequences":{"0":{"frames":{"0":{"id":0}}}}}}},"14":{"layers":{"1":{"frameRepeat":2,"frameSequences":{"0":{"frames":{"0":{"id":1},"1":{"id":2},"2":{"id":3},"3":{"id":4},"4":{"id":4},"5":{"id":5},"6":{"id":5},"7":{"id":6},"8":{"id":6},"9":{"id":7},"10":{"id":7},"11":{"id":7},"12":{"id":8},"13":{"id":8},"14":{"id":8},"15":{"id":9},"16":{"id":9},"17":{"id":9},"18":{"id":10},"19":{"id":10},"20":{"id":10},"21":{"id":10},"22":{"id":1},"23":{"id":1},"24":{"id":1},"25":{"id":1},"26":{"id":2},"27":{"id":2},"28":{"id":2},"29":{"id":2},"30":{"id":2},"31":{"id":2},"32":{"id":3},"33":{"id":3},"34":{"id":3},"35":{"id":3},"36":{"id":3},"37":{"id":3},"38":{"id":3},"39":{"id":3}}}}},"2":{"frameSequences":{"0":{"frames":{"0":{"id":7}}}}},"3":{"frameSequences":{"0":{"frames":{"0":{"id":0}}}}}}},"15":{"layers":{"1":{"frameRepeat":2,"frameSequences":{"0":{"frames":{"0":{"id":1},"1":{"id":2},"2":{"id":3},"3":{"id":4},"4":{"id":5},"5":{"id":5},"6":{"id":6},"7":{"id":6},"8":{"id":7},"9":{"id":7},"10":{"id":8},"11":{"id":8},"12":{"id":8},"13":{"id":9},"14":{"id":9},"15":{"id":9},"16":{"id":10},"17":{"id":10},"18":{"id":10},"19":{"id":1},"20":{"id":1},"21":{"id":1},"22":{"id":1},"23":{"id":2},"24":{"id":2},"25":{"id":2},"26":{"id":2},"27":{"id":3},"28":{"id":3},"29":{"id":3},"30":{"id":3},"31":{"id":3},"32":{"id":3},"33":{"id":4},"34":{"id":4},"35":{"id":4},"36":{"id":4},"37":{"id":4},"38":{"id":4},"39":{"id":4},"40":{"id":4}}}}},"2":{"frameSequences":{"0":{"frames":{"0":{"id":7}}}}},"3":{"frameSequences":{"0":{"frames":{"0":{"id":0}}}}}}},"16":{"layers":{"1":{"frameRepeat":2,"frameSequences":{"0":{"frames":{"0":{"id":1},"1":{"id":2},"2":{"id":3},"3":{"id":4},"4":{"id":5},"5":{"id":6},"6":{"id":6},"7":{"id":7},"8":{"id":7},"9":{"id":8},"10":{"id":8},"11":{"id":9},"12":{"id":9},"13":{"id":9},"14":{"id":10},"15":{"id":10},"16":{"id":10},"17":{"id":1},"18":{"id":1},"19":{"id":1},"20":{"id":2},"21":{"id":2},"22":{"id":2},"23":{"id":2},"24":{"id":3},"25":{"id":3},"26":{"id":3},"27":{"id":3},"28":{"id":4},"29":{"id":4},"30":{"id":4},"31":{"id":4},"32":{"id":4},"33":{"id":4},"34":{"id":5},"35":{"id":5},"36":{"id":5},"37":{"id":5},"38":{"id":5},"39":{"id":5},"40":{"id":5},"41":{"id":5}}}}},"2":{"frameSequences":{"0":{"frames":{"0":{"id":7}}}}},"3":{"frameSequences":{"0":{"frames":{"0":{"id":0}}}}}}},"17":{"layers":{"1":{"frameRepeat":2,"frameSequences":{"0":{"frames":{"0":{"id":1},"1":{"id":2},"2":{"id":3},"3":{"id":4},"4":{"id":5},"5":{"id":6},"6":{"id":7},"7":{"id":7},"8":{"id":8},"9":{"id":8},"10":{"id":9},"11":{"id":9},"12":{"id":10},"13":{"id":10},"14":{"id":10},"15":{"id":1},"16":{"id":1},"17":{"id":1},"18":{"id":2},"19":{"id":2},"20":{"id":2},"21":{"id":3},"22":{"id":3},"23":{"id":3},"24":{"id":3},"25":{"id":4},"26":{"id":4},"27":{"id":4},"28":{"id":4},"29":{"id":5},"30":{"id":5},"31":{"id":5},"32":{"id":5},"33":{"id":5},"34":{"id":5},"35":{"id":6},"36":{"id":6},"37":{"id":6},"38":{"id":6},"39":{"id":6},"40":{"id":6},"41":{"id":6},"42":{"id":6}}}}},"2":{"frameSequences":{"0":{"frames":{"0":{"id":7}}}}},"3":{"frameSequences":{"0":{"frames":{"0":{"id":0}}}}}}},"18":{"layers":{"1":{"frameRepeat":2,"frameSequences":{"0":{"frames":{"0":{"id":1},"1":{"id":2},"2":{"id":3},"3":{"id":4},"4":{"id":5},"5":{"id":6},"6":{"id":7},"7":{"id":8},"8":{"id":8},"9":{"id":9},"10":{"id":9},"11":{"id":10},"12":{"id":10},"13":{"id":1},"14":{"id":1},"15":{"id":1},"16":{"id":2},"17":{"id":2},"18":{"id":2},"19":{"id":3},"20":{"id":3},"21":{"id":3},"22":{"id":4},"23":{"id":4},"24":{"id":4},"25":{"id":4},"26":{"id":5},"27":{"id":5},"28":{"id":5},"29":{"id":5},"30":{"id":6},"31":{"id":6},"32":{"id":6},"33":{"id":6},"34":{"id":6},"35":{"id":6},"36":{"id":7},"37":{"id":7},"38":{"id":7},"39":{"id":7},"40":{"id":7},"41":{"id":7},"42":{"id":7},"43":{"id":7}}}}},"2":{"frameSequences":{"0":{"frames":{"0":{"id":7}}}}},"3":{"frameSequences":{"0":{"frames":{"0":{"id":0}}}}}}},"19":{"layers":{"1":{"frameRepeat":2,"frameSequences":{"0":{"frames":{"0":{"id":1},"1":{"id":2},"2":{"id":3},"3":{"id":4},"4":{"id":5},"5":{"id":6},"6":{"id":7},"7":{"id":8},"8":{"id":9},"9":{"id":9},"10":{"id":10},"11":{"id":10},"12":{"id":1},"13":{"id":1},"14":{"id":2},"15":{"id":2},"16":{"id":2},"17":{"id":3},"18":{"id":3},"19":{"id":3},"20":{"id":4},"21":{"id":4},"22":{"id":4},"23":{"id":5},"24":{"id":5},"25":{"id":5},"26":{"id":5},"27":{"id":6},"28":{"id":6},"29":{"id":6},"30":{"id":6},"31":{"id":7},"32":{"id":7},"33":{"id":7},"34":{"id":7},"35":{"id":7},"36":{"id":7},"37":{"id":8},"38":{"id":8},"39":{"id":8},"40":{"id":8},"41":{"id":8},"42":{"id":8},"43":{"id":8},"44":{"id":8}}}}},"2":{"frameSequences":{"0":{"frames":{"0":{"id":7}}}}},"3":{"frameSequences":{"0":{"frames":{"0":{"id":0}}}}}}},"20":{"layers":{"1":{"frameRepeat":2,"frameSequences":{"0":{"frames":{"0":{"id":1},"1":{"id":2},"2":{"id":3},"3":{"id":4},"4":{"id":5},"5":{"id":6},"6":{"id":7},"7":{"id":8},"8":{"id":9},"9":{"id":10},"10":{"id":10},"11":{"id":1},"12":{"id":1},"13":{"id":2},"14":{"id":2},"15":{"id":3},"16":{"id":3},"17":{"id":3},"18":{"id":4},"19":{"id":4},"20":{"id":4},"21":{"id":5},"22":{"id":5},"23":{"id":5},"24":{"id":6},"25":{"id":6},"26":{"id":6},"27":{"id":6},"28":{"id":7},"29":{"id":7},"30":{"id":7},"31":{"id":7},"32":{"id":8},"33":{"id":8},"34":{"id":8},"35":{"id":8},"36":{"id":8},"37":{"id":8},"38":{"id":9},"39":{"id":9},"40":{"id":9},"41":{"id":9},"42":{"id":9},"43":{"id":9},"44":{"id":9},"45":{"id":9}}}}},"2":{"frameSequences":{"0":{"frames":{"0":{"id":7}}}}},"3":{"frameSequences":{"0":{"frames":{"0":{"id":0}}}}}}},"21":{"layers":{"1":{"frameRepeat":10,"frameSequences":{"0":{"frames":{"0":{"id":1},"1":{"id":1},"2":{"id":0},"3":{"id":1},"4":{"id":0},"5":{"id":1},"6":{"id":0},"7":{"id":1},"8":{"id":0},"9":{"id":1},"10":{"id":0},"11":{"id":1}}}}},"2":{"frameRepeat":10,"frameSequences":{"0":{"frames":{"0":{"id":7},"1":{"id":9},"2":{"id":8},"3":{"id":9},"4":{"id":8},"5":{"id":9},"6":{"id":8},"7":{"id":9},"8":{"id":8},"9":{"id":9},"10":{"id":8},"11":{"id":0}}}}},"3":{"frameSequences":{"0":{"frames":{"0":{"id":0}}}}}}},"22":{"layers":{"1":{"frameRepeat":10,"frameSequences":{"0":{"frames":{"0":{"id":2},"1":{"id":2},"2":{"id":0},"3":{"id":2},"4":{"id":0},"5":{"id":2},"6":{"id":0},"7":{"id":2},"8":{"id":0},"9":{"id":2},"10":{"id":0},"11":{"id":2}}}}},"2":{"frameRepeat":10,"frameSequences":{"0":{"frames":{"0":{"id":7},"1":{"id":9},"2":{"id":8},"3":{"id":9},"4":{"id":8},"5":{"id":9},"6":{"id":8},"7":{"id":9},"8":{"id":8},"9":{"id":9},"10":{"id":8},"11":{"id":0}}}}},"3":{"frameSequences":{"0":{"frames":{"0":{"id":0}}}}}}},"23":{"layers":{"1":{"frameRepeat":10,"frameSequences":{"0":{"frames":{"0":{"id":3},"1":{"id":3},"2":{"id":0},"3":{"id":3},"4":{"id":0},"5":{"id":3},"6":{"id":0},"7":{"id":3},"8":{"id":0},"9":{"id":3},"10":{"id":0},"11":{"id":3}}}}},"2":{"frameRepeat":10,"frameSequences":{"0":{"frames":{"0":{"id":7},"1":{"id":9},"2":{"id":8},"3":{"id":9},"4":{"id":8},"5":{"id":9},"6":{"id":8},"7":{"id":9},"8":{"id":8},"9":{"id":9},"10":{"id":8},"11":{"id":0}}}}},"3":{"frameSequences":{"0":{"frames":{"0":{"id":0}}}}}}},"24":{"layers":{"1":{"frameRepeat":10,"frameSequences":{"0":{"frames":{"0":{"id":4},"1":{"id":4},"2":{"id":0},"3":{"id":4},"4":{"id":0},"5":{"id":4},"6":{"id":0},"7":{"id":4},"8":{"id":0},"9":{"id":4},"10":{"id":0},"11":{"id":4}}}}},"2":{"frameRepeat":10,"frameSequences":{"0":{"frames":{"0":{"id":7},"1":{"id":9},"2":{"id":8},"3":{"id":9},"4":{"id":8},"5":{"id":9},"6":{"id":8},"7":{"id":9},"8":{"id":8},"9":{"id":9},"10":{"id":8},"11":{"id":0}}}}},"3":{"frameSequences":{"0":{"frames":{"0":{"id":0}}}}}}},"25":{"layers":{"1":{"frameRepeat":10,"frameSequences":{"0":{"frames":{"0":{"id":5},"1":{"id":5},"2":{"id":0},"3":{"id":5},"4":{"id":0},"5":{"id":5},"6":{"id":0},"7":{"id":5},"8":{"id":0},"9":{"id":5},"10":{"id":0},"11":{"id":5}}}}},"2":{"frameRepeat":10,"frameSequences":{"0":{"frames":{"0":{"id":7},"1":{"id":9},"2":{"id":8},"3":{"id":9},"4":{"id":8},"5":{"id":9},"6":{"id":8},"7":{"id":9},"8":{"id":8},"9":{"id":9},"10":{"id":8},"11":{"id":0}}}}},"3":{"frameSequences":{"0":{"frames":{"0":{"id":0}}}}}}},"26":{"layers":{"1":{"frameRepeat":10,"frameSequences":{"0":{"frames":{"0":{"id":6},"1":{"id":6},"2":{"id":0},"3":{"id":6},"4":{"id":0},"5":{"id":6},"6":{"id":0},"7":{"id":6},"8":{"id":0},"9":{"id":6},"10":{"id":0},"11":{"id":6}}}}},"2":{"frameRepeat":10,"frameSequences":{"0":{"frames":{"0":{"id":7},"1":{"id":9},"2":{"id":8},"3":{"id":9},"4":{"id":8},"5":{"id":9},"6":{"id":8},"7":{"id":9},"8":{"id":8},"9":{"id":9},"10":{"id":8},"11":{"id":0}}}}},"3":{"frameSequences":{"0":{"frames":{"0":{"id":0}}}}}}},"27":{"layers":{"1":{"frameRepeat":10,"frameSequences":{"0":{"frames":{"0":{"id":7},"1":{"id":7},"2":{"id":0},"3":{"id":7},"4":{"id":0},"5":{"id":7},"6":{"id":0},"7":{"id":7},"8":{"id":0},"9":{"id":7},"10":{"id":0},"11":{"id":7}}}}},"2":{"frameRepeat":10,"frameSequences":{"0":{"frames":{"0":{"id":7},"1":{"id":9},"2":{"id":8},"3":{"id":9},"4":{"id":8},"5":{"id":9},"6":{"id":8},"7":{"id":9},"8":{"id":8},"9":{"id":9},"10":{"id":8},"11":{"id":0}}}}},"3":{"frameSequences":{"0":{"frames":{"0":{"id":0}}}}}}},"28":{"layers":{"1":{"frameRepeat":10,"frameSequences":{"0":{"frames":{"0":{"id":8},"1":{"id":8},"2":{"id":0},"3":{"id":8},"4":{"id":0},"5":{"id":8},"6":{"id":0},"7":{"id":8},"8":{"id":0},"9":{"id":8},"10":{"id":0},"11":{"id":8}}}}},"2":{"frameRepeat":10,"frameSequences":{"0":{"frames":{"0":{"id":7},"1":{"id":9},"2":{"id":8},"3":{"id":9},"4":{"id":8},"5":{"id":9},"6":{"id":8},"7":{"id":9},"8":{"id":8},"9":{"id":9},"10":{"id":8},"11":{"id":0}}}}},"3":{"frameSequences":{"0":{"frames":{"0":{"id":0}}}}}}},"29":{"layers":{"1":{"frameRepeat":10,"frameSequences":{"0":{"frames":{"0":{"id":9},"1":{"id":9},"2":{"id":0},"3":{"id":9},"4":{"id":0},"5":{"id":9},"6":{"id":0},"7":{"id":9},"8":{"id":0},"9":{"id":9},"10":{"id":0},"11":{"id":9}}}}},"2":{"frameRepeat":10,"frameSequences":{"0":{"frames":{"0":{"id":7},"1":{"id":9},"2":{"id":8},"3":{"id":9},"4":{"id":8},"5":{"id":9},"6":{"id":8},"7":{"id":9},"8":{"id":8},"9":{"id":9},"10":{"id":8},"11":{"id":0}}}}},"3":{"frameSequences":{"0":{"frames":{"0":{"id":0}}}}}}},"30":{"layers":{"1":{"frameRepeat":10,"frameSequences":{"0":{"frames":{"0":{"id":10},"1":{"id":10},"2":{"id":0},"3":{"id":10},"4":{"id":0},"5":{"id":10},"6":{"id":0},"7":{"id":10},"8":{"id":0},"9":{"id":10},"10":{"id":0},"11":{"id":10}}}}},"2":{"frameRepeat":10,"frameSequences":{"0":{"frames":{"0":{"id":7},"1":{"id":9},"2":{"id":8},"3":{"id":9},"4":{"id":8},"5":{"id":9},"6":{"id":8},"7":{"id":9},"8":{"id":8},"9":{"id":9},"10":{"id":8},"11":{"id":0}}}}},"3":{"frameSequences":{"0":{"frames":{"0":{"id":0}}}}}}},"31":{"layers":{"1":{"frameRepeat":10,"frameSequences":{"0":{"frames":{"0":{"id":11},"1":{"id":0}}}}},"2":{"frameRepeat":3,"frameSequences":{"0":{"frames":{"0":{"id":0},"1":{"id":0},"2":{"id":0},"3":{"id":0},"4":{"id":0},"5":{"id":1},"6":{"id":2},"7":{"id":3},"8":{"id":4},"9":{"id":5},"10":{"id":6},"11":{"id":7}}}}},"3":{"frameRepeat":10,"frameSequences":{"0":{"frames":{"0":{"id":1},"1":{"id":0}}}}}}},"32":{"layers":{"1":{"loopCount":0,"frameRepeat":2,"frameSequences":{"0":{"frames":{"0":{"id":1},"1":{"id":2},"2":{"id":3},"3":{"id":4},"4":{"id":5},"5":{"id":6},"6":{"id":7},"7":{"id":8},"8":{"id":9},"9":{"id":10}}}}},"2":{"frameSequences":{"0":{"frames":{"0":{"id":7}}}}},"3":{"frameSequences":{"0":{"frames":{"0":{"id":0}}}}}}}}}}