{"type":"furniture","name":"ads_cldesk","visualizationType":"furniture_static","logicType":"furniture_basic","spritesheet":"ads_cldesk_spritesheet.json","dimensions":{"x":2.0,"y":2.0,"z":1.0},"directions":[0,90,180,270],"assets":{"ads_cldesk_64_sd_6_0":{"source":"ads_cldesk_64_sd_0_0","x":53,"y":11,"flipH":true},"ads_cldesk_64_sd_2_0":{"x":49,"y":9},"ads_cldesk_64_b_4_0":{"x":23,"y":48},"ads_cldesk_64_sd_4_0":{"x":58,"y":10},"ads_cldesk_64_b_6_0":{"source":"ads_cldesk_64_b_0_0","x":34,"y":64,"flipH":true},"ads_cldesk_64_sd_0_0":{"x":53,"y":11},"ads_cldesk_icon_a":{"x":14,"y":15},"ads_cldesk_64_a_0_0":{"x":54,"y":78},"ads_cldesk_64_a_2_0":{"x":50,"y":64},"ads_cldesk_64_a_4_0":{"x":58,"y":65},"ads_cldesk_64_a_6_0":{"source":"ads_cldesk_64_a_0_0","x":54,"y":78,"flipH":true},"ads_cldesk_64_b_2_0":{"x":-24,"y":47},"ads_cldesk_64_b_0_0":{"x":34,"y":64}},"visualization":{"layerCount":2,"angle":45,"layers":{"0":{"z":1000.0},"1":{"z":1001.0}},"directions":{"0":{},"2":{},"4":{},"6":{}}}}