{"meta":{"app":"FFConverter ~ Joopie","format":"RGBA8888","image":"ads_cldesk.png","scale":"1.0","size":{"w":1024,"h":128},"version":"1.0"},"frames":{"ads_cldesk_ads_cldesk_64_sd_2_0.png":{"frame":{"x":346,"y":70,"w":112,"h":56},"sourceSize":{"w":112,"h":56},"spriteSourceSize":{"x":0,"y":0,"w":112,"h":56},"rotated":false,"trimmed":false},"ads_cldesk_ads_cldesk_64_b_4_0.png":{"frame":{"x":116,"y":6,"w":4,"h":7},"sourceSize":{"w":4,"h":7},"spriteSourceSize":{"x":0,"y":0,"w":4,"h":7},"rotated":false,"trimmed":false},"ads_cldesk_ads_cldesk_64_b_2_0.png":{"frame":{"x":687,"y":120,"w":4,"h":6},"sourceSize":{"w":4,"h":6},"spriteSourceSize":{"x":0,"y":0,"w":4,"h":6},"rotated":false,"trimmed":false},"ads_cldesk_ads_cldesk_64_b_0_0.png":{"frame":{"x":2,"y":2,"w":1,"h":1},"sourceSize":{"w":1,"h":1},"spriteSourceSize":{"x":0,"y":0,"w":1,"h":1},"rotated":false,"trimmed":false},"ads_cldesk_ads_cldesk_64_a_0_0.png":{"frame":{"x":2,"y":5,"w":112,"h":121},"sourceSize":{"w":112,"h":121},"spriteSourceSize":{"x":0,"y":0,"w":112,"h":121},"rotated":false,"trimmed":false},"ads_cldesk_ads_cldesk_icon_a.png":{"frame":{"x":346,"y":38,"w":28,"h":30},"sourceSize":{"w":28,"h":30},"spriteSourceSize":{"x":0,"y":0,"w":28,"h":30},"rotated":false,"trimmed":false},"ads_cldesk_ads_cldesk_64_a_4_0.png":{"frame":{"x":231,"y":15,"w":113,"h":111},"sourceSize":{"w":113,"h":111},"spriteSourceSize":{"x":0,"y":0,"w":113,"h":111},"rotated":false,"trimmed":false},"ads_cldesk_ads_cldesk_64_sd_0_0.png":{"frame":{"x":574,"y":70,"w":111,"h":56},"sourceSize":{"w":111,"h":56},"spriteSourceSize":{"x":0,"y":0,"w":111,"h":56},"rotated":false,"trimmed":false},"ads_cldesk_ads_cldesk_64_a_2_0.png":{"frame":{"x":116,"y":15,"w":113,"h":111},"sourceSize":{"w":113,"h":111},"spriteSourceSize":{"x":0,"y":0,"w":113,"h":111},"rotated":false,"trimmed":false},"ads_cldesk_ads_cldesk_64_sd_4_0.png":{"frame":{"x":460,"y":70,"w":112,"h":56},"sourceSize":{"w":112,"h":56},"spriteSourceSize":{"x":0,"y":0,"w":112,"h":56},"rotated":false,"trimmed":false}}}