{"type":"furniture","name":"ads_idol_tube","visualizationType":"furniture_animated","logicType":"furniture_multistate","spritesheet":"ads_idol_tube_spritesheet.json","dimensions":{"x":1.0,"y":1.0,"z":2.2},"directions":[90,180],"assets":{"ads_idol_tube_64_a_2_0":{"x":21,"y":87},"ads_idol_tube_icon_a":{"x":7,"y":15},"ads_idol_tube_64_c_2_0":{"source":"ads_idol_tube_32_c_2_0","x":20,"y":79},"ads_idol_tube_64_c_2_2":{"x":50,"y":91},"ads_idol_tube_64_c_4_0":{"source":"ads_idol_tube_32_c_2_0","x":20,"y":79,"flipH":true},"ads_idol_tube_64_c_2_1":{"x":50,"y":91},"ads_idol_tube_64_a_4_0":{"source":"ads_idol_tube_64_a_2_0","x":21,"y":87,"flipH":true},"ads_idol_tube_64_c_2_4":{"x":50,"y":91},"ads_idol_tube_64_c_4_2":{"source":"ads_idol_tube_64_c_2_2","x":50,"y":91,"flipH":true},"ads_idol_tube_64_a_2_1":{"x":21,"y":87},"ads_idol_tube_64_c_2_3":{"x":50,"y":91},"ads_idol_tube_64_c_4_1":{"source":"ads_idol_tube_64_c_2_1","x":50,"y":91,"flipH":true},"ads_idol_tube_64_c_2_6":{"x":50,"y":91},"ads_idol_tube_64_c_4_4":{"source":"ads_idol_tube_64_c_2_4","x":50,"y":91,"flipH":true},"ads_idol_tube_64_a_4_1":{"source":"ads_idol_tube_64_a_2_1","x":21,"y":87,"flipH":true},"ads_idol_tube_64_c_2_5":{"x":50,"y":91},"ads_idol_tube_64_c_4_3":{"source":"ads_idol_tube_64_c_2_3","x":50,"y":91,"flipH":true},"ads_idol_tube_64_c_4_6":{"source":"ads_idol_tube_64_c_2_6","x":50,"y":91,"flipH":true},"ads_idol_tube_64_c_4_5":{"source":"ads_idol_tube_64_c_2_5","x":50,"y":91,"flipH":true},"ads_idol_tube_64_b_4_1":{"source":"ads_idol_tube_64_b_2_1","x":20,"y":79,"flipH":true},"ads_idol_tube_64_b_4_0":{"source":"ads_idol_tube_64_b_2_0","x":20,"y":78,"flipH":true},"ads_idol_tube_64_b_2_1":{"x":20,"y":79},"ads_idol_tube_64_b_2_0":{"x":20,"y":78}},"visualization":{"layerCount":3,"angle":45,"layers":{"1":{"alpha":242},"2":{"ink":"ADD","ignoreMouse":true}},"directions":{"2":{},"4":{}},"animations":{"0":{"layers":{"0":{"frameSequences":{"0":{"frames":{"0":{"id":0}}}}},"1":{"frameSequences":{"0":{"frames":{"0":{"id":0}}}}},"2":{"frameSequences":{"0":{"frames":{"0":{"id":0}}}}}}},"1":{"layers":{"0":{"frameSequences":{"0":{"frames":{"0":{"id":1}}}}},"1":{"frameSequences":{"0":{"frames":{"0":{"id":1}}}}},"2":{"loopCount":0,"frameRepeat":2,"frameSequences":{"0":{"frames":{"0":{"id":1},"1":{"id":1},"2":{"id":1},"3":{"id":2},"4":{"id":2},"5":{"id":2},"6":{"id":3},"7":{"id":3},"8":{"id":3},"9":{"id":4},"10":{"id":4},"11":{"id":4},"12":{"id":5},"13":{"id":5},"14":{"id":5},"15":{"id":6},"16":{"id":6},"17":{"id":6}}}}}}}}}}