{"meta":{"app":"FFConverter ~ Joopie","format":"RGBA8888","image":"ads_idol_tube.png","scale":"1.0","size":{"w":1024,"h":128},"version":"1.0"},"frames":{"ads_idol_tube_ads_idol_tube_64_a_2_1.png":{"frame":{"x":676,"y":19,"w":42,"h":97},"sourceSize":{"w":42,"h":97},"spriteSourceSize":{"x":0,"y":0,"w":42,"h":97},"rotated":false,"trimmed":false},"ads_idol_tube_ads_idol_tube_64_c_2_2.png":{"frame":{"x":422,"y":5,"w":103,"h":111},"sourceSize":{"w":103,"h":111},"spriteSourceSize":{"x":0,"y":0,"w":103,"h":111},"rotated":false,"trimmed":false},"ads_idol_tube_ads_idol_tube_64_a_2_0.png":{"frame":{"x":632,"y":19,"w":42,"h":97},"sourceSize":{"w":42,"h":97},"spriteSourceSize":{"x":0,"y":0,"w":42,"h":97},"rotated":false,"trimmed":false},"ads_idol_tube_ads_idol_tube_64_c_2_3.png":{"frame":{"x":317,"y":5,"w":103,"h":111},"sourceSize":{"w":103,"h":111},"spriteSourceSize":{"x":0,"y":0,"w":103,"h":111},"rotated":false,"trimmed":false},"ads_idol_tube_ads_idol_tube_icon_a.png":{"frame":{"x":804,"y":86,"w":14,"h":30},"sourceSize":{"w":14,"h":30},"spriteSourceSize":{"x":0,"y":0,"w":14,"h":30},"rotated":false,"trimmed":false},"ads_idol_tube_ads_idol_tube_64_c_2_1.png":{"frame":{"x":527,"y":5,"w":103,"h":111},"sourceSize":{"w":103,"h":111},"spriteSourceSize":{"x":0,"y":0,"w":103,"h":111},"rotated":false,"trimmed":false},"ads_idol_tube_ads_idol_tube_32_c_2_0.png":{"frame":{"x":2,"y":2,"w":1,"h":1},"sourceSize":{"w":1,"h":1},"spriteSourceSize":{"x":0,"y":0,"w":1,"h":1},"rotated":false,"trimmed":false},"ads_idol_tube_ads_idol_tube_64_c_2_5.png":{"frame":{"x":212,"y":5,"w":103,"h":111},"sourceSize":{"w":103,"h":111},"spriteSourceSize":{"x":0,"y":0,"w":103,"h":111},"rotated":false,"trimmed":false},"ads_idol_tube_ads_idol_tube_64_b_2_0.png":{"frame":{"x":762,"y":33,"w":40,"h":83},"sourceSize":{"w":40,"h":83},"spriteSourceSize":{"x":0,"y":0,"w":40,"h":83},"rotated":false,"trimmed":false},"ads_idol_tube_ads_idol_tube_64_c_2_4.png":{"frame":{"x":107,"y":5,"w":103,"h":111},"sourceSize":{"w":103,"h":111},"spriteSourceSize":{"x":0,"y":0,"w":103,"h":111},"rotated":false,"trimmed":false},"ads_idol_tube_ads_idol_tube_64_c_2_6.png":{"frame":{"x":2,"y":5,"w":103,"h":111},"sourceSize":{"w":103,"h":111},"spriteSourceSize":{"x":0,"y":0,"w":103,"h":111},"rotated":false,"trimmed":false},"ads_idol_tube_ads_idol_tube_64_b_2_1.png":{"frame":{"x":720,"y":32,"w":40,"h":84},"sourceSize":{"w":40,"h":84},"spriteSourceSize":{"x":0,"y":0,"w":40,"h":84},"rotated":false,"trimmed":false}}}