{"meta":{"app":"FFConverter ~ Joopie","format":"RGBA8888","image":"ads_calip_fan.png","scale":"1.0","size":{"w":256,"h":128},"version":"1.0"},"frames":{"ads_calip_fan_ads_calip_fan_64_a_6_0.png":{"frame":{"x":40,"y":45,"w":35,"h":71},"sourceSize":{"w":35,"h":71},"spriteSourceSize":{"x":0,"y":0,"w":35,"h":71},"rotated":false,"trimmed":false},"ads_calip_fan_ads_calip_fan_64_sd_2_0.png":{"frame":{"x":180,"y":102,"w":35,"h":14},"sourceSize":{"w":35,"h":14},"spriteSourceSize":{"x":0,"y":0,"w":35,"h":14},"rotated":false,"trimmed":false},"ads_calip_fan_ads_calip_fan_64_c_2_2.png":{"frame":{"x":77,"y":79,"w":33,"h":37},"sourceSize":{"w":33,"h":37},"spriteSourceSize":{"x":0,"y":0,"w":33,"h":37},"rotated":false,"trimmed":false},"ads_calip_fan_ads_calip_fan_64_c_2_0.png":{"frame":{"x":38,"y":7,"w":33,"h":36},"sourceSize":{"w":33,"h":36},"spriteSourceSize":{"x":0,"y":0,"w":33,"h":36},"rotated":false,"trimmed":false},"ads_calip_fan_ads_calip_fan_64_c_2_1.png":{"frame":{"x":147,"y":80,"w":31,"h":36},"sourceSize":{"w":31,"h":36},"spriteSourceSize":{"x":0,"y":0,"w":31,"h":36},"rotated":false,"trimmed":false},"ads_calip_fan_ads_calip_fan_64_c_2_3.png":{"frame":{"x":112,"y":81,"w":33,"h":35},"sourceSize":{"w":33,"h":35},"spriteSourceSize":{"x":0,"y":0,"w":33,"h":35},"rotated":false,"trimmed":false},"ads_calip_fan_ads_calip_fan_icon_a.png":{"frame":{"x":77,"y":47,"w":20,"h":30},"sourceSize":{"w":20,"h":30},"spriteSourceSize":{"x":0,"y":0,"w":20,"h":30},"rotated":false,"trimmed":false},"ads_calip_fan_ads_calip_fan_64_b_2_1.png":{"frame":{"x":2,"y":5,"w":34,"h":38},"sourceSize":{"w":34,"h":38},"spriteSourceSize":{"x":0,"y":0,"w":34,"h":38},"rotated":false,"trimmed":false},"ads_calip_fan_ads_calip_fan_64_a_2_0.png":{"frame":{"x":2,"y":45,"w":36,"h":71},"sourceSize":{"w":36,"h":71},"spriteSourceSize":{"x":0,"y":0,"w":36,"h":71},"rotated":false,"trimmed":false},"ads_calip_fan_ads_calip_fan_32_d_2_0.png":{"frame":{"x":73,"y":42,"w":1,"h":1},"sourceSize":{"w":1,"h":1},"spriteSourceSize":{"x":0,"y":0,"w":1,"h":1},"rotated":false,"trimmed":false}}}