{"type":"furniture","name":"ads_calip_fan","visualizationType":"furniture_animated","logicType":"furniture_multistate","spritesheet":"ads_calip_fan_spritesheet.json","dimensions":{"x":1.0,"y":1.0,"z":0.0},"directions":[0,90,180,270],"assets":{"ads_calip_fan_64_c_6_3":{"source":"ads_calip_fan_64_c_2_3","x":7,"y":63},"ads_calip_fan_64_sd_4_0":{"source":"ads_calip_fan_64_sd_2_0","x":19,"y":2,"flipH":true},"ads_calip_fan_64_c_4_3":{"source":"ads_calip_fan_64_c_2_3","x":7,"y":63,"flipH":true},"ads_calip_fan_64_c_6_1":{"source":"ads_calip_fan_64_c_2_1","x":6,"y":62},"ads_calip_fan_64_c_6_2":{"source":"ads_calip_fan_64_c_2_2","x":8,"y":64},"ads_calip_fan_64_sd_2_0":{"x":19,"y":2},"ads_calip_fan_64_sd_6_0":{"source":"ads_calip_fan_64_sd_2_0","x":19,"y":2},"ads_calip_fan_64_b_4_0":{"source":"ads_calip_fan_32_d_2_0","x":5,"y":61,"flipH":true},"ads_calip_fan_64_b_4_1":{"source":"ads_calip_fan_64_b_2_1","x":8,"y":64,"flipH":true},"ads_calip_fan_64_b_6_0":{"source":"ads_calip_fan_32_d_2_0","x":5,"y":61},"ads_calip_fan_64_b_6_1":{"source":"ads_calip_fan_64_b_2_1","x":8,"y":64},"ads_calip_fan_64_b_0_0":{"source":"ads_calip_fan_32_d_2_0","x":5,"y":61,"flipH":true},"ads_calip_fan_64_b_0_1":{"source":"ads_calip_fan_64_b_2_1","x":8,"y":64,"flipH":true},"ads_calip_fan_64_b_2_0":{"source":"ads_calip_fan_32_d_2_0","x":5,"y":61},"ads_calip_fan_64_b_2_1":{"x":8,"y":64},"ads_calip_fan_64_c_0_1":{"source":"ads_calip_fan_64_c_2_1","x":6,"y":62,"flipH":true},"ads_calip_fan_64_c_0_2":{"source":"ads_calip_fan_64_c_2_2","x":8,"y":64,"flipH":true},"ads_calip_fan_64_c_2_0":{"x":8,"y":62},"ads_calip_fan_icon_a":{"x":10,"y":15},"ads_calip_fan_64_c_0_0":{"source":"ads_calip_fan_64_c_2_0","x":8,"y":62,"flipH":true},"ads_calip_fan_64_c_2_3":{"x":7,"y":63},"ads_calip_fan_64_c_4_1":{"source":"ads_calip_fan_64_c_2_1","x":6,"y":62,"flipH":true},"ads_calip_fan_64_c_4_2":{"source":"ads_calip_fan_64_c_2_2","x":8,"y":64,"flipH":true},"ads_calip_fan_64_c_6_0":{"source":"ads_calip_fan_64_c_2_0","x":8,"y":62},"ads_calip_fan_64_sd_0_0":{"source":"ads_calip_fan_64_sd_2_0","x":19,"y":2,"flipH":true},"ads_calip_fan_64_c_0_3":{"source":"ads_calip_fan_64_c_2_3","x":7,"y":63,"flipH":true},"ads_calip_fan_64_c_2_1":{"x":6,"y":62},"ads_calip_fan_64_c_2_2":{"x":8,"y":64},"ads_calip_fan_64_c_4_0":{"source":"ads_calip_fan_64_c_2_0","x":8,"y":62,"flipH":true},"ads_calip_fan_64_d_0_0":{"source":"ads_calip_fan_32_d_2_0","x":5,"y":61,"flipH":true},"ads_calip_fan_64_d_2_0":{"source":"ads_calip_fan_32_d_2_0","x":5,"y":61},"ads_calip_fan_64_d_4_0":{"source":"ads_calip_fan_32_d_2_0","x":5,"y":61,"flipH":true},"ads_calip_fan_64_a_0_0":{"source":"ads_calip_fan_64_a_6_0","x":17,"y":61,"flipH":true},"ads_calip_fan_64_d_6_0":{"source":"ads_calip_fan_32_d_2_0","x":5,"y":61,"flipH":true},"ads_calip_fan_64_a_6_0":{"x":17,"y":61},"ads_calip_fan_64_a_4_0":{"source":"ads_calip_fan_64_a_2_0","x":17,"y":61,"flipH":true},"ads_calip_fan_64_a_2_0":{"x":17,"y":61}},"visualization":{"layerCount":4,"angle":45,"layers":{"1":{"alpha":77}},"directions":{"0":{"layers":{"1":{"x":16,"y":-6,"z":-100.0},"2":{"x":16,"y":-6,"z":-100.0}}},"2":{},"4":{},"6":{"layers":{"1":{"x":-16,"y":-6,"z":-100.0},"2":{"x":-16,"y":-6,"z":-100.0}}}},"animations":{"0":{"layers":{"0":{"frameSequences":{"0":{"frames":{"0":{"id":0}}}}},"1":{"frameSequences":{"0":{"frames":{"0":{"id":0}}}}},"2":{"frameSequences":{"0":{"frames":{"0":{"id":0}}}}},"3":{"frameSequences":{"0":{"frames":{"0":{"id":0}}}}}}},"1":{"layers":{"1":{"frameSequences":{"0":{"frames":{"0":{"id":1}}}}},"2":{"loopCount":0,"frameRepeat":2,"frameSequences":{"0":{"frames":{"0":{"id":1},"1":{"id":2},"2":{"id":3}}}}}}}}}}