{"type":"furniture","name":"ads_mtv_tv","visualizationType":"furniture_animated","logicType":"furniture_multistate","spritesheet":"ads_mtv_tv_spritesheet.json","dimensions":{"x":2.4375,"y":0.2,"z":1.6563},"directions":[90,180],"assets":{"ads_mtv_tv_64_b_2_0":{"x":77,"y":66},"ads_mtv_tv_64_b_4_0":{"x":60,"y":68},"ads_mtv_tv_64_c_4_0":{"x":51,"y":62},"ads_mtv_tv_64_c_2_0":{"x":78,"y":60},"ads_mtv_tv_64_d_2_0":{"source":"ads_mtv_tv_64_d_4_0","x":76,"y":-50},"ads_mtv_tv_icon_a":{"x":14,"y":15},"ads_mtv_tv_64_d_4_0":{"x":-58,"y":-48},"ads_mtv_tv_64_a_2_9":{"x":48,"y":44},"ads_mtv_tv_64_a_4_7":{"x":45,"y":46},"ads_mtv_tv_64_a_2_8":{"x":48,"y":44},"ads_mtv_tv_64_a_4_6":{"x":45,"y":46},"ads_mtv_tv_64_a_2_7":{"x":48,"y":44},"ads_mtv_tv_64_a_4_5":{"x":45,"y":46},"ads_mtv_tv_64_a_2_6":{"x":48,"y":44},"ads_mtv_tv_64_a_4_4":{"x":45,"y":46},"ads_mtv_tv_64_a_4_9":{"x":45,"y":46},"ads_mtv_tv_64_a_4_8":{"x":45,"y":46},"ads_mtv_tv_64_a_2_1":{"x":48,"y":44},"ads_mtv_tv_64_a_2_10":{"x":48,"y":44},"ads_mtv_tv_64_a_2_5":{"x":48,"y":44},"ads_mtv_tv_64_a_4_3":{"x":45,"y":46},"ads_mtv_tv_64_a_2_4":{"x":48,"y":44},"ads_mtv_tv_64_a_4_2":{"x":45,"y":46},"ads_mtv_tv_64_a_2_3":{"x":48,"y":44},"ads_mtv_tv_64_a_4_1":{"x":45,"y":46},"ads_mtv_tv_64_a_4_10":{"x":45,"y":46},"ads_mtv_tv_64_a_2_2":{"x":48,"y":44},"ads_mtv_tv_64_a_4_0":{"x":60,"y":-14}},"visualization":{"layerCount":4,"angle":45,"layers":{"0":{"z":-2985.0},"1":{"z":-2990.0},"2":{"alpha":41,"z":-2995.0},"3":{"z":-3000.0}},"directions":{"2":{},"4":{}},"animations":{"0":{"layers":{"0":{"loopCount":0,"frameRepeat":4,"frameSequences":{"0":{"frames":{"0":{"id":1},"1":{"id":1},"2":{"id":1},"3":{"id":1},"4":{"id":1},"5":{"id":1},"6":{"id":2},"7":{"id":3},"8":{"id":4},"9":{"id":5},"10":{"id":6},"11":{"id":7},"12":{"id":8},"13":{"id":8},"14":{"id":8},"15":{"id":8},"16":{"id":8},"17":{"id":8},"18":{"id":8},"19":{"id":8},"20":{"id":8},"21":{"id":8},"22":{"id":8},"23":{"id":8},"24":{"id":8},"25":{"id":8},"26":{"id":1},"27":{"id":1},"28":{"id":1},"29":{"id":9},"30":{"id":9},"31":{"id":9},"32":{"id":9},"33":{"id":9},"34":{"id":9},"35":{"id":9},"36":{"id":9},"37":{"id":9},"38":{"id":9},"39":{"id":9},"40":{"id":9},"41":{"id":9},"42":{"id":10},"43":{"id":10},"44":{"id":10},"45":{"id":10},"46":{"id":10},"47":{"id":10},"48":{"id":10},"49":{"id":10},"50":{"id":10},"51":{"id":10},"52":{"id":10},"53":{"id":10},"54":{"id":10},"55":{"id":10},"56":{"id":10},"57":{"id":10}}}}},"1":{"frameSequences":{"0":{"frames":{"0":{"id":0}}}}},"2":{"frameSequences":{"0":{"frames":{"0":{"id":0}}}}},"3":{"frameSequences":{"0":{"frames":{"0":{"id":0}}}}}}}}}}