{"type":"furniture","name":"ads_malaco_gu","visualizationType":"furniture_static","logicType":"furniture_basic","spritesheet":"ads_malaco_gu_spritesheet.json","dimensions":{"x":1.0,"y":1.0,"z":1.0},"directions":[0,90],"assets":{"ads_malaco_gu_64_a_2_0":{"source":"ads_malaco_gu_64_a_0_0","x":18,"y":71,"flipH":true},"ads_malaco_gu_64_a_0_0":{"x":18,"y":71},"ads_malaco_gu_64_sd_0_0":{"x":15,"y":8},"ads_malaco_gu_64_sd_2_0":{"source":"ads_malaco_gu_64_sd_0_0","x":15,"y":8,"flipH":true},"ads_malaco_gu_icon_a":{"x":17,"y":11}},"visualization":{"layerCount":1,"angle":45,"layers":{"0":{"z":1.0}},"directions":{"0":{},"2":{}}}}