{"meta":{"app":"FFConverter ~ Joopie","format":"RGBA8888","image":"ads_malaco_gu.png","scale":"1.0","size":{"w":64,"h":128},"version":"1.0"},"frames":{"ads_malaco_gu_ads_malaco_gu_64_sd_0_0.png":{"frame":{"x":2,"y":2,"w":29,"h":17},"sourceSize":{"w":29,"h":17},"spriteSourceSize":{"x":0,"y":0,"w":29,"h":17},"rotated":false,"trimmed":false},"ads_malaco_gu_ads_malaco_gu_64_a_0_0.png":{"frame":{"x":2,"y":21,"w":35,"h":77},"sourceSize":{"w":35,"h":77},"spriteSourceSize":{"x":0,"y":0,"w":35,"h":77},"rotated":false,"trimmed":false},"ads_malaco_gu_ads_malaco_gu_icon_a.png":{"frame":{"x":39,"y":68,"w":15,"h":30},"sourceSize":{"w":15,"h":30},"spriteSourceSize":{"x":0,"y":0,"w":15,"h":30},"rotated":false,"trimmed":false}}}