{"type":"furniture","name":"ads_mall_coffeem","visualizationType":"furniture_animated","logicType":"furniture_multistate","spritesheet":"ads_mall_coffeem_spritesheet.json","dimensions":{"x":1.0,"y":1.0,"z":1.0},"directions":[90,180],"assets":{"ads_mall_coffeem_64_c_4_0":{"source":"ads_mall_coffeem_64_c_2_0","x":15,"y":105,"flipH":true},"ads_mall_coffeem_64_sd_2_0":{"x":26,"y":1},"ads_mall_coffeem_64_c_2_0":{"x":15,"y":105},"ads_mall_coffeem_64_sd_4_0":{"source":"ads_mall_coffeem_64_sd_2_0","x":26,"y":1,"flipH":true},"ads_mall_coffeem_64_b_4_0":{"source":"ads_mall_coffeem_64_b_2_0","x":25,"y":99,"flipH":true},"ads_mall_coffeem_64_a_4_0":{"source":"ads_mall_coffeem_32_a_2_0","x":-24,"y":49,"flipH":true},"ads_mall_coffeem_64_a_4_1":{"source":"ads_mall_coffeem_64_a_2_1","x":-2,"y":49,"flipH":true},"ads_mall_coffeem_64_a_2_0":{"source":"ads_mall_coffeem_32_a_2_0","x":-24,"y":49},"ads_mall_coffeem_64_a_2_1":{"x":-2,"y":49},"ads_mall_coffeem_64_b_2_0":{"x":25,"y":99},"ads_mall_coffeem_icon_a":{"x":7,"y":14}},"visualization":{"layerCount":3,"angle":45,"layers":{"0":{"z":2.0},"2":{"ink":"ADD"}},"directions":{"2":{},"4":{}},"animations":{"0":{"layers":{"0":{"frameSequences":{"0":{"frames":{"0":{"id":0}}}}},"1":{"frameSequences":{"0":{"frames":{"0":{"id":0}}}}},"2":{"frameSequences":{"0":{"frames":{"0":{"id":0}}}}}}},"1":{"layers":{"0":{"frameSequences":{"0":{"frames":{"0":{"id":1}}}}}}}}}}