{"meta":{"app":"FFConverter ~ Joopie","format":"RGBA8888","image":"ads_mall_coffeem.png","scale":"1.0","size":{"w":64,"h":256},"version":"1.0"},"frames":{"ads_mall_coffeem_ads_mall_coffeem_64_a_2_1.png":{"frame":{"x":2,"y":2,"w":20,"h":37},"sourceSize":{"w":20,"h":37},"spriteSourceSize":{"x":0,"y":0,"w":20,"h":37},"rotated":false,"trimmed":false},"ads_mall_coffeem_ads_mall_coffeem_64_sd_2_0.png":{"frame":{"x":2,"y":41,"w":53,"h":15},"sourceSize":{"w":53,"h":15},"spriteSourceSize":{"x":0,"y":0,"w":53,"h":15},"rotated":false,"trimmed":false},"ads_mall_coffeem_ads_mall_coffeem_32_a_2_0.png":{"frame":{"x":54,"y":241,"w":1,"h":1},"sourceSize":{"w":1,"h":1},"spriteSourceSize":{"x":0,"y":0,"w":1,"h":1},"rotated":false,"trimmed":false},"ads_mall_coffeem_ads_mall_coffeem_64_b_2_0.png":{"frame":{"x":2,"y":132,"w":50,"h":110},"sourceSize":{"w":50,"h":110},"spriteSourceSize":{"x":0,"y":0,"w":50,"h":110},"rotated":false,"trimmed":false},"ads_mall_coffeem_ads_mall_coffeem_icon_a.png":{"frame":{"x":24,"y":10,"w":14,"h":29},"sourceSize":{"w":14,"h":29},"spriteSourceSize":{"x":0,"y":0,"w":14,"h":29},"rotated":false,"trimmed":false},"ads_mall_coffeem_ads_mall_coffeem_64_c_2_0.png":{"frame":{"x":2,"y":58,"w":51,"h":72},"sourceSize":{"w":51,"h":72},"spriteSourceSize":{"x":0,"y":0,"w":51,"h":72},"rotated":false,"trimmed":false}}}