{"meta":{"app":"FFConverter ~ Joopie","format":"RGBA8888","image":"ads_nokia_x6.png","scale":"1.0","size":{"w":64,"h":128},"version":"1.0"},"frames":{"ads_nokia_x6_ads_nokia_x6_icon_a.png":{"frame":{"x":14,"y":21,"w":21,"h":30},"sourceSize":{"w":21,"h":30},"spriteSourceSize":{"x":0,"y":0,"w":21,"h":30},"rotated":false,"trimmed":false},"ads_nokia_x6_ads_nokia_x6_64_b_2_0.png":{"frame":{"x":2,"y":2,"w":10,"h":49},"sourceSize":{"w":10,"h":49},"spriteSourceSize":{"x":0,"y":0,"w":10,"h":49},"rotated":false,"trimmed":false},"ads_nokia_x6_ads_nokia_x6_64_a_2_0.png":{"frame":{"x":2,"y":53,"w":40,"h":64},"sourceSize":{"w":40,"h":64},"spriteSourceSize":{"x":0,"y":0,"w":40,"h":64},"rotated":false,"trimmed":false}}}