{"type":"furniture","name":"ads_nokia_x6","visualizationType":"furniture_static","logicType":"furniture_basic","spritesheet":"ads_nokia_x6_spritesheet.json","dimensions":{"x":1.25,"y":0.2,"z":1.375},"directions":[90,180],"assets":{"ads_nokia_x6_64_b_4_0":{"source":"ads_nokia_x6_64_b_2_0","x":19,"y":18,"flipH":true},"ads_nokia_x6_64_a_4_0":{"source":"ads_nokia_x6_64_a_2_0","x":20,"y":32,"flipH":true},"ads_nokia_x6_64_b_2_0":{"x":19,"y":18},"ads_nokia_x6_64_a_2_0":{"x":20,"y":32},"ads_nokia_x6_icon_a":{"x":10,"y":15}},"visualization":{"layerCount":2,"angle":45,"layers":{"0":{"z":-3000.0},"1":{"alpha":41,"z":-3000.0}},"directions":{"2":{},"4":{}}}}