{"meta":{"app":"FFConverter ~ Joopie","format":"RGBA8888","image":"ads_nokia_logo.png","scale":"1.0","size":{"w":1024,"h":128},"version":"1.0"},"frames":{"ads_nokia_logo_ads_nokia_logo_64_a_4_0.png":{"frame":{"x":679,"y":32,"w":165,"h":87},"sourceSize":{"w":165,"h":87},"spriteSourceSize":{"x":0,"y":0,"w":165,"h":87},"rotated":false,"trimmed":false},"ads_nokia_logo_ads_nokia_logo_64_b_4_0.png":{"frame":{"x":346,"y":10,"w":165,"h":109},"sourceSize":{"w":165,"h":109},"spriteSourceSize":{"x":0,"y":0,"w":165,"h":109},"rotated":false,"trimmed":false},"ads_nokia_logo_ads_nokia_logo_64_a_2_0.png":{"frame":{"x":846,"y":38,"w":164,"h":81},"sourceSize":{"w":164,"h":81},"spriteSourceSize":{"x":0,"y":0,"w":164,"h":81},"rotated":false,"trimmed":false},"ads_nokia_logo_ads_nokia_logo_64_b_2_0.png":{"frame":{"x":513,"y":18,"w":164,"h":101},"sourceSize":{"w":164,"h":101},"spriteSourceSize":{"x":0,"y":0,"w":164,"h":101},"rotated":false,"trimmed":false},"ads_nokia_logo_ads_nokia_logo_64_c_4_1.png":{"frame":{"x":2,"y":2,"w":170,"h":117},"sourceSize":{"w":170,"h":117},"spriteSourceSize":{"x":0,"y":0,"w":170,"h":117},"rotated":false,"trimmed":false},"ads_nokia_logo_ads_nokia_logo_icon_a.png":{"frame":{"x":679,"y":5,"w":23,"h":25},"sourceSize":{"w":23,"h":25},"spriteSourceSize":{"x":0,"y":0,"w":23,"h":25},"rotated":false,"trimmed":false},"ads_nokia_logo_ads_nokia_logo_64_c_2_1.png":{"frame":{"x":174,"y":10,"w":170,"h":109},"sourceSize":{"w":170,"h":109},"spriteSourceSize":{"x":0,"y":0,"w":170,"h":109},"rotated":false,"trimmed":false}}}