{"type":"furniture","name":"ads_nokia_logo","visualizationType":"furniture_animated","logicType":"furniture_multistate","spritesheet":"ads_nokia_logo_spritesheet.json","dimensions":{"x":0.3125,"y":0.2,"z":0.0938},"directions":[90,180],"assets":{"ads_nokia_logo_icon_a":{"x":11,"y":12},"ads_nokia_logo_64_a_4_0":{"x":82,"y":29},"ads_nokia_logo_64_b_2_0":{"x":82,"y":50},"ads_nokia_logo_64_a_2_0":{"x":82,"y":27},"ads_nokia_logo_64_b_4_0":{"x":82,"y":54},"ads_nokia_logo_64_c_4_1":{"x":85,"y":58},"ads_nokia_logo_64_c_2_1":{"x":84,"y":54}},"visualization":{"layerCount":3,"angle":45,"layers":{"0":{"alpha":41,"z":-3000.0},"1":{"z":-2990.0},"2":{"z":-2990.0,"ink":"ADD"}},"directions":{"2":{},"4":{}},"animations":{"0":{"layers":{"0":{"frameSequences":{"0":{"frames":{"0":{"id":0}}}}},"1":{"frameSequences":{"0":{"frames":{"0":{"id":0}}}}},"2":{"frameSequences":{"0":{"frames":{"0":{"id":0}}}}}}},"1":{"layers":{"2":{"frameSequences":{"0":{"frames":{"0":{"id":1}}}}}}}}}}