{"meta":{"app":"FFConverter ~ Joopie","format":"RGBA8888","image":"ads_disney_tv.png","scale":"1.0","size":{"w":256,"h":128},"version":"1.0"},"frames":{"ads_disney_tv_ads_disney_tv_64_d_0_0.png":{"frame":{"x":104,"y":55,"w":1,"h":1},"sourceSize":{"w":1,"h":1},"spriteSourceSize":{"x":0,"y":0,"w":1,"h":1},"rotated":false,"trimmed":false},"ads_disney_tv_ads_disney_tv_64_e_0_1.png":{"frame":{"x":70,"y":10,"w":32,"h":46},"sourceSize":{"w":32,"h":46},"spriteSourceSize":{"x":0,"y":0,"w":32,"h":46},"rotated":false,"trimmed":false},"ads_disney_tv_ads_disney_tv_64_d_0_1.png":{"frame":{"x":238,"y":73,"w":16,"h":38},"sourceSize":{"w":16,"h":38},"spriteSourceSize":{"x":0,"y":0,"w":16,"h":38},"rotated":false,"trimmed":false},"ads_disney_tv_ads_disney_tv_64_sd_0_0.png":{"frame":{"x":2,"y":58,"w":105,"h":53},"sourceSize":{"w":105,"h":53},"spriteSourceSize":{"x":0,"y":0,"w":105,"h":53},"rotated":false,"trimmed":false},"ads_disney_tv_ads_disney_tv_icon_a.png":{"frame":{"x":203,"y":2,"w":24,"h":30},"sourceSize":{"w":24,"h":30},"spriteSourceSize":{"x":0,"y":0,"w":24,"h":30},"rotated":false,"trimmed":false},"ads_disney_tv_ads_disney_tv_64_e_0_2.png":{"frame":{"x":2,"y":10,"w":32,"h":46},"sourceSize":{"w":32,"h":46},"spriteSourceSize":{"x":0,"y":0,"w":32,"h":46},"rotated":false,"trimmed":false},"ads_disney_tv_ads_disney_tv_64_e_0_3.png":{"frame":{"x":36,"y":10,"w":32,"h":46},"sourceSize":{"w":32,"h":46},"spriteSourceSize":{"x":0,"y":0,"w":32,"h":46},"rotated":false,"trimmed":false},"ads_disney_tv_ads_disney_tv_64_a_0_0.png":{"frame":{"x":160,"y":18,"w":41,"h":93},"sourceSize":{"w":41,"h":93},"spriteSourceSize":{"x":0,"y":0,"w":41,"h":93},"rotated":false,"trimmed":false},"ads_disney_tv_ads_disney_tv_64_b_0_0.png":{"frame":{"x":109,"y":30,"w":49,"h":81},"sourceSize":{"w":49,"h":81},"spriteSourceSize":{"x":0,"y":0,"w":49,"h":81},"rotated":false,"trimmed":false},"ads_disney_tv_ads_disney_tv_64_c_0_0.png":{"frame":{"x":203,"y":34,"w":33,"h":77},"sourceSize":{"w":33,"h":77},"spriteSourceSize":{"x":0,"y":0,"w":33,"h":77},"rotated":false,"trimmed":false},"ads_disney_tv_ads_disney_tv_64_f_0_1.png":{"frame":{"x":238,"y":40,"w":2,"h":31},"sourceSize":{"w":2,"h":31},"spriteSourceSize":{"x":0,"y":0,"w":2,"h":31},"rotated":false,"trimmed":false}}}