{"type":"furniture","name":"ads_disney_tv","visualizationType":"furniture_animated","logicType":"furniture_multistate","spritesheet":"ads_disney_tv_spritesheet.json","dimensions":{"x":1.0,"y":3.0,"z":1.0},"directions":[0,90],"assets":{"ads_disney_tv_64_e_0_0":{"source":"ads_disney_tv_64_d_0_0","x":67,"y":34},"ads_disney_tv_64_a_2_0":{"source":"ads_disney_tv_64_a_0_0","x":73,"y":52,"flipH":true},"ads_disney_tv_64_e_2_3":{"source":"ads_disney_tv_64_e_0_3","x":32,"y":53,"flipH":true},"ads_disney_tv_64_e_0_3":{"x":32,"y":53},"ads_disney_tv_64_e_2_1":{"source":"ads_disney_tv_64_e_0_1","x":32,"y":53,"flipH":true},"ads_disney_tv_64_e_2_2":{"source":"ads_disney_tv_64_e_0_2","x":32,"y":53,"flipH":true},"ads_disney_tv_64_a_0_0":{"x":73,"y":52},"ads_disney_tv_64_e_0_1":{"x":32,"y":53},"ads_disney_tv_64_e_0_2":{"x":32,"y":53},"ads_disney_tv_64_e_2_0":{"source":"ads_disney_tv_64_d_0_0","x":67,"y":34},"ads_disney_tv_64_b_0_0":{"x":49,"y":68},"ads_disney_tv_64_b_2_0":{"source":"ads_disney_tv_64_b_0_0","x":49,"y":68,"flipH":true},"ads_disney_tv_64_f_0_0":{"source":"ads_disney_tv_64_d_0_0","x":67,"y":34},"ads_disney_tv_64_f_0_1":{"x":0,"y":54},"ads_disney_tv_64_f_2_0":{"source":"ads_disney_tv_64_d_0_0","x":67,"y":34},"ads_disney_tv_64_f_2_1":{"source":"ads_disney_tv_64_f_0_1","x":0,"y":54,"flipH":true},"ads_disney_tv_icon_a":{"x":12,"y":15},"ads_disney_tv_64_c_2_0":{"source":"ads_disney_tv_64_c_0_0","x":17,"y":73,"flipH":true},"ads_disney_tv_64_c_0_0":{"x":17,"y":73},"ads_disney_tv_64_d_2_0":{"source":"ads_disney_tv_64_d_0_0","x":67,"y":34},"ads_disney_tv_64_d_2_1":{"source":"ads_disney_tv_64_d_0_1","x":48,"y":37,"flipH":true},"ads_disney_tv_64_sd_0_0":{"x":83,"y":10},"ads_disney_tv_64_sd_2_0":{"source":"ads_disney_tv_64_sd_0_0","x":83,"y":10,"flipH":true},"ads_disney_tv_64_d_0_0":{"x":67,"y":34},"ads_disney_tv_64_d_0_1":{"x":48,"y":37}},"visualization":{"layerCount":6,"angle":45,"layers":{"0":{"z":2000.0},"1":{"z":1000.0},"2":{"z":1.0},"3":{"z":2000.0},"4":{"z":1000.0},"5":{"z":1.0}},"directions":{"0":{},"2":{}},"animations":{"0":{"layers":{"0":{"frameSequences":{"0":{"frames":{"0":{"id":0}}}}},"1":{"frameSequences":{"0":{"frames":{"0":{"id":0}}}}},"2":{"frameSequences":{"0":{"frames":{"0":{"id":0}}}}},"3":{"frameSequences":{"0":{"frames":{"0":{"id":0}}}}},"4":{"frameSequences":{"0":{"frames":{"0":{"id":0}}}}},"5":{"frameSequences":{"0":{"frames":{"0":{"id":0}}}}}}},"1":{"layers":{"3":{"loopCount":0,"frameRepeat":3,"frameSequences":{"0":{"frames":{"0":{"id":1},"1":{"id":1},"2":{"id":1},"3":{"id":1},"4":{"id":1},"5":{"id":1},"6":{"id":1},"7":{"id":1},"8":{"id":1},"9":{"id":1},"10":{"id":1},"11":{"id":1},"12":{"id":1},"13":{"id":1},"14":{"id":1},"15":{"id":1},"16":{"id":1},"17":{"id":1},"18":{"id":1},"19":{"id":1},"20":{"id":1}}}}},"4":{"loopCount":0,"frameRepeat":3,"frameSequences":{"0":{"frames":{"0":{"id":1},"1":{"id":2},"2":{"id":1},"3":{"id":2},"4":{"id":1},"5":{"id":2},"6":{"id":3},"7":{"id":2},"8":{"id":3},"9":{"id":1},"10":{"id":3},"11":{"id":1},"12":{"id":3},"13":{"id":2},"14":{"id":1},"15":{"id":2},"16":{"id":1},"17":{"id":2},"18":{"id":1},"19":{"id":2},"20":{"id":3}}}}},"5":{"loopCount":0,"frameRepeat":3,"frameSequences":{"0":{"frames":{"0":{"id":1},"1":{"id":1},"2":{"id":1},"3":{"id":1},"4":{"id":1},"5":{"id":1},"6":{"id":1},"7":{"id":1},"8":{"id":1},"9":{"id":1},"10":{"id":1},"11":{"id":1},"12":{"id":1},"13":{"id":1},"14":{"id":1},"15":{"id":1},"16":{"id":1},"17":{"id":1},"18":{"id":1},"19":{"id":1},"20":{"id":1}}}}}}}}}}