{"meta":{"app":"FFConverter ~ Joopie","format":"RGBA8888","image":"ads_ontour.png","scale":"1.0","size":{"w":256,"h":256},"version":"1.0"},"frames":{"ads_ontour_ads_ontour_64_b_2_1.png":{"frame":{"x":116,"y":146,"w":32,"h":107},"sourceSize":{"w":32,"h":107},"spriteSourceSize":{"x":0,"y":0,"w":32,"h":107},"rotated":false,"trimmed":false},"ads_ontour_ads_ontour_64_c_2_1.png":{"frame":{"x":2,"y":33,"w":55,"h":109},"sourceSize":{"w":55,"h":109},"spriteSourceSize":{"x":0,"y":0,"w":55,"h":109},"rotated":false,"trimmed":false},"ads_ontour_ads_ontour_64_b_0_1.png":{"frame":{"x":150,"y":37,"w":32,"h":107},"sourceSize":{"w":32,"h":107},"spriteSourceSize":{"x":0,"y":0,"w":32,"h":107},"rotated":false,"trimmed":false},"ads_ontour_ads_ontour_64_a_0_1.png":{"frame":{"x":184,"y":73,"w":15,"h":89},"sourceSize":{"w":15,"h":89},"spriteSourceSize":{"x":0,"y":0,"w":15,"h":89},"rotated":false,"trimmed":false},"ads_ontour_ads_ontour_64_a_2_0.png":{"frame":{"x":201,"y":166,"w":15,"h":87},"sourceSize":{"w":15,"h":87},"spriteSourceSize":{"x":0,"y":0,"w":15,"h":87},"rotated":false,"trimmed":false},"ads_ontour_ads_ontour_64_c_0_0.png":{"frame":{"x":59,"y":33,"w":55,"h":109},"sourceSize":{"w":55,"h":109},"spriteSourceSize":{"x":0,"y":0,"w":55,"h":109},"rotated":false,"trimmed":false},"ads_ontour_ads_ontour_64_b_2_0.png":{"frame":{"x":116,"y":37,"w":32,"h":107},"sourceSize":{"w":32,"h":107},"spriteSourceSize":{"x":0,"y":0,"w":32,"h":107},"rotated":false,"trimmed":false},"ads_ontour_ads_ontour_64_b_0_0.png":{"frame":{"x":150,"y":146,"w":32,"h":107},"sourceSize":{"w":32,"h":107},"spriteSourceSize":{"x":0,"y":0,"w":32,"h":107},"rotated":false,"trimmed":false},"ads_ontour_ads_ontour_64_c_2_0.png":{"frame":{"x":2,"y":144,"w":55,"h":109},"sourceSize":{"w":55,"h":109},"spriteSourceSize":{"x":0,"y":0,"w":55,"h":109},"rotated":false,"trimmed":false},"ads_ontour_ads_ontour_64_a_0_0.png":{"frame":{"x":201,"y":77,"w":15,"h":87},"sourceSize":{"w":15,"h":87},"spriteSourceSize":{"x":0,"y":0,"w":15,"h":87},"rotated":false,"trimmed":false},"ads_ontour_ads_ontour_64_c_0_1.png":{"frame":{"x":59,"y":144,"w":55,"h":109},"sourceSize":{"w":55,"h":109},"spriteSourceSize":{"x":0,"y":0,"w":55,"h":109},"rotated":false,"trimmed":false},"ads_ontour_ads_ontour_icon_a.png":{"frame":{"x":218,"y":224,"w":26,"h":29},"sourceSize":{"w":26,"h":29},"spriteSourceSize":{"x":0,"y":0,"w":26,"h":29},"rotated":false,"trimmed":false},"ads_ontour_ads_ontour_64_sd_0_0.png":{"frame":{"x":116,"y":6,"w":95,"h":29},"sourceSize":{"w":95,"h":29},"spriteSourceSize":{"x":0,"y":0,"w":95,"h":29},"rotated":false,"trimmed":false},"ads_ontour_ads_ontour_64_sd_2_1.png":{"frame":{"x":2,"y":2,"w":99,"h":29},"sourceSize":{"w":99,"h":29},"spriteSourceSize":{"x":0,"y":0,"w":99,"h":29},"rotated":false,"trimmed":false},"ads_ontour_ads_ontour_64_a_2_1.png":{"frame":{"x":184,"y":164,"w":15,"h":89},"sourceSize":{"w":15,"h":89},"spriteSourceSize":{"x":0,"y":0,"w":15,"h":89},"rotated":false,"trimmed":false}}}