{"type":"furniture","name":"ads_ontour","visualizationType":"furniture_animated","logicType":"furniture_multistate","spritesheet":"ads_ontour_spritesheet.json","dimensions":{"x":3.0,"y":1.0,"z":1.0},"directions":[0,90],"assets":{"ads_ontour_64_sd_0_0":{"x":12,"y":-6},"ads_ontour_64_sd_2_0":{"source":"ads_ontour_64_sd_0_0","x":12,"y":-6,"flipH":true},"ads_ontour_64_a_0_0":{"x":15,"y":73},"ads_ontour_64_a_2_1":{"x":0,"y":73},"ads_ontour_64_a_0_1":{"x":15,"y":73},"ads_ontour_64_c_2_1":{"x":87,"y":72},"ads_ontour_64_a_2_0":{"x":0,"y":73},"ads_ontour_64_c_0_1":{"x":-32,"y":72},"ads_ontour_icon_a":{"x":12,"y":14},"ads_ontour_64_c_2_0":{"x":87,"y":72},"ads_ontour_64_c_0_0":{"x":-32,"y":72},"ads_ontour_64_b_0_0":{"x":0,"y":76},"ads_ontour_64_b_0_1":{"x":0,"y":76},"ads_ontour_64_b_2_0":{"x":32,"y":76},"ads_ontour_64_b_2_1":{"x":32,"y":76}},"visualization":{"layerCount":3,"angle":45,"layers":{"0":{},"1":{"z":1000.0},"2":{"z":2000.0}},"directions":{"0":{},"2":{}},"animations":{"0":{"layers":{}},"1":{"layers":{"0":{"loopCount":0,"frameRepeat":3,"frameSequences":{"0":{"frames":{"0":{"id":1},"1":{"id":0},"2":{"id":1},"3":{"id":0},"4":{"id":0},"5":{"id":1},"6":{"id":1},"7":{"id":0},"8":{"id":1},"9":{"id":0},"10":{"id":1},"11":{"id":1},"12":{"id":0},"13":{"id":1},"14":{"id":0},"15":{"id":0}}},"1":{"frames":{"0":{"id":1},"1":{"id":1},"2":{"id":0},"3":{"id":0},"4":{"id":1},"5":{"id":1},"6":{"id":0},"7":{"id":0}}},"2":{"frames":{"0":{"id":0},"1":{"id":1},"2":{"id":0},"3":{"id":0},"4":{"id":1},"5":{"id":0},"6":{"id":0},"7":{"id":1},"8":{"id":1},"9":{"id":0},"10":{"id":1}}}}},"1":{"loopCount":0,"frameRepeat":3,"frameSequences":{"0":{"frames":{"0":{"id":1},"1":{"id":0},"2":{"id":1},"3":{"id":0},"4":{"id":0},"5":{"id":1},"6":{"id":1},"7":{"id":0},"8":{"id":1},"9":{"id":0},"10":{"id":1},"11":{"id":1},"12":{"id":0},"13":{"id":1},"14":{"id":0},"15":{"id":0}}},"1":{"frames":{"0":{"id":1},"1":{"id":1},"2":{"id":0},"3":{"id":0},"4":{"id":1},"5":{"id":1},"6":{"id":0},"7":{"id":0}}},"2":{"frames":{"0":{"id":0},"1":{"id":1},"2":{"id":0},"3":{"id":0},"4":{"id":1},"5":{"id":0},"6":{"id":0},"7":{"id":1},"8":{"id":1},"9":{"id":0},"10":{"id":1}}}}},"2":{"loopCount":0,"frameRepeat":3,"frameSequences":{"0":{"frames":{"0":{"id":1},"1":{"id":0},"2":{"id":1},"3":{"id":0},"4":{"id":0},"5":{"id":1},"6":{"id":1},"7":{"id":0},"8":{"id":1},"9":{"id":0},"10":{"id":1},"11":{"id":1},"12":{"id":0},"13":{"id":1},"14":{"id":0},"15":{"id":0}}},"1":{"frames":{"0":{"id":1},"1":{"id":1},"2":{"id":0},"3":{"id":0},"4":{"id":1},"5":{"id":1},"6":{"id":0},"7":{"id":0}}},"2":{"frames":{"0":{"id":0},"1":{"id":1},"2":{"id":0},"3":{"id":0},"4":{"id":1},"5":{"id":0},"6":{"id":0},"7":{"id":1},"8":{"id":1},"9":{"id":0},"10":{"id":1}}}}}}}}}}